포맷ID,포맷명,한줄정의,훅유형,구조(비트 단위로 초 배분까지),길이대,편집장치,촬영,자막스타일,제작난이도(상·중·하),필요장비,대표영상URL 3개,대표배수중앙값,국내약사사용계정수,국내약사사용영상수,국내최초사용일,국내최근사용일,소진도,인접버티컬사용,해외사용,이식가능성(상·중·하),이식근거,각색안,어떤주제와붙나,배정적합인물,우리사용이력,재사용가능일,상태,사람검토,사람메모
FMT-ITEM-ALTERNATIVE-001,유명 제품→대체 제품 6선,익숙한 제품을 같은 증상 대체품과 짝지어 비교,질문형,0-2초 질문→2-18초 6쌍 비교→18-22초 저장 CTA,20-30초,제품명 X→Y 자막·번호·화살표,화면 자료 중심 릴스,대비 색상·큰 제품명,중,스마트폰·제품 이미지,https://www.instagram.com/oyakstory/reel/DbVMg0nvMtU/;https://www.instagram.com/eunha__yak/reel/C7RB_JTvmgE/,,2,2,2024-05-22,2026-08-04,여유 있음,생활용품 비교,미조사,상,제품명과 대체품 관계가 명확해 정보 전달과 저장 CTA로 이식 가능,김주성: 영양제·성분 비교; 오약: 약국템; 선영: 피부·건강템,약국템 대체·피부 약국템,김주성·오약·선영,미사용,,후보,,
FMT-CARB-PRIORITY-001,뜻밖의 음식→4단계 탄수화물 체크,건강해 보이는 여름 음식의 탄수화물 부담을 비유와 실천 순서로 압축,경고형,0-2초 뜻밖의 음식 경고→2-10초 4개 음식 제시→10-20초 탄수화물 설명→20-28초 4단계 실천→저장 CTA,20-30초,각설탕 비유·번호 목록·체크리스트,화면 자료 중심 릴스,큰 경고 문구·음식명·실천 체크,중,스마트폰·음식 이미지,https://www.instagram.com/o2yaksa/reel/Dbk8KBVJyCA/,2.25,1,1,2026-08-04,2026-08-04,무주공산,다이어트·식단,미조사,상,"익숙한 여름 음식과 각설탕 비유를 연결하고, 탄수화물 확인·섭취 순서·식후 걷기까지 행동으로 끝냄",김주성: 혈당·대사; 오약: 약국 식단; 선영: 피부·건강 루틴,여름 음식·혈당·식후 루틴,김주성·오약·선영,미사용,,후보,,대표배수중앙값 보정(2026-08-06): 대표영상URL 1개와 canonical contents.csv 배수 2.25에서 중앙값 2.25 산출
FMT-INGREDIENT-3CHECK-001,제품 선택 함량→근거→기간 3단계,제품 효과를 판단하기 전에 실제 함량·원료 근거·관찰 기간을 순서대로 확인,질문형,0-2초 효과 체감 질문→2-10초 실제 함량 확인→10-18초 원료 근거 확인→18-25초 관찰 기간→저장 CTA,20-30초,3단계 번호 자막·성분 키워드·체크 표시,화면 자료 중심 릴스,질문형 첫 문장·3단계 숫자·핵심어 강조,중,스마트폰·제품 라벨 이미지,https://www.instagram.com/o2yaksa/reel/Dbf5N-aJT8k/,0.89,1,1,2026-08-04,2026-08-04,무주공산,건강기능식품·피부,미조사,상,제품명을 바로 추천하지 않고 함량·근거·기간이라는 판단 순서를 제시해 정보형 콘텐츠로 이식 가능,김주성: 영양제 성분; 오약: 제품 라벨; 선영: 피부 성분,콜라겐·영양제·성분 비교,김주성·오약·선영,미사용,,후보,,대표배수중앙값 보정(2026-08-06): 대표영상URL 1개와 canonical contents.csv 배수 0.89에서 중앙값 0.89 산출
FMT-AGE-STAGE-GUIDE-001,연령별 기준표→필수·선택 가이드,연령 구간을 기준으로 수면·영양제 선택을 표처럼 압축,질문형,0-2초 부모 고민→2-8초 연령 구간→8-20초 수면·성분 기준→20-28초 필수·선택 구분→상담 CTA,20-30초,연령 구간·필수/선택 대비·표 자막,화면 자료 중심 릴스,나이 숫자 강조·색상 구분,중,스마트폰·표 이미지,https://www.instagram.com/eunha__yak/reel/DbkpReKMuCV/;https://www.instagram.com/eunha__yak/reel/DbVUOJ2M37H/,5.8,1,2,2026-08-04,2026-08-04,무주공산,육아·교육,미조사,상,부모가 묻는 나이·수면·성분 질문을 연령 기준표와 필수·선택 구분으로 재사용 가능,김주성: 성장기 영양; 오약: 연령별 영양제; 선영: 가족 건강,아이 수면·아이 영양제·성장기 건강,김주성·오약·선영,미사용,,후보,,"대표배수중앙값 보정(2026-08-06): 대표영상URL 2개와 canonical contents.csv 배수 10.84, 0.77에서 중앙값 5.8 산출"
FMT-THREE-STEPS-TAKE-WASH-APPLY-001,먹는 것→씻는 것→바르는 것 3단계,피부 고민을 섭취·세안·보습 세 단계로 나눠 행동 순서를 제시,단계형,0-2초 피부 고민→2-8초 먹는 것→8-15초 씻는 것→15-22초 바르는 것→CTA,20-30초,3단계 숫자·성분 자막·금지 표시,화면 자료 중심 릴스,단계별 색상·행동 체크,중,스마트폰·성분 이미지,https://www.instagram.com/on.yaksa/reel/DbUlNd3JArt/,,2,2,2026-08-04,2026-08-04,여유 있음,피부·청소년건강,미조사,상,복잡한 피부 고민을 먹는 것·씻는 것·바르는 것으로 나눠 짧은 행동 순서로 전달,선영: 피부 루틴; 김주성: 영양 성분; 오약: 약국 피부템,청소년 여드름·피부 장벽·보습,김주성·오약·선영,미사용,,후보,,국내 약사 사용 수 보정(2026-08-06): canonical contents.csv 포맷ID 연결 기준 2계정·2영상 확정(기존 1계정·1영상); 소진도 정합성 보정(2026-08-06): 국내약사사용계정수 2건 기준으로 무주공산에서 여유 있음로 정리
FMT-GLP1-FIVE-ESSENTIALS-001,약물 사용 중 필수 관리 5가지,약물 사용 상황에서 영양·운동·부작용 관리 요소를 5개로 압축,목록형,0-3초 약물 사용 상황→3-20초 5가지 항목→20-28초 저장 CTA,20-30초,5개 번호·성분 이모지·저장 표시,화면 자료 중심 릴스,큰 숫자·영양 요소 대비,중,스마트폰·성분 이미지,https://www.instagram.com/on.yaksa/reel/DbCXdVZvtB6/,,1,1,2026-08-04,2026-08-04,무주공산,다이어트·대사,미조사,상,약물 사용자의 상황을 먼저 제시하고 근육·영양 관리 요소를 5개로 저장 가능하게 정리,김주성: GLP1 영양; 오약: 성분 체크; 선영: 체중·피부 관리,GLP1·단백질·근손실·영양 관리,김주성·오약·선영,미사용,,후보,,
FMT-EVIDENCE-NUMBER-CTA-001,근거 수치→복약 간격 행동,임상시험 수치나 복약 간격을 한 장면에 제시하고 즉시 행동으로 연결,근거형,0-3초 상황 질문→3-12초 근거 수치→12-22초 간격·행동 기준→저장 CTA,20-30초,수치 강조·시간 화살표·주의 자막,화면 자료 중심 릴스,숫자·시간 대비·주의 표시,중,스마트폰·논문 수치 이미지,https://www.instagram.com/joy_pharm1212/reel/DaEa-5EPIED/,,1,1,2026-08-04,2026-08-04,무주공산,약물안전·육아건강,미조사,상,복약 상황과 임상시험 수치를 연결해 기억할 간격 행동으로 끝냄,김주성: 영양 근거; 오약: 복약 체크; 선영: 육아 건강,항생제·유산균·복약 간격,김주성·오약·선영,미사용,,후보,,
FMT-SYMPTOM-3NUTRIENTS-001,반복 증상→성분 3가지,반복되는 증상이나 상황을 대표 영양 성분 3개로 압축,질문형,0-2초 증상 질문→2-15초 성분 3개→15-22초 생활 습관→저장·상담 CTA,20-30초,성분 이모지·체크 목록·저장 표시,화면 자료 중심 릴스,증상 키워드·성분명 크게 표시,하,스마트폰·성분 이미지,https://www.instagram.com/joy_pharm1212/reel/DY5x7zvvdn2/,,2,2,2026-08-04,2026-08-04,여유 있음,여성건강·영양제,미조사,상,생리통이라는 반복 증상을 성분 3개로 단순화해 저장과 상담 행동으로 연결,선영: 여성건강; 김주성: 영양 성분; 오약: 복약 상담,생리통·여성건강·미네랄,김주성·오약·선영,미사용,,후보,,국내 약사 사용 수 보정(2026-08-06): canonical contents.csv 포맷ID 연결 기준 2계정·2영상 확정(기존 1계정·1영상); 소진도 정합성 보정(2026-08-06): 국내약사사용계정수 2건 기준으로 무주공산에서 여유 있음로 정리
FMT-SITUATION-TOP5-001,상황별 영양제 TOP5,아이의 생활 상황을 다섯 가지 사례로 나눠 성분 선택 기준을 제시,목록형,0-2초 질문→2-18초 상황 5개→18-25초 우선순위→저장 CTA,20-30초,TOP5 번호·상황별 자막·핵심 문장 강조,화면 자료 중심 릴스,상황 키워드·성분명 대비,하,스마트폰·성분 이미지,https://www.instagram.com/oneul_pharmacy/reel/DbOB-dYJcjF/,0.34,6,8,2026-08-04,2026-08-04,소진,육아·건강교육,미조사,상,부모가 익숙한 생활 상황을 TOP5로 묶어 성분 선택 기준과 저장 행동으로 연결,선영: 아이 건강; 김주성: 성분 비교; 오약: 약국템,아이 비타민·성장·면역,김주성·오약·선영,미사용,,후보,,국내 약사 사용 수 보정(2026-08-06): canonical contents.csv 포맷ID 연결 기준 6계정·8영상 확정(기존 1계정·1영상) | 대표배수중앙값 보정(2026-08-06): 대표영상URL 1개와 canonical contents.csv 배수 0.34에서 중앙값 0.34 산출; 소진도 정합성 보정(2026-08-06): 국내약사사용계정수 6건 기준으로 무주공산에서 소진로 정리
FMT-MED-MISTAKES-001,약국 실수 9가지 정답 목록,약국에서 반복되는 복약·보관 실수를 상황별 정답으로 압축,목록형,0-2초 실수 경고→2-22초 9개 실수·정답→22-28초 저장 CTA,20-30초,번호 목록·체크 표시·경고 문구,화면 자료 중심 릴스,실수 문구와 정답 대비,하,스마트폰·약품 이미지,https://www.instagram.com/gangnam_kimyaksa/reel/DbLF0Ttv03N/,0.72,4,4,2026-08-04,2026-08-04,소진,복약상담·약물안전,미조사,상,실제 약국 질문을 9개로 압축하고 각 항목에 바로 고칠 행동을 붙여 저장·공유에 적합,김주성: 복약안전; 오약: 약국 질문; 선영: 생활 건강,약 복용·보관·사용법·약물안전,김주성·오약·선영,미사용,,후보,,국내 약사 사용 수 보정(2026-08-06): canonical contents.csv 포맷ID 연결 기준 4계정·4영상 확정(기존 1계정·1영상) | 대표배수중앙값 보정(2026-08-06): 대표영상URL 1개와 canonical contents.csv 배수 0.72에서 중앙값 0.72 산출; 소진도 정합성 보정(2026-08-06): 국내약사사용계정수 4건 기준으로 무주공산에서 소진로 정리
FMT-SYMPTOM-PHARMACY-3STEP-001,증상→약국 선택지 3단계,생활 증상에서 약국 선택지와 진료 필요 신호까지 3단계로 안내,질문형,0-2초 잘못된 대처 질문→2-18초 증상별 선택지 3개→18-28초 생활 관리·진료 신호→저장 CTA,30-45초,질문 자막·3단계 번호·위험 신호 강조,화면 자료 중심 릴스,증상과 선택지 대비·주의 문구,하,스마트폰·약품 이미지,https://www.instagram.com/ej_yaksa/reel/DbkuslGTffo/;https://www.instagram.com/ej_yaksa/reel/DbVcEs9z-2I/,0.93,2,3,2026-08-04,2026-08-04,여유 있음,육아·피부·약물안전,미조사,상,잘못된 민간요법이나 선사용을 끊고 증상별 선택지와 위험 신호를 연결해 교육성과 저장성이 높음,김주성: 약물안전; 오약: 약국 상담; 선영: 육아·피부 건강,모기 물림·아기 땀띠·여름 피부 증상,김주성·오약·선영,미사용,,후보,,"국내 약사 사용 수 보정(2026-08-06): canonical contents.csv 포맷ID 연결 기준 2계정·3영상 확정(기존 1계정·2영상) | 대표배수중앙값 보정(2026-08-06): 대표영상URL 2개와 canonical contents.csv 배수 0.71, 1.16에서 중앙값 0.93 산출; 소진도 정합성 보정(2026-08-06): 국내약사사용계정수 2건 기준으로 무주공산에서 여유 있음로 정리"
FMT-PRODUCT-LABEL-RANKING-001,협찬 표기 성분표 랭킹,광고 표기를 밝힌 뒤 제품 성분표를 비교하고 순위를 매김,랭킹형,0-2초 협찬·광고 표기→2-18초 성분표 비교→18-25초 순위·구매 CTA,20-30초,순위 번호·성분명 강조·광고 표기,화면 자료 중심 릴스,성분표 대비·1위 강조,중,스마트폰·제품 패키지·성분표,https://www.instagram.com/yak.golnam/reel/DZZQhMXPvb3/;https://www.instagram.com/yak.golnam/reel/DZXZtUOv34_/,0.6,3,7,2026-08-04,2026-08-04,소진,식품·남성건강 광고,미조사,검토,광고 표기와 성분표 비교를 분리해 인지 부담을 낮추는 광고형 구조,김주성: 성분 비교; 오약: 약국 제품; 선영: 건강 소비자 교육,제품 비교·광고 판별·성분표 읽기,김주성·오약·선영,미사용,,후보,,"국내 약사 사용 수 보정(2026-08-06): canonical contents.csv 포맷ID 연결 기준 3계정·7영상 확정(기존 1계정·2영상) | 대표배수중앙값 보정(2026-08-06): 대표영상URL 2개와 canonical contents.csv 배수 1.02, 0.19에서 중앙값 0.6 산출; 소진도 정합성 보정(2026-08-06): 국내약사사용계정수 3건 기준으로 무주공산에서 소진로 정리"
FMT-SUPPLEMENTS-TOP3-001,필수 영양제 TOP3 우선순위,영양제 목록을 필요 순서 3개로 압축하고 섭취 상담 CTA로 연결,목록형,0-2초 돈 절약 질문→2-18초 필수 성분 3개→18-25초 용량·방법 CTA,20-30초,TOP3 번호·성분명 강조·광고 아님 배지,화면 자료 중심 릴스,성분명 대비·우선순위 숫자,하,스마트폰·성분 이미지,https://www.instagram.com/hisutamine/reel/DbNyslZPO3J/,1.57,2,2,2026-08-04,2026-08-04,여유 있음,직장인 건강·영양제,미조사,상,광고 배제 문구와 3개 우선순위를 결합해 정보 선택 부담을 낮춤,김주성: 영양 성분; 오약: 약국 상담; 선영: 직장인 건강,기본 영양제·복용 순서·상담 CTA,김주성·오약·선영,미사용,,후보,,국내 약사 사용 수 보정(2026-08-06): canonical contents.csv 포맷ID 연결 기준 2계정·2영상 확정(기존 1계정·1영상) | 대표배수중앙값 보정(2026-08-06): 대표영상URL 1개와 canonical contents.csv 배수 1.57에서 중앙값 1.57 산출; 소진도 정합성 보정(2026-08-06): 국내약사사용계정수 2건 기준으로 무주공산에서 여유 있음로 정리
FMT-PRODUCT-SCORECARD-001,제품 성분표 4항목 점수표,제품을 함량·성분·가격·맛 4개 기준으로 점수화해 총점과 대안을 제시,점수형,0-2초 제품 선택 질문→2-35초 4항목 점수→35-50초 총점·대안→저장 CTA,45-60초,항목별 점수·영양 수치·장단점 대비,화면 자료 중심 릴스,점수 숫자·영양 수치·장단점 색상 대비,중,스마트폰·제품 패키지·성분표,https://www.instagram.com/hisutamine/reel/Da_sX41Ppuc/,,2,2,2026-08-04,2026-08-04,여유 있음,식품·다이어트·제품비교,미조사,상,수치와 점수를 함께 보여줘 구매 전 비교와 저장을 유도함,김주성: 성분 비교; 오약: 제품 상담; 선영: 다이어트 식단,단백질 쉐이크·라벨 해부·대체품 비교,김주성·오약·선영,미사용,,후보,,국내 약사 사용 수 보정(2026-08-06): canonical contents.csv 포맷ID 연결 기준 2계정·2영상 확정(기존 1계정·1영상); 소진도 정합성 보정(2026-08-06): 국내약사사용계정수 2건 기준으로 무주공산에서 여유 있음로 정리
FMT-GROUPBUY-DEADLINE-001,공동구매 마감 임박형,마감 시점을 먼저 제시한 뒤 제품 정보와 참여 행동을 연결,마감형,0-2초 마감 임박 훅→2-20초 제품 핵심→20-35초 혜택·주의→마감 CTA,20-35초,마감 자막·제품 패키지·기간 배지,제품 화면 중심 캐러셀,마감 시각·가격·공구 배지 대비,하,스마트폰·제품 패키지,https://www.instagram.com/yakstory119/p/DbnhRjhE-WW/,,1,1,2026-08-04,2026-08-04,무주공산,영양제·제품비교,미조사,상,공동구매 마감 시점을 먼저 제시해 구매 행동을 빠르게 유도함,김주성: 성분 근거; 오약: 구매 상담; 선영: 생활 건강 제품,공동구매·마감 임박·제품 핵심 수치,김주성·오약·선영,미사용,,후보,,
FMT-LONGTERM-NUTRIENT-WARNING-001,장기복용 영양제 경고 목록형,오래 먹을 때 주의할 영양제와 돈 낭비 가능성을 두 목록으로 나눠 설명,경고형,0-3초 장기복용 경고→3-25초 독성 주의 목록→25-40초 효용 점검 목록→저장 CTA,30-45초,금지 표시·번호 목록·독성 대비,화면 자료 중심 릴스,번호·경고 아이콘·성분명 강조,하,스마트폰·성분 카드,https://www.instagram.com/yakstory119/reel/Dbhd2X_T553/,1.96,1,1,2026-08-02,2026-08-02,무주공산,영양제·약물안전,미조사,상,위험과 불필요한 장기복용을 분리해 점검 행동을 유도함,김주성: 복용 안전; 오약: 약국 상담; 선영: 다이어트 보충제 점검,영양제 장기복용·가르시니아·비타민B6·나이아신·홍국,김주성·오약·선영,미사용,,후보,,대표배수중앙값 보정(2026-08-06): 대표영상URL 1개와 canonical contents.csv 배수 1.96에서 중앙값 1.96 산출
FMT-COMPOSITION-MECHANISM-001,간영양제 기전·제품 구성형,기능별 기전을 네 가지로 나눈 뒤 대표 제품 조합을 제시,기전형,0-3초 간 피로 질문→3-20초 네 가지 기전→20-40초 제품 세 가지 비교→상담 CTA,30-45초,기전 번호·제품 카드·성분 연결선,화면 자료 중심 릴스,기전과 제품명을 같은 화면에 배치,중,스마트폰·제품 패키지·성분 카드,https://www.instagram.com/yakstory119/reel/DbZvtDUTK5H/,1.83,1,1,2026-07-30,2026-07-30,무주공산,영양제·약물안전·제품비교,미조사,상,기전 설명과 제품 구성을 연결해 약사 전문성을 드러냄,김주성: 성분 근거; 오약: 복용 상담; 선영: 음주 후 건강 관리,간영양제·밀크씨슬·글루타치온·TUDCA·커큐민,김주성·오약·선영,미사용,,후보,,대표배수중앙값 보정(2026-08-06): 대표영상URL 1개와 canonical contents.csv 배수 1.83에서 중앙값 1.83 산출
FMT-MECHANISM-5STEP-001,성분 작용 5단계 설명형,하나의 성분이 몸에서 작용하는 경로를 다섯 단계로 분해,메커니즘형,0-3초 성분 효능 질문→3-30초 작용 단계 1-5→30-45초 복용 대상·주의→저장 CTA,30-45초,단계 번호·화살표·장기 카드,화면 자료 중심 캐러셀,작용 경로 화살표와 핵심 성분을 반복 노출,중,스마트폰·기전 도식·성분 카드,https://www.instagram.com/yakstory119/p/DbST1XmEznT/,,1,1,2026-07-28,2026-07-28,무주공산,영양제·대사,미조사,상,복잡한 작용 기전을 단계별로 분해해 이해와 저장을 돕는다,김주성: 대사 근거; 오약: 복용 대상; 선영: 체중 관리 주제,베르베린·혈당·인슐린 민감도·콜레스테롤·혈압,김주성·오약·선영,미사용,,후보,,
FMT-MEDICINE-QUIZ-001,상비약 7문항 퀴즈형,일반약과 복용 주의사항을 퀴즈로 풀게 해 성분 중복과 복용 간격을 기억하게 함,퀴즈형,0-2초 퀴즈 질문→2-30초 문항 1-7→30-45초 정답·주의→저장 CTA,30-45초,문항 번호·정답 공개·오답 경고,화면 자료 중심 릴스,문제·정답 대비,하,스마트폰·약품 카드,https://www.instagram.com/little_yaksa/reel/DbnHipfyF7W/,,1,1,2026-08-04,2026-08-04,무주공산,약물안전·생활건강,미조사,상,문항별 복약 포인트를 짧게 설명해 저장과 재확인을 유도함,김주성: 복약 안전; 오약: 일반약 상담; 선영: 가정 상비약,상비약·일반약·아세트아미노펜·복용 간격,김주성·오약·선영,미사용,,후보,,
FMT-NUTRITION-RANKING-001,영양성분 단위당 순위형,같은 열량 또는 단위에서 영양성분을 비교해 선택 순위를 제시,랭킹형,0-2초 선택 질문→2-30초 1-11위 비교→30-40초 선택 팁→저장 CTA,30-45초,순위 번호·수치 카드·선택 팁,화면 자료 중심 릴스,수치·순위 강조,중,스마트폰·영양표 카드,https://www.instagram.com/little_yaksa/reel/DbkgnVNS6bg/,,1,1,2026-08-03,2026-08-03,무주공산,식단·다이어트·제품비교,미조사,상,열량당 영양성분을 순위화해 주문 전 선택과 저장을 유도함,김주성: 영양성분 비교; 오약: 식단 상담; 선영: 다이어트 식단,치킨·단백질·열량·가공식품·다이어트,김주성·오약·선영,미사용,,후보,,
FMT-NUTRIENT-TIMETABLE-001,영양제 복용 시간표형,섭취 성분을 하루 시간대별로 배치하고 예외와 주의사항을 덧붙임,시간표형,0-3초 복용 시간 질문→3-35초 아침·점심·저녁·취침 배치→35-45초 제품 설명 우선 안내→저장 CTA,30-45초,시간대 축·성분 카드·주의 자막,화면 자료 중심 릴스,시간대별 색상·성분 아이콘,중,스마트폰·시간표 그래픽,https://www.instagram.com/little_yaksa/reel/DbSfZrqykJw/,,1,1,2026-07-28,2026-07-28,무주공산,영양제·약물안전,미조사,상,시간대별 섭취 조건과 예외를 함께 제시해 복용 실수를 줄임,김주성: 성분 상호작용; 오약: 복용 상담; 선영: 생활 루틴,영양제 시간표·유산균·비타민B·코큐텐·오메가3·칼슘·마그네슘,김주성·오약·선영,미사용,,후보,,
FMT-BUY-DONTBUY-001,사요 안 사요 비교형,제품을 구매 권장과 보류 항목으로 나눠 원료·영양·가격 근거를 설명,양분형,0-3초 구매 질문→3-30초 사요 5개→30-55초 안 사요 5개→저장 CTA,45-60초,사요·안 사요 색상·제품 카드·근거 자막,제품 화면 중심 릴스,초록·빨강 대비,중,스마트폰·제품 패키지·영양표,https://www.instagram.com/little_yaksa/reel/DbaNtSpS8Jj/,,2,2,2026-07-30,2026-08-04,여유 있음,영양제·제품비교,미조사,상,구매 권장과 보류 항목을 같은 기준으로 비교해 선택 부담을 줄임,김주성: 성분 근거; 오약: 제품 상담; 선영: 생활 건강 제품,다이소 영양제·단백질·홍삼·가르시니아·유산균·가성비,김주성·오약·선영,미사용,,후보,," | 2026-08-08T12:08:18+09:00 국내 약사 사용 추가: myyaksa/DbnUYqJJWN0. 직접 확인 구조는 비추천 성분 3개→근거·위험→추천 성분 3개→핵심 원칙이며, 기존 카드의 사요·안 사요 양분 구조를 3+3 성분 비교로 변형한 사례다. 국내약사사용계정수 2·국내약사사용영상수 2·국내최근사용일 2026-08-04로 갱신; 소진도는 계정 2건 기준 여유 있음."
FMT-DRUG-COMPARISON-001,GLP-1 두 약 비교·상황별 선택형,처방 비만치료제 두 가지를 효과·부작용·데이터·가격 축으로 비교,비교형,0-2초 선택 질문→2-30초 효과·부작용·안전성·가격 비교→30-45초 상황별 선택→팔로우 CTA,45-60초,두 약 카드·수치 자막·체크 표시,화면 자료 중심 릴스,비교축·상황별 체크,중,스마트폰·약물 카드,https://www.instagram.com/yaksa__bubu/reel/DbkMb9DvqfU/,2.18,1,1,2026-08-03,2026-08-03,무주공산,약물안전·다이어트,미조사,상,선택 질문 뒤 네 개 비교축으로 처방약 정보를 정리함,김주성: 약물안전; 오약: 복약 상담; 선영: 다이어트,위고비·마운자로·GLP-1·GIP·체중감량,김주성·오약·선영,미사용,,후보,,대표배수중앙값 보정(2026-08-06): 대표영상URL 1개와 canonical contents.csv 배수 2.18에서 중앙값 2.18 산출
FMT-OUTDOOR-4ESSENTIALS-001,상황별 외출 필수 4종 목록형,계절 상황에 맞는 건강 준비물 네 가지와 사용 목적을 한 번에 제시,목록형,0-2초 상황 질문→2-30초 준비물 1-4→30-45초 예방 행동→시즌 CTA,45-60초,4분할 카드·제품 아이콘·주의 자막,제품 화면 중심 릴스,준비물 번호·주의 문구,중,스마트폰·제품 패키지,https://www.instagram.com/yaksa__bubu/reel/DbiSJXbPT5q/,1.15,1,1,2026-08-02,2026-08-02,무주공산,육아·피부·약물안전,미조사,상,물놀이 상황과 네 가지 준비물을 연결해 즉시 행동을 제시함,선영: 육아·피부; 오약: 일반약; 공용: 생활건강,물놀이·화상·보습·ORS·자외선차단,선영·오약·공용,미사용,,후보,,대표배수중앙값 보정(2026-08-06): 대표영상URL 1개와 canonical contents.csv 배수 1.15에서 중앙값 1.15 산출
FMT-DOSE-DECISION-TREE-001,철분제 저용량·고용량 판단 트리형,철분제 복용 전 피검사 필요성과 용량 기준을 분기형으로 설명,분기형,0-3초 질문→3-20초 저용량 가능 범위→20-40초 고용량·검사 예외→40-50초 상담 안내,45-60초,용량 숫자·분기 화살표·주의 박스,화면 자료 중심 캐러셀,저용량·고용량 대비,중,스마트폰·용량 카드,https://www.instagram.com/yaksa__bubu/p/Dbj31StTY5W/,,1,1,2026-08-03,2026-08-03,무주공산,영양제·약물안전,미조사,상,복용량 질문을 검사 필요성 분기와 안전 안내로 전환함,김주성: 검사·복약 안전; 오약: 복용 상담; 선영: 임신·육아,철분·피검사·페리틴·저용량·고용량,김주성·오약·선영,미사용,,후보,,
FMT-DOSE-LADDER-001,오메가3 용량 사다리형,연령과 건강 목적별 EPA+DHA 용량을 단계별로 비교하고 고함량은 상담으로 연결,용량사다리형,0-2초 용량 질문→2-30초 500·1000·2000·3000mg 단계→30-45초 고함량 주의→상담 CTA,45-60초,용량 숫자 카드·단계 상승 그래픽·주의 박스,화면 자료 중심 캐러셀,단계별 숫자·주의 문구,중,스마트폰·용량 카드,https://www.instagram.com/bbubbu_yaksa/p/DbjzceJvqpf/,,1,1,2026-08-04,2026-08-04,무주공산,영양제·약물안전,미조사,상,목적별 용량 사다리와 고함량 상담 조건을 한 화면에서 비교함,김주성: 복약 안전; 오약: 영양제 상담; 선영: 어린이 섭취,오메가3·EPA·DHA·중성지방·출혈경향성·어린이,김주성·오약·선영·공용,미사용,,후보,,
FMT-HEALTHCHECK-ROUTING-001,건강검진 결과 성분 매핑형,건강검진 결과 예시를 성분 조합과 주의사항으로 연결하는 매핑형 카드,매핑형,0-2초 결과 질문→2-35초 결과 8가지와 성분 조합→35-50초 약물·질환 상담→댓글 CTA,45-60초,결과-성분 매트릭스·색상 구분·주의 자막,화면 자료 중심 릴스,결과명·성분명 1:1 대응,중,스마트폰·검진 결과 카드,https://www.instagram.com/bbubbu_yaksa/reel/DbkhdoBRCC9/,2.28,1,1,2026-08-03,2026-08-03,무주공산,영양제·약물안전·건강검진,미조사,상,검진 결과를 입력값으로 보여주고 성분 조합과 상담 조건을 함께 제시함,김주성: 검사·복약 안전; 오약: 영양제 상담; 선영: 육아·빈혈,콜레스테롤·혈압·당뇨전단계·빈혈·골밀도·베르베린,김주성·오약·선영·공용,미사용,,후보,,대표배수중앙값 보정(2026-08-06): 대표영상URL 1개와 canonical contents.csv 배수 2.28에서 중앙값 2.28 산출
FMT-MEAL-SWAP-5-001,일상 식사 교체 5가지 양분형,익숙한 식사와 현실적인 대체안을 다섯 쌍으로 보여주는 행동 전환 포맷,양분형,0-2초 식단 질문→2-30초 기존 식사와 대체안 5쌍→30-45초 생활습관 보강→저장·공유 CTA,45-60초,전후 식사 카드·X/O 대비·번호 자막,제품·식사 화면 혼합 릴스,기존/대체 대비·실천 문장,중,스마트폰·식사 소품,https://www.instagram.com/bbubbu_yaksa/reel/DbiWxYXSEZs/,7.16,1,1,2026-08-03,2026-08-03,무주공산,다이어트·영양·생활습관,미조사,상,금지 목록 대신 대체 식사를 제시해 실행 가능한 행동으로 전환함,선영: 식사·육아; 김주성: 생활습관·대사; 공용: 건강습관,액상과당·가공식품·식이섬유·단백질·걷기·수면,김주성·오약·선영·공용,미사용,,후보,,대표배수중앙값 보정(2026-08-06): 대표영상URL 1개와 canonical contents.csv 배수 7.16에서 중앙값 7.16 산출
FMT-SYMPTOM-CHECKLIST-7-001,증상 7개 체크리스트형,흩어진 증상을 한 화면에서 체크하게 하고 생활습관 점검과 상담으로 연결,증상체크형,0-2초 증상 질문→2-25초 증상 7개 체크→25-42초 생활습관 관리→42-50초 댓글 키워드·진료 안내,45-60초,증상 체크박스·경고 아이콘·자막 강조,화면 자료 중심 릴스,체크박스·질문형 자막,중,스마트폰·체크리스트 카드,https://www.instagram.com/bbubbu_yaksa/reel/DbiZEY8vScA/,0.35,1,1,2026-08-02,2026-08-02,무주공산,다이어트·생활습관,미조사,상,증상 목록을 하나의 체크리스트로 묶어 댓글 참여와 후속 자료 요청을 유도함,김주성: 증상·약물 안전; 오약: 상담형 건강정보; 선영: 생활습관,피로·체중·피부트러블·건조·부종·소화·두통,김주성·오약·선영·공용,미사용,,후보,,대표배수중앙값 보정(2026-08-06): 대표영상URL 1개와 canonical contents.csv 배수 0.35에서 중앙값 0.35 산출
FMT-SUPPLEMENT-RANKING-001,증상별 영양제 성분 순위형,증상 상황에서 관련 성분을 1-3위로 비교하고 제품보다 성분 기준을 강조,순위형,0-2초 증상 질문→2-30초 성분 1-3위→30-42초 제품은 예시라고 정리→상담 CTA,45-60초,순위 숫자·성분 카드·제품 예시·주의 문구,화면 자료 중심 캐러셀,순위 숫자·성분명 대비,중,스마트폰·성분 카드,https://www.instagram.com/dasik.yaksa/p/DbnLUMED-eL/,,1,1,2026-08-04,2026-08-04,무주공산,여성건강·영양제,미조사,상,증상 상황과 성분 순위를 결합하고 특정 제품만 정답으로 제시하지 않음,김주성: 복약 안전; 오약: 영양제 상담; 선영: 여성건강,생리통·오메가3·마그네슘·생강·철분,김주성·오약·선영·공용,미사용,,후보,,
FMT-REAL-LIFE-CHECKIN-001,현실공감 운동 인증형,운동을 미루는 개인 경험을 공유하고 함께 인증하는 참여형 포맷,현실공감형,0-3초 실패 고백→3-20초 상황 설명→20-35초 공감 질문→35-45초 인증 CTA,30-45초,일상 사진·말풍선 자막·댓글 참여 유도,일상 사진 중심 캐러셀,실패 고백·질문형 자막,하,스마트폰·일상 사진,https://www.instagram.com/dasik.yaksa/p/Dbmi6qYD6qW/,,1,1,2026-08-04,2026-08-04,무주공산,다이어트·생활습관,미조사,상,성공담 대신 실행하지 못한 상황을 공개해 댓글 인증을 유도함,선영: 육아후 체력; 김주성: 생활습관; 공용: 운동 습관,운동·체력·근력·다이어트·육아후 체력,김주성·오약·선영·공용,미사용,,후보,,
FMT-RECOVERY-STACK-001,운동 후 회복 상황조합형,운동 후 수분·근육통·에너지 상황을 성분 조합 세 묶음으로 설명,상황조합형,0-2초 회복 질문→2-25초 상황별 성분 3묶음→25-38초 경험·주의→제품 질문 CTA,30-45초,성분별 카드·경험형 내레이션·반전 자막,화면 자료 중심 릴스,상황명·성분명 1:1 대응,중,스마트폰·성분 카드,https://www.instagram.com/dasik.yaksa/reel/Dbjb3zqzswk/,1.62,1,1,2026-08-03,2026-08-03,무주공산,다이어트·영양·운동,미조사,상,운동 후 상황을 세 가지 회복 목적과 성분 조합으로 분리함,김주성: 운동·복약 안전; 오약: 영양제 상담; 선영: 생활습관,ORS·마그네슘·아미노산·비타민B·운동회복,김주성·오약·선영·공용,미사용,,후보,,대표배수중앙값 보정(2026-08-06): 대표영상URL 1개와 canonical contents.csv 배수 1.62에서 중앙값 1.62 산출
FMT-AD-MYTH-BUSTING-001,영양제 광고 문구 오해깨기형,약사배합·약국입점 등 권위 신호를 근거 확인 질문으로 뒤집는 포맷,오해깨기형,0-2초 권위 문구 질문→2-35초 오해 4개 반박→35-50초 성분·근거 확인 CTA,45-60초,오해/사실 대비·경고 아이콘·핵심 문구 강조,화면 자료 중심 릴스,X/O 대비·근거 질문,중,스마트폰·광고 문구 카드,https://www.instagram.com/dasik.yaksa/reel/DbiDDBNPiZr/,1.41,1,1,2026-08-02,2026-08-02,무주공산,영양제·광고판별,미조사,상,익숙한 권위 문구를 유형별로 나누고 성분·함량·근거 확인으로 행동을 바꿈,김주성: 약물·광고 판별; 오약: 영양제 상담; 공용: 구매 판단,약사배합·약국입점·유산균·컴플렉스·근거·성분확인,김주성·오약·선영·공용,미사용,,후보,,대표배수중앙값 보정(2026-08-06): 대표영상URL 1개와 canonical contents.csv 배수 1.41에서 중앙값 1.41 산출
FMT-CASE-RESULT-REVIEW-001,개인 사용 결과 후기형,개인 사용 결과와 제품 특징을 함께 보여 주고 구매 행동으로 연결하는 포맷,이용후기형,개인 결과 제시→제품 특징→오픈일·혜택 CTA,30-45초,사용 전후 상황 자막·제품 클로즈업·혜택 배지,제품 사용 장면 중심 릴스,핵심 결과 굵은 자막,중,스마트폰·제품 패키지,https://www.instagram.com/myo_yaksa/reel/DbnSe7bPVMK/,,1,1,2026-08-04,2026-08-04,무주공산,미조사,미조사,중,개인 사용 결과를 첫 장면에 제시하고 제품 정보와 구매 CTA를 연결한 사례,약사 개인 경험을 생활용품 사용 후기 구조로 각색; 협찬·공구 표기를 화면에 고정,여성건강·생활용품·사용후기,김주성·오약·선영·공용,미사용,,후보,검토,광고·공구 표기와 개인 경험의 한계를 함께 유지
FMT-GROUPBUY-SIZE-GUIDE-001,공동구매 사이즈·혜택 가이드형,오픈 전 구매자가 확인할 사이즈·제품 장점·할인·이벤트를 카드로 정리하는 포맷,구매가이드형,오픈 예고→사이즈·장점→할인·구매 혜택→참여 CTA,30-45초,사이즈 표·제품 비교·할인 배지·체크리스트,정보 카드형 캐러셀,카드별 한 문장·체크리스트,중,스마트폰·제품 패키지·표 디자인,https://www.instagram.com/myo_yaksa/p/DbmENNVjyHt/,,1,1,2026-08-04,2026-08-04,무주공산,미조사,미조사,중,구매 직전 정보인 사이즈·가격·혜택을 순서대로 제공하는 사례,제품군이 여러 개인 경우 사이즈 선택과 혜택 조건을 카드로 나눠 저장형 가이드로 제작,여성건강·생활용품·구매가이드,김주성·오약·선영·공용,미사용,,후보,검토,가격·혜택 조건과 광고 표기를 화면에 명확히 유지
FMT-LONGTERM-USE-PROOF-001,장기사용 증명형,장기간 사용 경험을 제품 선택 근거와 공동구매 CTA로 연결하는 포맷,장기사용증명형,장기 사용 기간 제시→사용 이유·제품 특징→공구 오픈 CTA,30-45초,기간 강조 자막·사용 제품 컷·오픈일 카운트,제품 소개형 릴스,기간·사용 횟수 강조,중,스마트폰·제품 패키지,https://www.instagram.com/myo_yaksa/reel/DbksfilvaHD/,1.26,1,1,2026-08-04,2026-08-04,무주공산,미조사,미조사,중,장기 사용이라는 신뢰 신호와 오픈일을 결합한 제품 소개 사례,개인 사용 기간과 실제 선택 이유를 분리해 말하고 마지막에 구매 조건을 고지,여성건강·생활용품·장기사용후기,김주성·오약·선영·공용,미사용,,후보,검토,개인 경험과 객관적 성능을 구분해 표기 | 대표배수중앙값 보정(2026-08-06): 대표영상URL 1개와 canonical contents.csv 배수 1.26에서 중앙값 1.26 산출
FMT-COOKING-SCIENCE-001,조리 과학 설명형,생활 속 조리 질문에 발연점·산화 안정성 개념을 붙여 판단 기준을 제공하는 포맷,과학설명형,조리 가능 여부 질문→발연점·산화 안정성 설명→개인 의견·주의점,30-45초,온도 수치 카드·오일 팬 장면·주의 문구,정보 카드형 캐러셀,핵심 개념 한 줄 요약,중,스마트폰·조리도구·온도 카드,https://www.instagram.com/myo_yaksa/p/DbfdNX5j4Qq/,,1,1,2026-08-01,2026-08-01,무주공산,미조사,미조사,상,생활 장면의 질문에 온도·산화 개념과 한계를 함께 설명한 정보형 사례,약사가 생활 식품 정보를 설명하되 제품 추천보다 조리 조건과 근거 확인에 집중,식품·생활건강·조리,김주성·오약·선영·공용,미사용,,후보,검토,정보와 개인 의견을 구분하고 질환 효능 주장을 넣지 않음
FMT-OMEGA3-FACTCHECK-001,오메가3 원료·함량 팩트체크형,원료 공급처·개별 포장·EPA+DHA 함량·순도·보관법을 체크리스트로 설명하는 포맷,팩트체크형,구매 질문 0-2초→원료·포장·함량·순도 2-35초→보관·근거 확인 CTA 35-50초,45-60초,수치 자막·체크리스트·제품 패키지 컷,정보 카드 중심 릴스,숫자·조건 강조,중,스마트폰·제품 패키지·수치 카드,https://www.instagram.com/slowpharmacy/reel/DbgVUFJh7-g/,0.88,1,1,2026-08-02,2026-08-02,무주공산,미조사,미조사,상,구매 전 확인 항목을 원료·함량·순도·보관으로 분해해 다른 건강제품에도 적용 가능,약·영양제·건강기능식품의 라벨과 근거를 같은 체크리스트로 비교,오메가3·영양제 광고판별·성분 확인,김주성·오약·선영·공용,미사용,,후보,검토,공구·구매 링크가 있는 팩트체크형; 광고 표기와 제품별 근거 확인 필요 | 대표배수중앙값 보정(2026-08-06): 대표영상URL 1개와 canonical contents.csv 배수 0.88에서 중앙값 0.88 산출
FMT-GROUPBUY-PURCHASE-PROOF-001,공동구매 오픈·구매인증형,마켓 일정·구매 방법·구매 인증·다박스 할인으로 구매 시점을 명확히 하는 포맷,구매인증형,마켓 오픈 0-3초→구매 방법 3-20초→구매 인증·할인 20-40초→CTA 40-50초,30-45초,기간 배지·구매 인증 댓글·혜택 자막·제품 컷,제품 소개형 릴스,일정·혜택 굵은 자막,중,스마트폰·제품 패키지·댓글 캡처,https://www.instagram.com/slowpharmacy/reel/DbRrVrvTpYn/,0.59,1,1,2026-07-27,2026-07-27,무주공산,미조사,미조사,중,판매 기간·구매 인증·혜택을 결합한 구매 전환 구조를 건강제품에 재사용 가능,의약외품·건강기능식품 공구에서 기간·조건·인증 기준을 분리해 고지,오메가3·공동구매·구매 조건,김주성·오약·선영·공용,미사용,,후보,검토,구매 인증은 사회적 증거로만 사용하고 효능 보증으로 확대하지 않음 | 대표배수중앙값 보정(2026-08-06): 대표영상URL 1개와 canonical contents.csv 배수 0.59에서 중앙값 0.59 산출
FMT-GROUPBUY-OPEN-ALERT-001,공동구매 오픈알림형,오픈일·배송·할인·이벤트 조건을 사전 안내하고 알림 참여로 연결하는 포맷,오픈알림형,오픈 예고 0-3초→배송·이벤트 3-25초→할인 조건 25-40초→알림 CTA 40-50초,30-45초,달력 아이콘·냉장배송 배지·할인 카드·알림 댓글,정보 카드형 캐러셀,날짜·조건 카드,중,스마트폰·카드 템플릿·제품 패키지,https://www.instagram.com/slowpharmacy/p/DbKwu5UEVaH/,,1,1,2026-07-24,2026-07-24,무주공산,미조사,미조사,중,구매 전 일정·배송·할인 정보를 카드로 분리해 정보 저장과 재방문을 유도,예방접종·검진 예약·약 복용 준비물의 일정 알림 카드로 전환,오메가3·배송·공동구매·오픈 일정,김주성·오약·선영·공용,미사용,,후보,검토,배송·할인·이벤트 조건의 출처와 적용 기간을 화면에 고정
FMT-CHILD-SUPPLEMENT-ROUTINE-001,아이 영양제 루틴 일상관찰형,아이의 특정 연령·시간대·행동을 관찰해 보호자 공감과 확인 포인트를 만드는 포맷,일상관찰형,하원 후 장면 0-5초→루틴 관찰 5-30초→보호자 확인 포인트 30-45초,30-45초,하루 루틴 자막·아이 행동 클로즈업·관찰 컷,일상 브이로그형 릴스,시간·연령 자막,중,스마트폰·자연광·루틴 자막,https://www.instagram.com/slowpharmacy/reel/Da-kxOehqHr/,0.22,1,1,2026-07-19,2026-07-19,무주공산,육아·가족 브이로그,미조사,상,연령·시간·행동을 구체적으로 보여 주는 관찰 구조를 복약·생활습관에도 적용 가능,아이의 복약 준비·손씻기·수면 루틴을 관찰하고 안전 확인 포인트를 덧붙임,아이영양·영양제 루틴·엄마 웰니스,김주성·오약·선영·공용,미사용,,후보,검토,아이의 루틴을 섭취 권장이나 효능 주장으로 일반화하지 않음 | 대표배수중앙값 보정(2026-08-06): 대표영상URL 1개와 canonical contents.csv 배수 0.22에서 중앙값 0.22 산출
FMT-HEATWAVE-OTC-COMBINATION-001,폭염 약국템 상황조합형,폭염·탈수감·피로 상황에 약국 제품 3개를 번호로 조합해 제시하는 포맷,상황조합형,폭염 상황 0-3초→제품 3개 3-35초→주의·문의 CTA 35-50초,30-45초,제품 패키지·번호 자막·효과 키워드 강조,약국템 소개형 릴스,3개 번호·상황 강조,중,스마트폰·제품 패키지·번호 그래픽,https://www.instagram.com/iam_yaksa/reel/DbniqwRz4jS/,1.1,1,1,2026-08-04,2026-08-04,무주공산,운동·여름 라이프스타일,미조사,상,증상 상황을 먼저 제시하고 제품군을 번호로 조합하는 구조를 계절 건강 주제에 재사용 가능,여행·운동·장마 상황별 상비약·수분 보충 체크리스트로 전환,폭염·수분·피로·약국템,김주성·오약·선영·공용,미사용,,후보,검토,제품 조합은 광고·공구 표기와 개인별 적합성 확인을 함께 제시 | 대표배수중앙값 보정(2026-08-06): 대표영상URL 1개와 canonical contents.csv 배수 1.1에서 중앙값 1.1 산출
FMT-GROUPBUY-DOSE-BENEFIT-001,공구 오픈·연령별 용량 가이드형,공동구매 일정·제품 특징·연령별 섭취량·구매 이벤트를 카드로 정리하는 포맷,공구가이드형,오픈 일정 0-3초→제품 특징 3-20초→연령별 용량 20-40초→혜택 CTA 40-55초,45-60초,용량 표·오픈 일정 배지·구매 이벤트 카드,정보 카드형 캐러셀,연령·용량 표,중,스마트폰·카드 템플릿·제품 패키지,https://www.instagram.com/iam_yaksa/p/DbmVwDsGSOK/,,1,1,2026-08-04,2026-08-04,무주공산,미조사,미조사,중,구매 전 용량·일정·혜택을 한 화면씩 분리해 다른 건강제품 가이드에도 적용 가능,복약법·보관법·검진 전 준비물을 연령·상황별 카드로 재구성,비타민C·연령별 용량·공동구매,김주성·오약·선영·공용,미사용,,후보,검토,제품 표시·전문가 확인과 공구 조건을 함께 고지
FMT-VITAMINC-EXPLAIN-001,비타민C 핵심 목적·대상 설명형,익숙한 성분의 핵심 목적과 섭취를 고려할 대상을 짧은 카드로 정리하는 포맷,성분설명형,성분 질문 0-3초→핵심 목적 3-25초→대상자 체크 25-40초→질문 CTA 40-50초,30-45초,핵심 목적 카드·대상자 체크리스트·주의 문구,정보 카드형 캐러셀,대상자 체크·핵심어 강조,하,스마트폰·카드 템플릿,https://www.instagram.com/iam_yaksa/p/Dbk7A3skS9Z/,,1,1,2026-08-03,2026-08-03,무주공산,교육·영양,미조사,상,성분을 핵심 목적·대상·주의로 나눠 어떤 의약·영양 성분에도 이식 가능,철분·마그네슘·오메가3를 목적·대상·주의 카드로 비교,비타민C·항산화·섭취 대상,김주성·오약·선영·공용,미사용,,후보,검토,정보형 포맷; 광고 표기와 근거 수준을 분리
FMT-GIVEAWAY-OPEN-NOTICE-001,나눔·공구 오픈알림형,댓글 나눔 참여·오픈 일정·구매 이벤트를 연결해 알림과 구매 행동을 설계하는 포맷,나눔알림형,나눔 참여 0-5초→오픈 일정 5-20초→제품·용량 20-40초→구매 이벤트 CTA 40-55초,45-60초,댓글 참여 유도·오픈일 캘린더·이벤트 배지·용량 표,정보 카드형 캐러셀,참여 방법·일정 배지,중,스마트폰·카드 템플릿·댓글 캡처,https://www.instagram.com/iam_yaksa/p/DbiZ40DEdI1/,,1,1,2026-08-02,2026-08-02,무주공산,이벤트·커머스,미조사,중,참여 보상과 구매 일정·조건을 연결하는 알림 구조를 건강제품에 재사용 가능,검진 예약·복약 알림·건강 퀴즈 참여 보상으로 전환,비타민C·나눔·공동구매·알림,김주성·오약·선영·공용,미사용,,후보,검토,나눔·구매 이벤트 조건과 광고·공구 표기를 명확히 유지
FMT-RAEL-WOMENS-CATEGORY-GUIDE-001,여성용품 제품군·공구 가이드형,생리대·라이너·오버나이트·탐폰·청결제·의료기기를 사용 목적별로 나누는 포맷,제품군가이드형,공구 오픈 0-3초→제품군 3-45초→사용 상황·혜택 CTA 45-65초,60초 이상,제품군 번호·사이즈 표·성분·혜택 배지,정보 카드형 캐러셀,제품군·용도 번호,상,스마트폰·제품 패키지·비교표,https://www.instagram.com/byak_yaksa/p/DbmVHPVmNfA/,,1,1,2026-08-04,2026-08-04,무주공산,뷰티·육아,미조사,상,제품 선택지가 많은 건강·생활용품을 사용 목적별로 분류하는 구조를 다른 버티컬에 적용 가능,상비약·영양제·육아 위생용품을 목적·사이즈·주의점으로 분류,여성용품·생리·공동구매,김주성·오약·선영·공용,미사용,,후보,검토,의료기기·의약품 구분과 광고·공구 조건을 명확히 표시
FMT-SANITARY-STORAGE-CORRECTION-001,생리대 보관 오정보 정정형,이전 설명의 오류를 인정하고 문헌 검토와 실천 기준으로 정정하는 포맷,정정·근거공개형,이전 주장 0-5초→문헌 검토 5-25초→정정 기준 25-40초→공지 CTA 40-50초,30-45초,정정 자막·이전 주장 대비·핵심 기준 강조,정정 공지형 릴스,오류·정정 색상 대비,중,스마트폰·문헌 캡처·비교 자막,https://www.instagram.com/byak_yaksa/reel/DbnvjIkO2iS/,0.36,1,1,2026-08-04,2026-08-04,무주공산,교육·과학 커뮤니케이션,미조사,상,근거 변경·오류 정정·실천 기준을 함께 보여 주는 신뢰 회복 구조,약 복용법·성분 정보 오류를 정정하고 최신 근거와 주의점을 공지,생리대 보관·여성건강·오정보 판별,김주성·오약·선영·공용,미사용,,후보,검토,정정 전후 근거를 남기고 과도한 확신을 피함 | 대표배수중앙값 보정(2026-08-06): 대표영상URL 1개와 canonical contents.csv 배수 0.36에서 중앙값 0.36 산출
FMT-HORMONE-CYCLE-EXPLAIN-001,남녀 호르몬 주기 비교설명형,남성 일주기와 여성 월주기를 대비해 호르몬 변화를 쉽게 설명하는 포맷,비교설명형,질문 0-3초→남성 일주기 3-18초→여성 월주기 18-33초→컨디션 CTA 33-45초,30-45초,일주기·월주기 대비표·호르몬 키워드·공감 문구,비교 정보형 캐러셀,주기 대비표,중,스마트폰·주기 그래픽,https://www.instagram.com/byak_yaksa/p/DbkmjYAmNlx/,,1,1,2026-08-03,2026-08-03,무주공산,교육·과학 커뮤니케이션,미조사,상,복잡한 생리학 개념을 시간축 대비표로 설명하는 구조를 복약·수면에도 적용 가능,약효 지속 시간·복용 간격·월경 주기를 시간축 카드로 설명,호르몬·생리주기·여성건강,김주성·오약·선영·공용,미사용,,후보,검토,성별 차이를 고정관념이나 진단 기준으로 사용하지 않음
FMT-GIVEAWAY-GROUPBUY-WOMENS-001,여성용품 선물·공구 혜택형,제품 선택 질문에 선물·할인·구매자 혜택을 결합하는 포맷,선물·공구형,불편 질문 0-3초→제품군 3-30초→선물·할인 30-45초→공구 CTA 45-55초,45-60초,선물 댓글·할인율 배지·제품군 번호·오픈일 자막,제품 소개형 릴스,선물·혜택 강조,중,스마트폰·제품 패키지·댓글 캡처,https://www.instagram.com/byak_yaksa/reel/DbixYb4ROz7/,0.46,1,1,2026-08-03,2026-08-03,무주공산,이벤트·커머스,미조사,중,댓글 참여 보상과 구매 혜택을 결합하는 구조를 건강제품 공구에 적용 가능,검진 예약 이벤트·복약 퀴즈·건강 습관 챌린지의 참여 보상으로 전환,여성용품·생리·선물·공동구매,김주성·오약·선영·공용,미사용,,후보,검토,선물·할인 조건과 광고·공구 표기를 명확히 고지 | 대표배수중앙값 보정(2026-08-06): 대표영상URL 1개와 canonical contents.csv 배수 0.46에서 중앙값 0.46 산출
FMT-LIVER-HABIT-5CHECK-001,간 건강 습관 5가지 체크형,술 외에 간에 부담을 줄 수 있는 생활 습관을 5개 체크리스트로 설명,H3 숫자·랭킹,경고 질문 0-3초→습관 1-5번 3-35초→실천 CTA 35-45초,30-45초,숫자 카운트·습관별 핵심 자막,약사 토킹헤드 릴스,경고 키워드·숫자 강조,하,스마트폰·자막 템플릿,https://www.instagram.com/awesomeyaksa/reel/Dbh7e3SibuM/,,1,1,2026-08-02,2026-08-02,무주공산,미조사,미조사,상,생활 습관 체크리스트는 약사 권위와 결합하기 쉽고 건강 습관·약 복용 점검으로 확장 가능,간 건강 대신 복약 전 생활 습관 5가지 또는 약국 방문 전 체크리스트로 각색,간 건강·간수치·생활습관·약물,김주성·오약·선영·공용,미사용,,후보,검토,
FMT-VITAMINC-SKIN-ROUTINE-001,비타민C 앰플 흡수 3단계 루틴형,제품 사용 순서를 3단계로 보여 주고 구매 정보까지 연결하는 루틴 포맷,S5 문제→해결,흡수 문제 0-3초→1단계 3-15초→2단계 15-27초→3단계·CTA 27-40초,30-45초,단계 번호·제품 클로즈업·가격 자막,제품 사용 시연 릴스,단계별 번호·핵심 동사 강조,중,스마트폰·제품·거울,https://www.instagram.com/awesomeyaksa/reel/Dbb5cE1y-kx/,,1,1,2026-07-31,2026-07-31,무주공산,미조사,미조사,중,순서 기반 루틴은 영양제 복용 순서·복약 전후 주의사항으로 이식 가능,앰플 대신 아침 영양제 3단계 또는 철분 복용 전후 금기 음식 3단계로 각색,비타민C·피부·흡수·복용순서,선영·오약·공용,미사용,,후보,검토,
FMT-MARKET-PRODUCT-UPGRADE-001,함량 업그레이드·최저가 공구형,기존 제품과 새 함량을 비교한 뒤 가격·마감 정보를 붙이는 공구 포맷,H8 가격충격,기존 함량 0-5초→업그레이드 비교 5-25초→가격·마감 CTA 25-40초,30-45초,15%·24% 비교 카드·가격 배지·마감일 자막,제품 비교 캐러셀,숫자 대비·가격 배지,중,스마트폰·제품 패키지·비교 카드,https://www.instagram.com/awesomeyaksa/p/DbZXpfJksw_/,,1,1,2026-07-30,2026-07-30,무주공산,미조사,미조사,중,함량·규격 변화는 일반 영양제 성분 비교에 그대로 적용되며 광고 표기와 근거를 분리할 수 있음,비타민C 대신 마그네슘·오메가3의 함량·제형 변화를 비교하되 가격보다 복용 기준을 먼저 제시,비타민C·함량·제형·성분비교,김주성·선영·공용,미사용,,후보,검토,
FMT-DIET-ALCOHOL-COMPARE-001,다이어트 술 비교표형,다이어트 상황에서 여러 술의 선택 기준을 비교표로 정리,S2 1대1 비교,상황 질문 0-3초→술 종류 3-30초→선택 기준·CTA 30-45초,30-45초,술 종류별 비교 자막·아이콘·순위 표시,약사 설명 릴스,비교표·선택 기준 강조,하,스마트폰·아이콘·비교표,https://www.instagram.com/awesomeyaksa/reel/DbW6PKSiPye/,,1,1,2026-07-29,2026-07-29,무주공산,미조사,미조사,상,비교표 문법을 다이어트 영양제·숙취·약국템 선택 기준으로 옮길 수 있음,술 대신 숙취 전후 수분·전해질·영양제 선택지를 비교하고 과음 조장 표현은 제외,다이어트·술·열량·숙취,오약·선영·공용,미사용,,후보,검토,
FMT-COSMETIC-MARKETING-MYTH-001,화장품 마케팅 문구 점검형,화장품 마케팅 표현을 소비자 판단 기준으로 해석하는 포맷,H1 도발·부정,마케팅 문구 0-5초→오해 설명 5-30초→구매 판단 CTA 30-45초,30-45초,핵심 문구 자막·전후 대비,약사 토킹헤드 릴스,경고 키워드·문구 대비,하,스마트폰·화장품 패키지,https://www.instagram.com/donggong_yak/reel/DbmF-D_To9c/,1.04,1,1,2026-08-04,2026-08-04,무주공산,미조사,미조사,상,마케팅 표현을 성분·효능·주의사항의 차이로 바꾸면 일반 영양제와 약국 제품에 이식 가능,화장품 대신 영양제 광고 문구를 가져와 근거·함량·주의사항을 한 줄씩 판별,화장품·마케팅·광고판별,김주성·오약·선영·공용,미사용,,후보,검토,대표배수중앙값 보정(2026-08-06): 대표영상URL 1개와 canonical contents.csv 배수 1.04에서 중앙값 1.04 산출
FMT-SKIN-ABSORPTION-QUESTION-001,피부 흡수 질문 해설형,일상적인 사용 의문을 피부 구조와 흡수 한계 설명으로 푸는 포맷,H4 질문,질문 0-3초→피부 표면 설명 3-20초→각질·기기 답변 20-38초→주의 CTA 38-45초,30-45초,피부 단면 그래픽·질문 댓글 인용,약사 설명 릴스,질문형 자막·단면 도표,중,스마트폰·피부 단면 그래픽,https://www.instagram.com/donggong_yak/reel/Dbg8ZqUTag2/,1.17,1,1,2026-08-02,2026-08-02,무주공산,미조사,미조사,상,피부 흡수 질문을 바르는 약·패치·영양제 흡수 오해 설명으로 확장할 수 있음,화장품 대신 파스·패치·연고의 흡수 범위와 사용 주의를 질문으로 시작,피부·흡수·피부장벽·각질,김주성·선영·공용,미사용,,후보,검토,대표배수중앙값 보정(2026-08-06): 대표영상URL 1개와 canonical contents.csv 배수 1.17에서 중앙값 1.17 산출
FMT-SPONSORED-BOOK-SLEEP-QUALITY-001,수면 고민·도서 지원 스토리형,수면 고민을 유머 비유로 연 뒤 책과 수면의 질 정보로 연결하는 협찬 포맷,H6 상황극·스킷,수면 고민 0-7초→유머 비유 7-20초→책·핵심 내용 20-48초→추천 CTA 48-60초,45-60초,대출 비유 자막·책 실물·상황극 톤,약사 토킹헤드·책 소개 릴스,비유 문장 크게 표시,중,스마트폰·책·상황극 소품,https://www.instagram.com/donggong_yak/reel/DbRflVwTvzf/,0.56,1,1,2026-07-27,2026-07-27,무주공산,미조사,미조사,중,고민→비유→전문 정보→추천 구조는 건강 도서·검진 캠페인에도 적용 가능,협찬 표기를 고정하고 수면 정보와 제품·도서 홍보를 분리해 건강 정보 신뢰를 보존,수면·피로·수면의 질·생활습관,김주성·오약·선영·공용,미사용,,후보,검토,대표배수중앙값 보정(2026-08-06): 대표영상URL 1개와 canonical contents.csv 배수 0.56에서 중앙값 0.56 산출
FMT-BRAND-MYSTERY-STORY-001,브랜드 숫자 미스터리 스토리형,개인 기억과 숫자 퀴즈로 브랜드 역사를 댓글 추리처럼 전달하는 포맷,H10 개인고백,개인 기억 0-7초→숫자 단서 7-25초→브랜드 의미 25-45초→추리 CTA 45-60초,45-60초,댓글 추리·숫자 그래픽·브랜드 태그,브랜드 공동 캐러셀,숫자 크게 표시·퀴즈 자막,중,스마트폰·숫자 그래픽·제품 패키지,https://www.instagram.com/donggong_yak/p/Da5B14-mrcO/,,1,1,2026-07-17,2026-07-17,무주공산,미조사,미조사,중,약국 제품의 숫자·제형·함량 유래를 퀴즈로 설명할 수 있으나 브랜드 협업 표기 필요,브랜드 대신 성분명·함량 숫자의 유래를 퀴즈로 풀고 제품 효능 과장은 제외,브랜드·제품역사·숫자·성분함량,김주성·오약·선영·공용,미사용,,후보,검토,
FMT-SLEEP-DOSE-MATCH-001,증상별 수면 성분 유효용량 매칭,수면 문제를 증상으로 나누고 성분·유효용량을 비교하는 릴스,H4 질문,수면 문제 0-5초→증상별 성분 5-40초→유효용량 확인 CTA 40-55초,45-60초,성분 번호·용량 숫자·저장 CTA,약사 설명 릴스,용량 숫자 강조,중,스마트폰·자막 그래픽,https://www.instagram.com/salt.yaksa/reel/Dbf1mJkzW5M/,0.31,1,1,2026-08-01,2026-08-01,무주공산,미조사,미조사,상,실제 공개 캡션이 증상별 수면 성분과 유효용량을 직접 제시,수면 고민만 유지하고 특정 제품 판매 없이 성분·용량 비교로 각색,수면·영양제·유효용량,김주성·오약·선영·공용,미사용,,후보,검토,대표배수중앙값 보정(2026-08-06): 대표영상URL 1개와 canonical contents.csv 배수 0.31에서 중앙값 0.31 산출; 국내 사용일 보정(2026-08-06): 대표영상URL exact match 콘텐츠 게시일 2026-08-01
FMT-SKIN-WORST-RANKING-001,피부에 최악인 생활상황 카운트다운,피부에 부담을 주는 생활상황을 5위부터 1위까지 순위로 설명하는 릴스,H3 숫자·랭킹,5위 0-7초→4-2위 7-35초→1위·핵심 이유 35-50초→수면 CTA 50-60초,45-60초,순위 숫자·피부 장벽·AGEs 자막,약사 설명 릴스,순위 숫자 크게 표시,중,스마트폰·숫자 그래픽,https://www.instagram.com/salt.yaksa/reel/Dbdb7Lyz3K-/,1.81,1,1,2026-07-31,2026-07-31,무주공산,미조사,미조사,중,생활습관 5개를 순위와 피부 과학 설명으로 연결한 공개 캡션,제품 대신 생활습관과 피부장벽 설명을 중심으로 각색,피부·생활습관·수면,김주성·오약·선영·공용,미사용,,후보,검토,대표배수중앙값 보정(2026-08-06): 대표영상URL 1개와 canonical contents.csv 배수 1.81에서 중앙값 1.81 산출; 국내 사용일 보정(2026-08-06): 대표영상URL exact match 콘텐츠 게시일 2026-07-31
FMT-BURNOUT-RECOVERY-3STEP-001,번아웃 회복 생활요법·영양제 3단 구성,개인 경험 고백 뒤 생활요법과 영양제 루틴을 3개씩 제시하는 릴스,H10 개인고백,개인 고백 0-10초→생활요법 10-35초→영양제 35-52초→위로 CTA 52-60초,45-60초,체크리스트·생활 장면·성분명 자막,약사 설명 릴스,체크 표시·짧은 문장,중,스마트폰·욕실 장면·자막 그래픽,https://www.instagram.com/salt.yaksa/reel/Dbasl3VTGLs/,4.9,1,1,2026-07-30,2026-07-30,무주공산,미조사,미조사,상,개인 번아웃 고백과 생활요법·영양제요법을 한 영상에 연결한 공개 캡션,개인 경험은 근거와 구분하고 의료상담이 필요한 상태를 별도 안내,번아웃·스트레스·수면·웰니스,김주성·오약·선영·공용,미사용,,후보,검토,대표배수중앙값 보정(2026-08-06): 대표영상URL 1개와 canonical contents.csv 배수 4.9에서 중앙값 4.9 산출; 국내 사용일 보정(2026-08-06): 대표영상URL exact match 콘텐츠 게시일 2026-07-30
FMT-FOOD-STORAGE-3RULE-001,식품별 냉장·상온 보관 3원칙 카드형,식품별 보관 위치와 식중독 위험을 출처와 함께 정리하는 생활건강 정보 포맷,오해 교정형,보관 오해 질문 0-3초→식품별 냉장·상온 기준 3-30초→식중독 위험 식품 30-42초→보관 3원칙·저장 CTA 42-55초,45-60초,온도 수치 자막·식품별 카드·3원칙 번호,화면 자료 중심 릴스,질문형 첫 문장·숫자·주의 문구,중,스마트폰·식품 이미지·자막 카드,https://www.instagram.com/bodoc_official/reel/DY4dbNcv_rA/,1.5,0,0,2026-05-28,2026-05-28,무주공산,미조사,미조사,상,"식약처·USDA FoodKeeper·EFSA 출처와 식품별 수치, 오해 교정, 3원칙, 저장 CTA를 한 화면 흐름으로 묶어 생활건강 정보로 재사용 가능",약 보관·검진 전 준비·여름철 식품 안전을 같은 식품별 분류표와 3원칙 구조로 각색,식품 보관·식중독 예방·생활건강·약 보관,김주성·오약·선영·공용,미사용,,후보,검토,"조회수·배수 게이트는 미달이지만 신규 형식이며, 출처·수치·실천 규칙이 명확해 F급 예외로 채택 | 국내 약사 사용 0계정·0영상 확정: 연결 canonical 콘텐츠 1건은 bodoc_official이며 국내 메디컬 인접 계정 | 대표배수중앙값 보정(2026-08-06): 대표영상URL 1개와 canonical contents.csv 배수 1.5에서 중앙값 1.5 산출"
FMT-SUNSCREEN-LAYER-EXPERIMENT-001,선크림 도포량 비교 실험형,선크림 도포량과 분할 간격을 실험 비교하고 측정 수치로 실행법을 제시,질문형,차이 찾기 질문→선크림 도포 실험 비교→누락 부위·SPF 수치→2~3분 간격 실행→공유·팔로우 CTA,,좌우 비교 화면·누락 부위 강조·실험 수치 자막,,,,,https://www.instagram.com/dr.wongu/reel/Day14YnhYIa/,6.4286,,,,,미측정,국내 메디컬 인접 계정,미조사,검토,raw에서 직접 확인한 포맷 지문: 차이 찾기 질문→선크림 도포 실험 비교→측정 수치·실행 간격→공유·팔로우 CTA. 국내 약사 사용과 E10 역추적은 아직 확인하지 않음.,선영: 선크림 도포량·재도포 간격 실험 비교,선크림·도포량·SPF·재도포 간격,선영,미사용,,후보,검토,raw format_fingerprint 직접 관측값으로 신규 카드 생성. 국내 약사 사용계정수·E10 역추적·캡처는 후속 확인 대상. | 2026-08-07T05:23:03+09:00 직접근거 보완: canonical 각색안에 명시된 배정 주체 '선영'를 배정적합인물에 기록. 연결 콘텐츠 DRWONGU-Day14YnhYIa의 배정값 '선영'은 콘텐츠 원장에 그대로 보존.
FMT-SHIFTWORK-SLEEP-ROUTINE-001,교대근무 수면 루틴 따라하기형,교대근무 상황을 제시하고 따라 할 수면·생활 루틴으로 전환,질문형,교대근무 상황 제시→따라 하기형 수면 행동 제안,,영상 편집 방식 미확인,,,,,https://www.instagram.com/dr_park_skin/reel/DaSj1oetPvj/,8.8,,,,,미측정,국내 메디컬 인접 계정,미조사,검토,raw에서 직접 확인한 포맷 지문: 교대근무 상황 질문→따라 하기형 수면·생활 루틴 제안. 국내 약사 사용과 E10 역추적은 아직 확인하지 않음.,공용: 야간근무·시험기간 수면 루틴,교대근무·수면·생활 루틴,공용,미사용,,후보,검토,raw format_fingerprint 직접 관측값으로 신규 카드 생성. 국내 약사 사용계정수·E10 역추적·캡처는 후속 확인 대상. | 2026-08-07T05:23:03+09:00 직접근거 보완: canonical 각색안에 명시된 배정 주체 '공용'를 배정적합인물에 기록. 연결 콘텐츠 DRPARKSKIN-DaSj1oetPvj의 배정값 '공용'은 콘텐츠 원장에 그대로 보존.
FMT-ANONYMOUS-COUNSEL-CTA-001,익명 무료상담 연결형,말하기 어려운 고민을 익명·무료 상담의 신뢰 근거와 채널 안내로 연결,질문형,피임·임신 고민 제시→익명·무료 상담 신뢰 근거→전화·카톡·온라인 상담 CTA,,캡션 정보형·영상 편집 방식 미확인,,,,,https://www.instagram.com/loveplan__/reel/DbjxyHOM_LF/,721.41,,,,,미측정,국내 메디컬 인접 계정,미조사,검토,raw에서 직접 확인한 포맷 지문: 피임·임신 고민 질문→익명·무료 상담 신뢰 근거→전화·카톡·온라인 상담 CTA. 국내 약사 사용과 E10 역추적은 아직 확인하지 않음.,선영: 말하기 어려운 여성건강 질문을 익명 상담 채널로 연결,피임·임신 고민·익명 상담,선영,미사용,,후보,검토,raw format_fingerprint 직접 관측값으로 신규 카드 생성. 국내 약사 사용계정수·E10 역추적·캡처는 후속 확인 대상. | 2026-08-07T05:23:03+09:00 직접근거 보완: canonical 각색안에 명시된 배정 주체 '선영'를 배정적합인물에 기록. 연결 콘텐츠 LOVEPLAN-DbjxyHOM_LF의 배정값 '공용'은 콘텐츠 원장에 그대로 보존.
FMT-HEALTHCHECK-ROLEPLAY-001,건강검진 상황극 기준표 안내형,상황극 질문으로 건강검진 필요성을 열고 암종별 기준과 확인 채널을 안내,H6 상황극·스킷,상황극 질문→국가건강검진 필요성→6개 암종 검진 기준→공단 누리집 확인 CTA,,캡션 기준표·영상 편집 방식 미확인,,,,,https://www.instagram.com/nhis_korea/reel/Da2P5puT6qC/,11.54,,,,,미측정,국내 메디컬 인접 계정,미조사,검토,raw에서 직접 확인한 포맷 지문: 상황극 질문→국가건강검진 필요성→6개 암종 검진 기준→공단 누리집 확인 CTA. 국내 약사 사용과 E10 역추적은 아직 확인하지 않음.,공용: 검진 시기를 묻는 상황극→검진 기준표→공식 확인 채널,국가건강검진·암검진 기준,공용,미사용,,후보,검토,raw format_fingerprint 직접 관측값으로 신규 카드 생성. 국내 약사 사용계정수·E10 역추적·캡처는 후속 확인 대상. | 2026-08-07T05:23:03+09:00 직접근거 보완: canonical 각색안에 명시된 배정 주체 '공용'를 배정적합인물에 기록. 연결 콘텐츠 NHISKOREA-Da2P5puT6qC의 배정값 '공용'은 콘텐츠 원장에 그대로 보존.
FMT-FOOD-HEADACHE-ANIMATION-001,증상 원인 음식 애니메이션 건강툰형,익숙한 증상 질문을 음식 캐릭터 애니메이션과 원인 후보 소개로 설명,질문형,두통 호소→음식이 원인이 될 수 있다는 질문→유발 가능 음식 소개→영상 시청 유도,,음식 캐릭터 애니메이션·영어 자막·이모지,,,,,https://www.instagram.com/medicalkoreaofficial/reel/DbC0Xb_ho5e/,4.78,,,,,미측정,국내 메디컬 인접 계정,미조사,검토,raw에서 직접 확인한 포맷 지문: 두통 호소→음식이 원인이 될 수 있다는 질문→음식 캐릭터 애니메이션 건강툰→영상 시청 유도. 국내 약사 사용과 E10 역추적은 아직 확인하지 않음.,공용: 반복 증상과 식품·생활습관 후보를 캐릭터 건강툰으로 설명,두통·음식·증상 원인,공용,미사용,,후보,검토,raw format_fingerprint 직접 관측값으로 신규 카드 생성. 국내 약사 사용계정수·E10 역추적·캡처는 후속 확인 대상. | 2026-08-07T05:23:03+09:00 직접근거 보완: canonical 각색안에 명시된 배정 주체 '공용'를 배정적합인물에 기록. 연결 콘텐츠 MEDICALKOREA-DbC0Xb_ho5e의 배정값 '김주성·오약·선영'은 콘텐츠 원장에 그대로 보존.
FMT-SCALP-SOAP-CHECK-001,제품군별 두피 상태 점검형,제품군을 금지·추천 목록으로 나누고 두피 상태 확인 행동으로 마무리,질문형,제품군별 금지·추천 목록→두피 상태 확인 경고→저장 CTA,,제품군별 목록·두피 상태 기준·저장 CTA,,,,,https://www.instagram.com/dr.hair_lee/reel/DWDAkYwEpjj/,,1,1,,,무주공산,국내 메디컬 인접 계정,미조사,검토,raw에서 직접 확인한 포맷 지문: 질문형 훅 → 제품군별 금지·추천 목록 → 상태 확인 경고 → 저장 CTA. 국내 약사 사용과 E10 역추적은 아직 확인하지 않음.,선영: 두피 상태별 생활용품 선택 기준과 금지 목록,탈모·두피·생활용품 선택,선영,미사용,,후보,검토,raw format_fingerprint 직접 관측값으로 신규 카드 생성. 국내 약사 사용계정수·E10 역추적·캡처는 후속 확인 대상. | 2026-08-07T05:23:03+09:00 직접근거 보완: canonical 각색안에 명시된 배정 주체 '선영'를 배정적합인물에 기록. 연결 콘텐츠 DRHAIRLEE-DWDAkYwEpjj의 배정값 '선영'은 콘텐츠 원장에 그대로 보존.
FMT-ALLERGY-RANKING-DM-001,알레르기약 순위·DM 연결형,전제 제시→알레르기약 순위 비교→DM CTA,목록형,전제 제시→알레르기약 순위 비교→DM CTA,,제품명 목록·순위 비교,,,,,https://www.instagram.com/manyjjju_yaksa/reel/DbU7fWtzX1P/,,1,1,2026-07-27,2026-07-27,무주공산,국내 약사 인플루언서,미조사,검토,canonical contents.csv에 직접 기록된 훅·구조·편집장치 지문: 목록형→전제 제시→알레르기약 순위 비교→DM CTA→제품명 목록·순위 비교. E10 역추적은 아직 확인하지 않음.,김주성: 알레르기약 성분별 선택 기준과 상담 CTA,알레르기약·성분 비교·상담,김주성·오약·선영,미사용,,후보,검토,canonical 콘텐츠 행의 직접 기록 필드로 신규 카드 생성. 약사 사용 1계정만 확인; 추가 사용 수·E10 역추적·중간 프레임은 후속 대상.
FMT-SKIN-TOP7-DM-001,피부 제품 TOP7·DM 연결형,TOP7 목록→제품별 특징·사용 목적→댓글 키워드 DM CTA,목록형,TOP7 목록→제품별 특징·사용 목적→댓글 키워드 DM CTA,,순위 숫자·제품명 자막·제품 이미지,,,,,https://www.instagram.com/alpaca_yaksa/reel/C_acRdkpjat/,,1,1,2024-08-29,2024-08-29,무주공산,국내 약사 인플루언서,미조사,검토,canonical contents.csv에 직접 기록된 훅·구조·편집장치 지문: 목록형→TOP7 목록→제품별 특징·사용 목적→댓글 키워드 DM CTA→순위 숫자·제품명 자막·제품 이미지. E10 역추적은 아직 확인하지 않음.,선영: 피부 고민별 약국템 TOP7과 선택 기준,피부 제품·사용 목적·선택 기준,선영,미사용,,후보,검토,canonical 콘텐츠 행의 직접 기록 필드로 신규 카드 생성. 약사 사용 1계정만 확인; 추가 사용 수·E10 역추적·중간 프레임은 후속 대상.
FMT-ALLERGY-MECHANISM-ACTION-001,알레르기 증상 원리·대응형,증상 제시→혈관·신경·히스타민 원리→생활 대응과 항히스타민제 팁,문제 해결형,증상 제시→혈관·신경·히스타민 원리→생활 대응과 항히스타민제 팁,,증상 키워드 강조·원인 단계 자막·대응 팁 카드,,,,,https://www.instagram.com/ddib_yaksa/reel/DSjLo3qEj_-/,,1,1,2025-12-21,2025-12-21,무주공산,국내 약사 인플루언서,미조사,검토,canonical contents.csv에 직접 기록된 훅·구조·편집장치 지문: 문제 해결형→증상 제시→혈관·신경·히스타민 원리→생활 대응과 항히스타민제 팁→증상 키워드 강조·원인 단계 자막·대응 팁 카드. E10 역추적은 아직 확인하지 않음.,김주성: 증상별 알레르기 원리와 일반약 상담 기준,알레르기·히스타민·항히스타민제,김주성·오약·선영,미사용,,후보,검토,canonical 콘텐츠 행의 직접 기록 필드로 신규 카드 생성. 약사 사용 1계정만 확인; 추가 사용 수·E10 역추적·중간 프레임은 후속 대상.
FMT-LENS-RANKING-COMPARE-001,렌즈 성분·보습력 순위 비교형,순위 공개→성분·보습력·렌즈 호환 비교→추천 대상 정리,순위 비교형,순위 공개→성분·보습력·렌즈 호환 비교→추천 대상 정리,,순위 카운트다운·성분 자막·렌즈 아이콘,,,,,https://www.instagram.com/hayu_pharmacist/reel/DanMzctNKQ2/,,1,1,2026-07-10,2026-07-10,무주공산,국내 약사 인플루언서,미조사,검토,canonical contents.csv에 직접 기록된 훅·구조·편집장치 지문: 순위 비교형→순위 공개→성분·보습력·렌즈 호환 비교→추천 대상 정리→순위 카운트다운·성분 자막·렌즈 아이콘. E10 역추적은 아직 확인하지 않음.,선영: 콘택트렌즈 사용자의 성분·보습력 선택 기준,렌즈·점안·성분 비교,김주성·오약·선영,미사용,,후보,검토,canonical 콘텐츠 행의 직접 기록 필드로 신규 카드 생성. 약사 사용 1계정만 확인; 추가 사용 수·E10 역추적·중간 프레임은 후속 대상.
FMT-PRECONCEPTION-CHECKLIST-DM-001,임신 준비 체크리스트·DM형,임신 준비 질문→영양제·생활 체크리스트→댓글 키워드 DM CTA,체크리스트형,임신 준비 질문→영양제·생활 체크리스트→댓글 키워드 DM CTA,,체크리스트 자막·핵심 성분 강조·저장 CTA,,,,,https://www.instagram.com/yaksa_nam/reel/DDZpK-WTpce/,,1,1,2024-12-10,2024-12-10,무주공산,국내 약사 인플루언서,미조사,검토,canonical contents.csv에 직접 기록된 훅·구조·편집장치 지문: 체크리스트형→임신 준비 질문→영양제·생활 체크리스트→댓글 키워드 DM CTA→체크리스트 자막·핵심 성분 강조·저장 CTA. E10 역추적은 아직 확인하지 않음.,선영: 임신 준비 영양·생활 체크리스트와 상담 안내,임신 준비·영양제·생활습관,오약·선영,미사용,,후보,검토,canonical 콘텐츠 행의 직접 기록 필드로 신규 카드 생성. 약사 사용 1계정만 확인; 추가 사용 수·E10 역추적·중간 프레임은 후속 대상.
FMT-PHARMACY-ASMR-BEHIND-001,약국 장비 ASMR·비하인드형,장비 소리 제시→장비별 역할 설명→고장 징후와 현장 반응,ASMR·비하인드형,장비 소리 제시→장비별 역할 설명→고장 징후와 현장 반응,,장비 클로즈업·소리 중심 편집·장비명 자막,,,,,https://www.instagram.com/timepharm/reel/DZwymy0xZ1F/,,1,1,2026-06-19,2026-06-19,무주공산,국내 약사 인플루언서,미조사,검토,canonical contents.csv에 직접 기록된 훅·구조·편집장치 지문: ASMR·비하인드형→장비 소리 제시→장비별 역할 설명→고장 징후와 현장 반응→장비 클로즈업·소리 중심 편집·장비명 자막. E10 역추적은 아직 확인하지 않음.,공용: 약국 조제 장비 소리와 현장 안전 포인트,약국 현장·조제 장비·직업 이야기,김주성,미사용,,후보,검토,canonical 콘텐츠 행의 직접 기록 필드로 신규 카드 생성. 약사 사용 1계정만 확인; 추가 사용 수·E10 역추적·중간 프레임은 후속 대상.
FMT-SYMPTOM-SELF-CHECK-001,증상 자가진단·댓글 참여형,질문 제시→증상 항목 나열→댓글 경험 공유,자가진단형,질문 제시→증상 항목 나열→댓글 경험 공유,,번호형 증상 자막·체크 유도·짧은 반복 컷,,,,,https://www.instagram.com/yourhsis/reel/DaeBdcehd4H/,,1,1,2026-07-05,2026-07-05,무주공산,국내 약사 인플루언서,미조사,검토,canonical contents.csv에 직접 기록된 훅·구조·편집장치 지문: 자가진단형→질문 제시→증상 항목 나열→댓글 경험 공유→번호형 증상 자막·체크 유도·짧은 반복 컷. E10 역추적은 아직 확인하지 않음.,공용: 생활 증상 체크리스트와 경험 공유 CTA,증상 체크·자가관리·경험 공유,김주성·오약·선영,미사용,,후보,검토,canonical 콘텐츠 행의 직접 기록 필드로 신규 카드 생성. 약사 사용 1계정만 확인; 추가 사용 수·E10 역추적·중간 프레임은 후속 대상.
FMT-SKIN-COMBINATION-CAUTION-001,피부 성분 금지 조합·시간 분리형,주의 조합 제시→자극 원리→사용 시간 분리→예시 제품 정보,금지 조합형,주의 조합 제시→자극 원리→사용 시간 분리→예시 제품 정보,,조합별 경고 아이콘·성분명 자막·아침/저녁 색상 구분,,,,,https://www.instagram.com/yak_guide/reel/DZFEzk5vLQt/,,1,1,2026-06-02,2026-06-02,무주공산,국내 약사 인플루언서,미조사,검토,canonical contents.csv에 직접 기록된 훅·구조·편집장치 지문: 금지 조합형→주의 조합 제시→자극 원리→사용 시간 분리→예시 제품 정보→조합별 경고 아이콘·성분명 자막·아침/저녁 색상 구분. E10 역추적은 아직 확인하지 않음.,선영: 피부 성분 금지 조합과 아침·저녁 사용 간격,피부 성분·자극·사용 간격,선영,미사용,,후보,검토,canonical 콘텐츠 행의 직접 기록 필드로 신규 카드 생성. 약사 사용 1계정만 확인; 추가 사용 수·E10 역추적·중간 프레임은 후속 대상.
FMT-DRUG-EFFECT-QUESTION-001,약물 효과 저하 질문·이유 설명형,효과 저하 질문→약물·체중 변화 설명→댓글 반응 유도,질문·이유 설명형,효과 저하 질문→약물·체중 변화 설명→댓글 반응 유도,,약물명 강조·시간 경과 표현·질문형 자막,,,,,https://www.instagram.com/yaksa_hwanghaeyeon_/reel/DZ7ILajPZlE/,,1,1,2026-06-23,2026-06-23,무주공산,국내 약사 인플루언서,미조사,검토,canonical contents.csv에 직접 기록된 훅·구조·편집장치 지문: 질문·이유 설명형→효과 저하 질문→약물·체중 변화 설명→댓글 반응 유도→약물명 강조·시간 경과 표현·질문형 자막. E10 역추적은 아직 확인하지 않음.,김주성: 약물 효과 변화와 체중·복용 상황 점검,약물 안전·체중 변화·효과 점검,오약·선영,미사용,,후보,검토,canonical 콘텐츠 행의 직접 기록 필드로 신규 카드 생성. 약사 사용 1계정만 확인; 추가 사용 수·E10 역추적·중간 프레임은 후속 대상.
FMT-SKIN-EXPERT-LIST-001,피부 전문가 추천 목록형,문제 제기→제품 목록→선택 기준,전문가 추천 목록,문제 제기→제품 목록→선택 기준,,제품 자막·목록형 편집,,,,,https://www.instagram.com/dr.wongu/reel/DPvbhndkuIU/,,,,,,미측정,국내 메디컬 인접 계정,미조사,검토,canonical contents.csv에 직접 기록된 훅·구조·편집장치 지문: 전문가 추천 목록→문제 제기→제품 목록→선택 기준→제품 자막·목록형 편집. E10 역추적은 아직 확인하지 않음.,선영: 피부 고민별 제품군과 선택 기준 목록,피부·제품 선택·전문가 추천,선영,미사용,,후보,검토,canonical 콘텐츠 행의 직접 기록 필드로 신규 카드 생성. 약사 사용 1계정만 확인; 추가 사용 수·E10 역추적·중간 프레임은 후속 대상.
FMT-INSTITUTION-SEASONAL-MESSAGE-001,기관 기념일 정보 메시지형,선택 질문→기념일 정보→기관 메시지,선택 질문,선택 질문→기념일 정보→기관 메시지,,이모지·큰 자막·브랜드 전환,,,,,https://www.instagram.com/nhis_korea/reel/DaUxfQPThqy/,,,,,,미측정,국내 메디컬 인접 계정,미조사,검토,canonical contents.csv에 직접 기록된 훅·구조·편집장치 지문: 선택 질문→선택 질문→기념일 정보→기관 메시지→이모지·큰 자막·브랜드 전환. 국내 약사 사용과 E10 역추적은 아직 확인하지 않음.,공용: 건강 기념일·검진 안내를 큰 자막과 공식 정보로 전환,공공건강·건강 기념일·기관 안내,김주성·오약·선영,미사용,,후보,검토,canonical 콘텐츠 행의 직접 기록 필드로 신규 카드 생성. 인접 계정이며 국내 약사 사용 수·E10 역추적·중간 프레임은 후속 대상.
FMT-PARTICIPATION-RECRUIT-CTA-001,참여 모집·혜택 안내형,참여 대상→상금·혜택→신청 안내,참여 모집형 공지,참여 대상→상금·혜택→신청 안내,,행사 정보 카드·이모지,,,,,https://www.instagram.com/loveplan__/reel/DMRObWYSkwf/,,,,,,미측정,국내 메디컬 인접 계정,미조사,검토,canonical contents.csv에 직접 기록된 훅·구조·편집장치 지문: 참여 모집형 공지→참여 대상→상금·혜택→신청 안내→행사 정보 카드·이모지. 국내 약사 사용과 E10 역추적은 아직 확인하지 않음.,공용: 건강 캠페인 참여 대상·혜택·신청 절차를 카드로 정리,건강 캠페인·참여 모집·신청 안내,김주성·오약·선영,미사용,,후보,검토,canonical 콘텐츠 행의 직접 기록 필드로 신규 카드 생성. 인접 계정이며 국내 약사 사용 수·E10 역추적·중간 프레임은 후속 대상.
FMT-HOSPITAL-CASE-MESSAGE-001,병원 현장 사례 메시지형,위기 제시→현장 대응→의료진 메시지,현장 사례형,위기 제시→현장 대응→의료진 메시지,,상황 자막·현장 서사,,,,,https://www.instagram.com/snubh_official/reel/DahbjFxvGNp/,,,,,,미측정,국내 메디컬 인접 계정,미조사,검토,canonical contents.csv에 직접 기록된 훅·구조·편집장치 지문: 현장 사례형→위기 제시→현장 대응→의료진 메시지→상황 자막·현장 서사. 국내 약사 사용과 E10 역추적은 아직 확인하지 않음.,공용: 환자 안전·의료진 대응 사례를 현장 서사로 설명,의료현장·환자 사례·의료진 메시지,선영,미사용,,후보,검토,canonical 콘텐츠 행의 직접 기록 필드로 신규 카드 생성. 인접 계정이며 국내 약사 사용 수·E10 역추적·중간 프레임은 후속 대상.
FMT-HEALTH-MYTH-EXPLAINER-001,건강 통념 반박 정보형,선택 질문→통념 반박→건강 정보,정보형 도입,선택 질문→통념 반박→건강 정보,,핵심 자막·정보 카드,,,,,https://www.instagram.com/gunginam_tv/reel/Da7fqEtPInL/,,,,,,미측정,국내 메디컬 인접 계정,미조사,검토,canonical contents.csv에 직접 기록된 훅·구조·편집장치 지문: 정보형 도입→선택 질문→통념 반박→건강 정보→핵심 자막·정보 카드. 국내 약사 사용과 E10 역추적은 아직 확인하지 않음.,공용: 익숙한 건강 통념을 선택 질문과 근거 설명으로 전환,건강 통념·영양·생활습관,선영,미사용,,후보,검토,canonical 콘텐츠 행의 직접 기록 필드로 신규 카드 생성. 인접 계정이며 국내 약사 사용 수·E10 역추적·중간 프레임은 후속 대상.
FMT-MEDICAL-TREND-INTRO-001,의료 트렌드·기관 메시지 도입형,인물 소개→트렌드 설명→병원 메시지,정보형 도입,인물 소개→트렌드 설명→병원 메시지,,핵심 자막·정보 카드,,,,,https://www.instagram.com/chosunich.official/reel/DbE1oRhhmwh/,,,,,,미측정,국내 메디컬 인접 계정,미조사,검토,canonical contents.csv에 직접 기록된 훅·구조·편집장치 지문: 정보형 도입→인물 소개→트렌드 설명→병원 메시지→핵심 자막·정보 카드. 국내 약사 사용과 E10 역추적은 아직 확인하지 않음.,공용: 의료 트렌드 질문을 전문의 설명과 기관 안내로 연결,의료 트렌드·병원 정보·전문가 설명,선영,미사용,,후보,검토,canonical 콘텐츠 행의 직접 기록 필드로 신규 카드 생성. 인접 계정이며 국내 약사 사용 수·E10 역추적·중간 프레임은 후속 대상.
FMT-LIFE-STAGE-PRODUCT-INTRO-001,연령대별 제품 정보 도입형,연령대 대비→제품 특징→구매 안내,정보형 도입,연령대 대비→제품 특징→구매 안내,,핵심 자막·정보 카드,,,,,https://www.instagram.com/jilgyungyi_official/reel/DLqvEgAvN4u/,,,,,,미측정,국내 메디컬 인접 계정,미조사,검토,canonical contents.csv에 직접 기록된 훅·구조·편집장치 지문: 정보형 도입→연령대 대비→제품 특징→구매 안내→핵심 자막·정보 카드. 국내 약사 사용과 E10 역추적은 아직 확인하지 않음.,선영: 연령대별 생활용품·건강 제품 선택 기준으로 전환,연령대·생활용품·제품 선택,선영,미사용,,후보,검토,canonical 콘텐츠 행의 직접 기록 필드로 신규 카드 생성. 인접 계정이며 국내 약사 사용 수·E10 역추적·중간 프레임은 후속 대상.
FMT-DERMATOLOGY-MATCH-TABLE-001,전문의 매칭표·DM 연결형,댓글 참여→전문의 매칭표 제공→DM 유도,정보형 도입,댓글 참여→전문의 매칭표 제공→DM 유도,,핵심 자막·정보 카드,,,,,https://www.instagram.com/zeroderma_official/reel/Dah1oV9T3fH/,,,,,,미측정,국내 메디컬 인접 계정,미조사,검토,canonical contents.csv에 직접 기록된 훅·구조·편집장치 지문: 정보형 도입→댓글 참여→전문의 매칭표 제공→DM 유도→핵심 자막·정보 카드. 국내 약사 사용과 E10 역추적은 아직 확인하지 않음.,선영: 피부 고민별 진료 선택표와 상담 연결로 전환,피부 고민·전문의 매칭·상담,선영,미사용,,후보,검토,canonical 콘텐츠 행의 직접 기록 필드로 신규 카드 생성. 인접 계정이며 국내 약사 사용 수·E10 역추적·중간 프레임은 후속 대상.
FMT-PHARMACY-PROFILE-ROUTING-001,핵심 안내·프로필 연결형,핵심 안내→프로필 링크 연결,정보형 도입,핵심 안내→프로필 링크 연결,,핵심 자막·정보 카드,,,,,https://www.instagram.com/dana_pharmacy_/reel/CzxKCTMhU29/,,,,,,미측정,국내 메디컬 인접 계정,미조사,검토,canonical contents.csv에 직접 기록된 훅·구조·편집장치 지문: 정보형 도입→핵심 안내→프로필 링크 연결→핵심 자막·정보 카드. 국내 약사 사용과 E10 역추적은 아직 확인하지 않음.,공용: 약국 건강 안내를 프로필의 상세 자료로 연결,약국·지역건강·복약지도,선영,미사용,,후보,검토,canonical 콘텐츠 행의 직접 기록 필드로 신규 카드 생성. 인접 계정이며 국내 약사 사용 수·E10 역추적·중간 프레임은 후속 대상.
FMT-PHARMACY-CAMPAIGN-VISIT-001,약국 캠페인 혜택·방문 유도형,캠페인 제시→혜택 안내→방문 유도,정보형 도입,캠페인 제시→혜택 안내→방문 유도,,핵심 자막·정보 카드,,,,,https://www.instagram.com/readyyoungpharmacy_global/reel/Dbem_h_TJ73/,,,,,,미측정,국내 메디컬 인접 계정,미조사,검토,canonical contents.csv에 직접 기록된 훅·구조·편집장치 지문: 정보형 도입→캠페인 제시→혜택 안내→방문 유도→핵심 자막·정보 카드. 국내 약사 사용과 E10 역추적은 아직 확인하지 않음.,공용: 약국 캠페인 혜택과 방문 전 확인 사항을 순서대로 안내,약국 캠페인·혜택·방문 안내,선영,미사용,,후보,검토,canonical 콘텐츠 행의 직접 기록 필드로 신규 카드 생성. 인접 계정이며 국내 약사 사용 수·E10 역추적·중간 프레임은 후속 대상.
FMT-CLINIC-VISIT-HEALTH-INTRO-001,의료진 방문·건강 정보 안내형,인물 방문→건강 정보→병원 안내,정보형 도입,인물 방문→건강 정보→병원 안내,,핵심 자막·정보 카드,,,,,https://www.instagram.com/urimedi1/reel/Da_35lFplv4/,,,,,,미측정,국내 메디컬 인접 계정,미조사,검토,canonical contents.csv에 직접 기록된 훅·구조·편집장치 지문: 정보형 도입→인물 방문→건강 정보→병원 안내→핵심 자막·정보 카드. 국내 약사 사용과 E10 역추적은 아직 확인하지 않음.,공용: 의료진 방문 장면을 건강 정보와 진료 안내로 연결,의료진 방문·건강 정보·병원 안내,선영,미사용,,후보,검토,canonical 콘텐츠 행의 직접 기록 필드로 신규 카드 생성. 인접 계정이며 국내 약사 사용 수·E10 역추적·중간 프레임은 후속 대상.
FMT-CHARACTER-EMOTION-EVENT-001,감정 질문·캐릭터 공감 행사형,감정 질문→캐릭터 공감→행사 안내,정보형 도입,감정 질문→캐릭터 공감→행사 안내,,핵심 자막·정보 카드,,,,,https://www.instagram.com/fitamin_official/reel/C9__PWep5ht/,,,,,,미측정,국내 메디컬 인접 계정,미조사,검토,canonical contents.csv에 직접 기록된 훅·구조·편집장치 지문: 정보형 도입→감정 질문→캐릭터 공감→행사 안내→핵심 자막·정보 카드. E10 역추적은 아직 확인하지 않음.,공용: 건강 고민을 캐릭터 공감 장면과 행사 안내로 연결,건강 캠페인·캐릭터 공감·행사 안내,김주성·오약·선영,미사용,,후보,검토,canonical 콘텐츠 행의 직접 기록 필드로 신규 카드 생성. 약사 사용 1계정만 확인; 추가 사용 수·E10 역추적·중간 프레임은 후속 대상.
FMT-MEME-ATHLETE-MESSAGE-001,밈 이벤트·선수 대결 메시지형,밈 이벤트→선수 대결→기관 메시지,정보형 도입,밈 이벤트→선수 대결→기관 메시지,,핵심 자막·정보 카드,,,,,https://www.instagram.com/korea_anti_doping_agency/reel/Dawz70Oxl4b/,,,,,,미측정,국내 메디컬 인접 계정,미조사,검토,canonical contents.csv에 직접 기록된 훅·구조·편집장치 지문: 정보형 도입→밈 이벤트→선수 대결→기관 메시지→핵심 자막·정보 카드. E10 역추적은 아직 확인하지 않음.,공용: 약물안전 상식을 밈·대결 형식과 기관 메시지로 전환,약물안전·도핑방지·선수건강,김주성·오약·선영,미사용,,후보,검토,canonical 콘텐츠 행의 직접 기록 필드로 신규 카드 생성. 약사 사용 1계정만 확인; 추가 사용 수·E10 역추적·중간 프레임은 후속 대상.
FMT-EXPERIENCE-EVIDENCE-TIP-001,경험 질문·근거 탐색 생활팁형,경험 제시→근거 탐색→생활 팁,상황 질문형,경험 제시→근거 탐색→생활 팁,,핵심 자막·선택 기준,,,,,https://www.instagram.com/woori_yaksa/reel/DbK-dmEhvb6/,,1,1,2026-07-23,2026-07-23,무주공산,국내 약사 인플루언서,미조사,검토,canonical contents.csv에 직접 기록된 훅·구조·편집장치 지문: 상황 질문형→경험 제시→근거 탐색→생활 팁→핵심 자막·선택 기준. E10 역추적은 아직 확인하지 않음.,김주성: 건강 경험에서 성분·복약 근거를 탐색해 생활팁으로 마무리,혈당·염증·생활습관·근거,선영,미사용,,후보,검토,canonical 콘텐츠 행의 직접 기록 필드로 신규 카드 생성. 약사 사용 1계정만 확인; 추가 사용 수·E10 역추적·중간 프레임은 후속 대상.
FMT-QUESTION-CONTRAINDICATION-GUIDE-001,가능·금기 구분 질문형,선택 질문→가능·금기 구분→근거,상황 질문형,선택 질문→가능·금기 구분→근거,,핵심 자막·선택 기준,,,,,https://www.instagram.com/yeogi_yaksa/reel/DaPuWFeIbDn/,,2,2,2026-07-01,2026-08-09,여유 있음,국내 약사 인플루언서,미조사,검토,canonical contents.csv에 직접 기록된 훅·구조·편집장치 지문: 상황 질문형→선택 질문→가능·금기 구분→근거→핵심 자막·선택 기준. E10 역추적은 아직 확인하지 않음.,김주성: 복용 가능·금기 상황을 질문으로 열고 근거로 정리,여성건강·임신준비·복용 기준,오약·선영,미사용,,후보,검토,canonical 콘텐츠 행의 직접 기록 필드로 신규 카드 생성. 약사 사용 1계정만 확인; 추가 사용 수·E10 역추적·중간 프레임은 후속 대상. | 2026-08-09 23:08:33+09:00 E1 로그인 read-only에서 yaksa_mommy/DZM6VWtS94M의 돼요·안돼요 임신 질문형을 직접 확인; 기존 포맷 사용 2계정·2영상으로 갱신.
FMT-SIDE-EFFECT-MANAGEMENT-QUESTION-001,부작용 항목·관리 기준 질문형,질문→부작용 항목→관리 기준,상황 질문형,질문→부작용 항목→관리 기준,,핵심 자막·선택 기준,,,,,https://www.instagram.com/yaksa_hwanghaeyeon_/reel/DaLTJwJvSBb/,,1,1,2026-06-29,2026-06-29,무주공산,국내 약사 인플루언서,미조사,검토,canonical contents.csv에 직접 기록된 훅·구조·편집장치 지문: 상황 질문형→질문→부작용 항목→관리 기준→핵심 자막·선택 기준. E10 역추적은 아직 확인하지 않음.,김주성: 약물 부작용 항목과 관리 기준을 질문형 자막으로 설명,약물안전·부작용·관리 기준,오약·선영,미사용,,후보,검토,canonical 콘텐츠 행의 직접 기록 필드로 신규 카드 생성. 약사 사용 1계정만 확인; 추가 사용 수·E10 역추적·중간 프레임은 후속 대상.
FMT-CALORIE-MYTH-APPLICATION-001,칼로리 오해 반박·식단 적용형,오해 제시→칼로리 기준→식단 적용,오해 반박형,오해 제시→칼로리 기준→식단 적용,,오해 표시·핵심 자막·선택 기준,,,,,https://www.instagram.com/manyjjju_yaksa/reel/DbAEalhT_pA/,,1,1,2026-07-19,2026-07-19,무주공산,국내 약사 인플루언서,미조사,검토,canonical contents.csv에 직접 기록된 훅·구조·편집장치 지문: 오해 반박형→오해 제시→칼로리 기준→식단 적용→오해 표시·핵심 자막·선택 기준. E10 역추적은 아직 확인하지 않음.,오약: 칼로리 오해를 식품 선택 기준과 다이어트 행동으로 전환,다이어트·칼로리·식단 적용,오약·선영,미사용,,후보,검토,canonical 콘텐츠 행의 직접 기록 필드로 신규 카드 생성. 약사 사용 1계정만 확인; 추가 사용 수·E10 역추적·중간 프레임은 후속 대상.
FMT-ALCOHOL-RANKING-LIVER-001,술 종류 순위·간 건강 기준형,순위형 질문→술 종류별 설명→간 건강 기준,순위형 질문,순위형 질문→술 종류별 설명→간 건강 기준,,순위 숫자·술 종류 카드·핵심 자막,,,,,https://www.instagram.com/ssofit_yaksa/reel/DbTGvDbSlxQ/,,,,,,미측정,국내 메디컬 인접 계정,미조사,검토,canonical contents.csv에 직접 기록된 훅·구조·편집장치 지문: 순위형 질문→순위형 질문→술 종류별 설명→간 건강 기준→순위 숫자·술 종류 카드·핵심 자막. E10 역추적은 아직 확인하지 않음.,오약: 술 종류별 부담과 간 건강 기준을 순위형으로 설명,음주·간 건강·생활습관,오약·선영,미사용,,후보,검토,canonical 콘텐츠 행의 직접 기록 필드로 신규 카드 생성. 약사 사용 1계정만 확인; 추가 사용 수·E10 역추적·중간 프레임은 후속 대상.
FMT-SUPPORT-CALL-ROUTING-001,지원 전화·상담 범위 안내형,막막한 상황→지원 전화→상담 가능 범위,도움 요청형,막막한 상황→지원 전화→상담 가능 범위,,전화번호 강조·상황 자막·지원 범위 카드,,,,,https://www.instagram.com/mohw_kr/reel/Da15rqMkuqO/,,,,,,미측정,국내 메디컬 인접 계정,미조사,검토,canonical contents.csv에 직접 기록된 훅·구조·편집장치 지문: 도움 요청형→막막한 상황→지원 전화→상담 가능 범위→전화번호 강조·상황 자막·지원 범위 카드. E10 역추적은 아직 확인하지 않음.,공용: 건강·복지 지원 상황을 전화와 상담 범위로 연결,보건복지·지원 전화·상담,선영,미사용,,후보,검토,canonical 콘텐츠 행의 직접 기록 필드로 신규 카드 생성. 약사 사용 1계정만 확인; 추가 사용 수·E10 역추적·중간 프레임은 후속 대상.
FMT-RUNNING-SERIES-TEASER-001,시리즈 예고·다음 채널 연결형,기다림 유도→부상 주제→다음 채널 연결,시리즈 예고형,기다림 유도→부상 주제→다음 채널 연결,,다음 편 예고·해시태그·채널 연결,,,,,https://www.instagram.com/run.pharmacist/reel/DWn4bnzkyWO/,,1,1,2026-04-02,2026-04-02,무주공산,국내 약사 인플루언서,미조사,검토,canonical contents.csv에 직접 기록된 훅·구조·편집장치 지문: 시리즈 예고형→기다림 유도→부상 주제→다음 채널 연결→다음 편 예고·해시태그·채널 연결. E10 역추적은 아직 확인하지 않음.,공용: 운동·증상 시리즈를 다음 편 예고와 채널 연결로 운영,운동·부상·약사 상담,김주성·오약·선영,미사용,,후보,검토,canonical 콘텐츠 행의 직접 기록 필드로 신규 카드 생성. 약사 사용 1계정만 확인; 추가 사용 수·E10 역추적·중간 프레임은 후속 대상.
FMT-DAILY-ROUTINE-VLOG-001,하루 계획·관리 루틴 브이로그형,하루 계획→관리 장면→루틴 정리,브이로그 도입형,하루 계획→관리 장면→루틴 정리,,관리 장면 몽타주·일정 자막·빠른 컷,,,,,https://www.instagram.com/lilly_yaksa/reel/DPuPGidE7Xm/,,,,,,미측정,국내 메디컬 인접 계정,미조사,검토,canonical contents.csv에 직접 기록된 훅·구조·편집장치 지문: 브이로그 도입형→하루 계획→관리 장면→루틴 정리→관리 장면 몽타주·일정 자막·빠른 컷. E10 역추적은 아직 확인하지 않음.,선영: 피부·건강 관리 루틴을 하루 계획과 장면 몽타주로 구성,피부·건강관리·일상 루틴,선영,미사용,,후보,검토,canonical 콘텐츠 행의 직접 기록 필드로 신규 카드 생성. 약사 사용 1계정만 확인; 추가 사용 수·E10 역추적·중간 프레임은 후속 대상.
FMT-COOKING-MYTH-VEGETABLE-001,조리 오해 반박·채소 적용형,조리 오해→채소별 주의→식단 적용,조리 오해 반박형,조리 오해→채소별 주의→식단 적용,,채소 장면·조리 전후 비교·핵심 자막,,,,,https://www.instagram.com/medicalkoreaofficial/reel/DZ9ecXpR7Qg/,,,,,,미측정,국내 메디컬 인접 계정,미조사,검토,canonical contents.csv에 직접 기록된 훅·구조·편집장치 지문: 조리 오해 반박형→조리 오해→채소별 주의→식단 적용→채소 장면·조리 전후 비교·핵심 자막. E10 역추적은 아직 확인하지 않음.,공용: 건강 식단 오해를 조리 장면과 채소별 주의로 설명,식단·채소·조리법,선영,미사용,,후보,검토,canonical 콘텐츠 행의 직접 기록 필드로 신규 카드 생성. 약사 사용 1계정만 확인; 추가 사용 수·E10 역추적·중간 프레임은 후속 대상.
FMT-EXPERT-PRODUCT-SELECTION-001,전문가 질문·제품 선택 기준형,전문가 질문→선택 기준→제품 확인 행동,전문가 질문형,전문가 질문→선택 기준→제품 확인 행동,,전문가 인터뷰·키워드 자막·제품 장면,,,,,https://www.instagram.com/cellmed.official/reel/DS3eVcGEqzy/,,,,,,미측정,국내 메디컬 인접 계정,미조사,검토,canonical contents.csv에 직접 기록된 훅·구조·편집장치 지문: 전문가 질문형→전문가 질문→선택 기준→제품 확인 행동→전문가 인터뷰·키워드 자막·제품 장면. E10 역추적은 아직 확인하지 않음.,공용: 성분·제품 선택 질문을 전문가 답변과 확인 행동으로 연결,영양제·성분·제품 선택,김주성·오약·선영,미사용,,후보,검토,canonical 콘텐츠 행의 직접 기록 필드로 신규 카드 생성. 약사 사용 1계정만 확인; 추가 사용 수·E10 역추적·중간 프레임은 후속 대상.
FMT-FAMILIAR-REQUEST-COUNSEL-001,익숙한 요청 뒤집기·상담 기준형,익숙한 요청 제시→다시 물어야 하는 이유→상담 기준 설명,익숙한 요청 뒤집기,익숙한 요청 제시 → 다시 물어야 하는 이유 → 상담 기준 설명,,약사 출연자의 설명과 핵심 질문 자막을 교차 배치,,,,,https://www.instagram.com/baropharm_official/reel/DZuKHedBVwW/,,,,,,미측정,국내 메디컬 인접 계정,미조사,검토,canonical contents.csv에 직접 기록된 훅·구조·편집장치 지문: 익숙한 요청 뒤집기→익숙한 요청 제시 → 다시 물어야 하는 이유 → 상담 기준 설명→약사 출연자의 설명과 핵심 질문 자막을 교차 배치. E10 역추적은 아직 확인하지 않음.,공용: 익숙한 약국 요청을 재질문과 상담 기준으로 전환,복약상담·약물안전·질문,김주성·오약·선영,미사용,,후보,검토,canonical 콘텐츠 행의 직접 기록 필드로 신규 카드 생성. 약사 사용 1계정만 확인; 추가 사용 수·E10 역추적·중간 프레임은 후속 대상.
FMT-SCALP-DO-NOT-USE-001,두피 행동 금지·손상 주의형,행동 금지 제시→이유 설명→피부 손상 주의,행동 금지형,행동 금지 제시 → 이유 설명 → 피부 손상 주의,,행동 장면과 피부 손상 이유를 짧은 자막으로 연결,,,,,https://www.instagram.com/dr.hair_lee/reel/DS9wMOFkqJu/,,1,1,,,무주공산,국내 메디컬 인접 계정,미조사,검토,canonical contents.csv에 직접 기록된 훅·구조·편집장치 지문: 행동 금지형→행동 금지 제시 → 이유 설명 → 피부 손상 주의→행동 장면과 피부 손상 이유를 짧은 자막으로 연결. E10 역추적은 아직 확인하지 않음.,선영: 피부·두피 관리 금지 행동을 손상 이유와 함께 설명,두피·피부관리·행동주의,선영,미사용,,후보,검토,canonical 콘텐츠 행의 직접 기록 필드로 신규 카드 생성. 약사 사용 1계정만 확인; 추가 사용 수·E10 역추적·중간 프레임은 후속 대상.
FMT-HOSPITAL-TRAILER-INTRO-001,영화 예고편형 의료진 소개,영화 예고편 톤→의료진 소개→병원 친밀감 강조,영화 예고편형,영화 예고편 톤 → 의료진 소개 → 병원 친밀감 강조,,예고편 자막과 의료진·병원 장면을 빠르게 조합,,,,,https://www.instagram.com/ok_hira/reel/DauHwloj9rT/,,,,,,미측정,국내 메디컬 인접 계정,미조사,검토,canonical contents.csv에 직접 기록된 훅·구조·편집장치 지문: 영화 예고편형→영화 예고편 톤 → 의료진 소개 → 병원 친밀감 강조→예고편 자막과 의료진·병원 장면을 빠르게 조합. E10 역추적은 아직 확인하지 않음.,공용: 의료진·병원 소개를 예고편 자막과 빠른 장면으로 구성,병원·의료진·브랜딩,선영,미사용,,후보,검토,canonical 콘텐츠 행의 직접 기록 필드로 신규 카드 생성. 약사 사용 1계정만 확인; 추가 사용 수·E10 역추적·중간 프레임은 후속 대상.
FMT-CHECKUP-ADDITIONAL-TEST-001,검진 추가 검사 질문형,검진 상황 제시→추가 검사 항목→질환 위험과 연결,검진 질문형,검진 상황 제시 → 추가 검사 항목 → 질환 위험과 연결,,검사 항목을 해시태그와 짧은 전문의 설명으로 압축,,,,,https://www.instagram.com/yongsanint/reel/DHpEQFYS7Fc/,,,,,,미측정,국내 메디컬 인접 계정,미조사,검토,canonical contents.csv에 직접 기록된 훅·구조·편집장치 지문: 검진 질문형→검진 상황 제시 → 추가 검사 항목 → 질환 위험과 연결→검사 항목을 해시태그와 짧은 전문의 설명으로 압축. E10 역추적은 아직 확인하지 않음.,공용: 검진 항목을 짧은 질문과 전문의 설명으로 연결,건강검진·추가검사·질환위험,선영,미사용,,후보,검토,canonical 콘텐츠 행의 직접 기록 필드로 신규 카드 생성. 약사 사용 1계정만 확인; 추가 사용 수·E10 역추적·중간 프레임은 후속 대상.
FMT-SYMPTOM-WARNING-RESPONSE-001,증상 호전 뒤 위험 경고형,증상 호전 제시→위험 경고→즉시 대응 강조,위험 경고형,증상 호전 제시 → 위험 경고 → 즉시 대응 강조,,경고 이모지와 증상·대응 자막을 단계별로 배치,,,,,https://www.instagram.com/kumedicine_official/reel/DazAdTZgzNO/,,,,,,미측정,국내 메디컬 인접 계정,미조사,검토,canonical contents.csv에 직접 기록된 훅·구조·편집장치 지문: 위험 경고형→증상 호전 제시 → 위험 경고 → 즉시 대응 강조→경고 이모지와 증상·대응 자막을 단계별로 배치. E10 역추적은 아직 확인하지 않음.,공용: 증상 변화 뒤의 위험 신호와 대응 행동을 단계별로 제시,증상·위험신호·대응,김주성·선영,미사용,,후보,검토,canonical 콘텐츠 행의 직접 기록 필드로 신규 카드 생성. 약사 사용 1계정만 확인; 추가 사용 수·E10 역추적·중간 프레임은 후속 대상.
FMT-PRODUCT-EFFICACY-QUESTION-001,제품 기대 뒤집기·효용 질문형,제품 기대감 제시→진짜 효용 질문→근거 확인,제품 기대 뒤집기,제품 기대감 제시 → 진짜 효용 질문 → 근거 확인,,제품명과 질문 자막을 먼저 보여준 뒤 전문가 설명으로 전환,,,,,https://www.instagram.com/gunginam_tv/reel/DNF3H9cSY1_/,,,,,,미측정,국내 메디컬 인접 계정,미조사,검토,canonical contents.csv에 직접 기록된 훅·구조·편집장치 지문: 제품 기대 뒤집기→제품 기대감 제시 → 진짜 효용 질문 → 근거 확인→제품명과 질문 자막을 먼저 보여준 뒤 전문가 설명으로 전환. E10 역추적은 아직 확인하지 않음.,공용: 제품 기대를 효용 질문과 근거 확인으로 전환,영양제·제품효용·근거,김주성·오약·선영,미사용,,후보,검토,canonical 콘텐츠 행의 직접 기록 필드로 신규 카드 생성. 약사 사용 1계정만 확인; 추가 사용 수·E10 역추적·중간 프레임은 후속 대상.
FMT-DRUG-SCORE-COMPARISON-001,약 이름·점수 비교형,약 이름·점수 제시→효과 비교→복용 상황별 선택 기준 안내,점수 비교형,약 이름·점수 제시 → 효과 비교 → 위장 부담 등 선택 기준 안내,,약 이름과 점수를 빠르게 나열한 뒤 복용 상황별 기준을 설명,,,,,https://www.instagram.com/good.yaksa/reel/Da4HZvypQy5/,,1,1,2026-07-16,2026-07-16,여유 있음,국내 약사 인플루언서,미조사,검토,canonical contents.csv에 직접 기록된 훅·구조·편집장치 지문: 점수 비교형→약 이름·점수 제시 → 효과 비교 → 위장 부담 등 선택 기준 안내→약 이름과 점수를 빠르게 나열한 뒤 복용 상황별 기준을 설명. E10 역추적은 아직 확인하지 않음.,김주성·오약·선영: 약 이름과 점수 비교 뒤 복용 상황별 선택 기준 설명,일반의약품·효과비교·복약선택,김주성·오약·선영,미사용,,후보,검토,canonical 콘텐츠 행의 직접 기록 필드로 신규 카드 생성. 약사 사용 1계정만 확인; 추가 사용 수·E10 역추적·중간 프레임은 후속 대상.
FMT-DIET-INGREDIENT-QUESTION-001,다이어트 성분 질문·정보 CTA형,질문형 훅→성분 2개 소개(상세 미확인)→정보 CTA(미확인),질문형,질문형 훅→성분 2개 소개(상세 미확인)→정보 CTA(미확인),20-30초,후킹 자막·릴스,,,,,https://www.instagram.com/ej_yaksa/reel/DVGgD6wk1Y8/,11.5,1,1,2026-02-23,2026-02-23,무주공산,국내 약사 인플루언서,미조사,검토,canonical contents.csv F급 형식 전용 행의 직접 지문: 질문형→질문형 훅→성분 2개 소개(상세 미확인)→정보 CTA(미확인)→후킹 자막·릴스. 기존 등급근거와 사용 수를 유지하며 E10 역추적은 아직 확인하지 않음.,"약국 다이어트템, 성분부터 보세요;당 관리 루틴에서 먼저 볼 두 가지;다이어트 제품 고르기 전 확인할 것",다이어트·약국 다이어트템,오약·선영,미사용,,후보,검토,F급 형식 전용 콘텐츠의 canonical 훅·구조·편집장치로 신규 포맷 카드 생성. 기존 국내 약사 사용 수·포맷소진도는 원장값을 보존하고 추가 사용 수·E10·중간 프레임은 후속 대상. | 2026-08-07T05:19:05+09:00 직접 측정 보완: 대표영상 URL https://www.instagram.com/ej_yaksa/reel/DVGgD6wk1Y8/가 canonical 콘텐츠 EJ-DVGgD6wk1Y8 및 기존 raw duration_seconds 29.907과 일치해 길이대 20-30초를 기록.
FMT-FIELD-EVENT-PARTICIPANT-001,현장 참가자 범위·운동 메시지형,현장 장면→참가자 범위→운동 메시지,현장 도입형,현장 장면→참가자 범위→운동 메시지,,현장 자막·참가자 범위 제시,,,,,https://www.instagram.com/medi2388_/reel/DV7zXo_DmUU/,,1,1,2026-03-15,2026-03-15,무주공산,국내 약사 인플루언서,미조사,검토,canonical contents.csv F급 형식 전용 행의 직접 지문: 현장 도입형→현장 장면→참가자 범위→운동 메시지→현장 자막·참가자 범위 제시. 기존 등급근거와 사용 수를 유지하며 E10 역추적은 아직 확인하지 않음.,약국 앞 10분 걷기 챌린지를 연령대별 장면으로 보여주기,생활습관·연령대별 러닝과 건강,선영,미사용,,후보,검토,F급 형식 전용 콘텐츠의 canonical 훅·구조·편집장치로 신규 포맷 카드 생성. 기존 국내 약사 사용 수·포맷소진도는 원장값을 보존하고 추가 사용 수·E10·중간 프레임은 후속 대상.
FMT-PERSONAL-PROCEDURE-CHOICE-001,개인 시술 경험·선택 이유형,개인 질문→시술 경험→선택 이유,개인 경험 도입형,개인 질문→시술 경험→선택 이유,,시술 장면·개인 자막·선택 이유,,,,,https://www.instagram.com/ewha_yaksa/reel/DB9AAkCg20L/,,1,1,2024-11-04,2024-11-04,무주공산,국내 약사 인플루언서,미조사,검토,canonical contents.csv F급 형식 전용 행의 직접 지문: 개인 경험 도입형→개인 질문→시술 경험→선택 이유→시술 장면·개인 자막·선택 이유. 기존 등급근거와 사용 수를 유지하며 E10 역추적은 아직 확인하지 않음.,피부 시술을 고민할 때 약사가 먼저 확인하는 선택 기준,피부·뷰티·울쎄라 리프팅 경험,선영,미사용,,후보,검토,F급 형식 전용 콘텐츠의 canonical 훅·구조·편집장치로 신규 포맷 카드 생성. 기존 국내 약사 사용 수·포맷소진도는 원장값을 보존하고 추가 사용 수·E10·중간 프레임은 후속 대상.
FMT-WEEKDAY-WEEKEND-WALK-001,평일 루틴·주말 걷기형,평일 루틴→주말 걷기→생활습관 메시지,루틴 도입형,평일 루틴→주말 걷기→생활습관 메시지,,루틴 자막·일상 장면·운동 컷,,,,,https://www.instagram.com/muse_yaksa/reel/DX9gIi-pen-/,,1,1,2026-05-05,2026-05-05,무주공산,국내 약사 인플루언서,미조사,검토,canonical contents.csv F급 형식 전용 행의 직접 지문: 루틴 도입형→평일 루틴→주말 걷기→생활습관 메시지→루틴 자막·일상 장면·운동 컷. 기존 등급근거와 사용 수를 유지하며 E10 역추적은 아직 확인하지 않음.,약사가 실천하는 약 챙기기와 수면 루틴,생활습관·식단·웨이트·걷기 루틴,선영,미사용,,후보,검토,F급 형식 전용 콘텐츠의 canonical 훅·구조·편집장치로 신규 포맷 카드 생성. 기존 국내 약사 사용 수·포맷소진도는 원장값을 보존하고 추가 사용 수·E10·중간 프레임은 후속 대상.
FMT-MEDICAL-TECH-BRAND-FILM-001,의료기술 브랜드 필름형,위기 상황→의료기술 메시지→브랜드 선언,브랜드 선언형,위기 상황→의료기술 메시지→브랜드 선언,,브랜드 필름 컷·의료기술 자막·감정 음악,,,,,https://www.instagram.com/hello_khidi/reel/Da7ABcPSFJf/,,0,0,,,무주공산,국내 메디컬 인접 계정,미조사,검토,canonical contents.csv F급 형식 전용 행의 직접 지문: 브랜드 선언형→위기 상황→의료기술 메시지→브랜드 선언→브랜드 필름 컷·의료기술 자막·감정 음악. 기존 등급근거와 사용 수를 유지하며 E10 역추적은 아직 확인하지 않음.,약을 고르는 순간을 환자의 싸움과 회복 메시지로 연결하기,약국·의료현장·메디컬코리아 브랜드 필름,선영,미사용,,후보,검토,F급 형식 전용 콘텐츠의 canonical 훅·구조·편집장치로 신규 포맷 카드 생성. 기존 국내 약사 사용 수·포맷소진도는 원장값을 보존하고 추가 사용 수·E10·중간 프레임은 후속 대상.
FMT-CARE-TEAM-INTRO-001,환자 목표·의료진 팀 판단형,환자 목표 제시 → 의료진 역할 → 팀의 판단 강조,의료진 팀 소개,환자 목표 제시 → 의료진 역할 → 팀의 판단 강조,,의료진 초상과 수술·진료 공간을 짧은 문장으로 연결,,,,,https://www.instagram.com/kuansanhospital/reel/Dbm2wdRiGgf/,,0,0,,,무주공산,국내 메디컬 인접 계정,미조사,검토,canonical contents.csv F급 형식 전용 행의 직접 지문: 의료진 팀 소개→환자 목표 제시 → 의료진 역할 → 팀의 판단 강조→의료진 초상과 수술·진료 공간을 짧은 문장으로 연결. 기존 등급근거와 사용 수를 유지하며 E10 역추적은 아직 확인하지 않음.,약국 상담의 목표를 먼저 제시하고 그 목표를 지키는 구성원의 역할을 한 컷씩 소개한다.,약국·의료현장·뇌종양센터 의료진 이야기,공용,미사용,,후보,검토,F급 형식 전용 콘텐츠의 canonical 훅·구조·편집장치로 신규 포맷 카드 생성. 기존 국내 약사 사용 수·포맷소진도는 원장값을 보존하고 추가 사용 수·E10·중간 프레임은 후속 대상.
FMT-STAFF-STORY-THANKS-001,직원 등장·환자 감사 사연형,사연 소개 → 직원 등장 → 환자 중심 메시지,사연 축하형,사연 소개 → 직원 등장 → 환자 중심 메시지,,직원 초상과 환자 사연 자막을 차분하게 연결,,,,,https://www.instagram.com/cnuh_official/reel/C5zcV4xS1-Z/,,0,0,,,무주공산,국내 메디컬 인접 계정,미조사,검토,canonical contents.csv F급 형식 전용 행의 직접 지문: 사연 축하형→사연 소개 → 직원 등장 → 환자 중심 메시지→직원 초상과 환자 사연 자막을 차분하게 연결. 기존 등급근거와 사용 수를 유지하며 E10 역추적은 아직 확인하지 않음.,약국에서 신뢰를 만든 상담 행동을 고객 사연과 구성원 한 문장으로 보여준다.,약국·의료현장·병원 친절 직원 이야기,선영,미사용,,후보,검토,F급 형식 전용 콘텐츠의 canonical 훅·구조·편집장치로 신규 포맷 카드 생성. 기존 국내 약사 사용 수·포맷소진도는 원장값을 보존하고 추가 사용 수·E10·중간 프레임은 후속 대상.
FMT-HOSPITAL-APP-TOUR-001,병원 현장·앱 이용 안내형,현장 방문 → 앱 소개 → 이용 장면,현장 체험형,현장 방문 → 앱 소개 → 이용 장면,,병원 현장 방문과 앱 설명 장면을 짧게 연결,,,,,https://www.instagram.com/khis_insta/reel/DTPaymmCXrw/,,0,0,,,무주공산,국내 메디컬 인접 계정,미조사,검토,canonical contents.csv F급 형식 전용 행의 직접 지문: 현장 체험형→현장 방문 → 앱 소개 → 이용 장면→병원 현장 방문과 앱 설명 장면을 짧게 연결. 기존 등급근거와 사용 수를 유지하며 E10 역추적은 아직 확인하지 않음.,약 복용 기록·상담 준비 서비스를 약국 방문 전후의 실제 장면으로 설명한다.,약국·의료현장·나의건강기록 앱 현장 홍보,공용,미사용,,후보,검토,F급 형식 전용 콘텐츠의 canonical 훅·구조·편집장치로 신규 포맷 카드 생성. 기존 국내 약사 사용 수·포맷소진도는 원장값을 보존하고 추가 사용 수·E10·중간 프레임은 후속 대상.
FMT-NURSE-THANKS-STORY-001,간호사 인터뷰·감사 사연형,사연 전달 → 간호사 출연 → 감사 메시지,감사 사연형,사연 전달 → 간호사 출연 → 감사 메시지,,사연 자막과 간호사 인터뷰를 감정선 중심으로 연결,,,,,https://www.instagram.com/nmc_official/reel/Dbc4dpIRU65/,,0,0,,,무주공산,국내 메디컬 인접 계정,미조사,검토,canonical contents.csv F급 형식 전용 행의 직접 지문: 감사 사연형→사연 전달 → 간호사 출연 → 감사 메시지→사연 자막과 간호사 인터뷰를 감정선 중심으로 연결. 기존 등급근거와 사용 수를 유지하며 E10 역추적은 아직 확인하지 않음.,고객의 감사·질문·후기를 구성원의 실제 답변과 연결해 신뢰를 만든다.,약국·의료현장·환자 감사 사연과 간호사,선영,미사용,,후보,검토,F급 형식 전용 콘텐츠의 canonical 훅·구조·편집장치로 신규 포맷 카드 생성. 기존 국내 약사 사용 수·포맷소진도는 원장값을 보존하고 추가 사용 수·E10·중간 프레임은 후속 대상.
FMT-CHECKUP-CENTER-TOUR-001,검진 센터 방문·이용 안내형,센터 방문 → 공간·검진 소개 → 이용 유도,방문 탐색형,센터 방문 → 공간·검진 소개 → 이용 유도,,검진 공간과 안내 문구를 이동 동선처럼 연결,,,,,https://www.instagram.com/komef_official/reel/CwfUBGbIOsA/,,0,0,,,무주공산,국내 메디컬 인접 계정,미조사,검토,canonical contents.csv F급 형식 전용 행의 직접 지문: 방문 탐색형→센터 방문 → 공간·검진 소개 → 이용 유도→검진 공간과 안내 문구를 이동 동선처럼 연결. 기존 등급근거와 사용 수를 유지하며 E10 역추적은 아직 확인하지 않음.,약국 상담 공간과 추천 동선을 실제 방문자의 시선으로 보여준다.,약국·의료현장·종합검진센터 방문 소개,선영,미사용,,후보,검토,F급 형식 전용 콘텐츠의 canonical 훅·구조·편집장치로 신규 포맷 카드 생성. 기존 국내 약사 사용 수·포맷소진도는 원장값을 보존하고 추가 사용 수·E10·중간 프레임은 후속 대상.
FMT-DEADLINE-TOOL-ANNOUNCE-001,기한 변경·지원 도구 안내형,기한 변경 제시 → 지원 도구 소개 → 이용 유도,기한 변경 공지형,기한 변경 제시 → 지원 도구 소개 → 이용 유도,,기한 변경과 확장 프로그램 기능을 순서대로 제시,,,,,https://www.instagram.com/yakmanager_official/reel/DOaYqrsCRC8/,,0,0,,,무주공산,국내 메디컬 인접 계정,미조사,검토,canonical contents.csv F급 형식 전용 행의 직접 지문: 기한 변경 공지형→기한 변경 제시 → 지원 도구 소개 → 이용 유도→기한 변경과 확장 프로그램 기능을 순서대로 제시. 기존 등급근거와 사용 수를 유지하며 E10 역추적은 아직 확인하지 않음.,약국 상담·재고·복약 실무의 기한과 준비물을 한 화면 체크리스트로 전달한다.,약국·의료현장·불용재고 반품사업 안내,김주성,미사용,,후보,검토,F급 형식 전용 콘텐츠의 canonical 훅·구조·편집장치로 신규 포맷 카드 생성. 기존 국내 약사 사용 수·포맷소진도는 원장값을 보존하고 추가 사용 수·E10·중간 프레임은 후속 대상.
FMT-WEEKEND-CHECKUP-HOURS-001,요일별 진료시간 카드형,평일 시간 → 토요일 시간 → 일요일 검진 안내,이용 안내형,평일 시간 → 토요일 시간 → 일요일 검진 안내,,요일별 시간을 카드 자막으로 나눠 제시,,,,,https://www.instagram.com/thebareun_clinic/reel/DbE8Dk4JbkV/,,0,0,,,무주공산,국내 메디컬 인접 계정,미조사,검토,canonical contents.csv F급 형식 전용 행의 직접 지문: 이용 안내형→평일 시간 → 토요일 시간 → 일요일 검진 안내→요일별 시간을 카드 자막으로 나눠 제시. 기존 등급근거와 사용 수를 유지하며 E10 역추적은 아직 확인하지 않음.,약국 운영시간·상담 가능 시간·예약 준비물을 요일별 카드로 안내한다.,약국·의료현장·내과 진료·건강검진 시간 안내,선영,미사용,,후보,검토,F급 형식 전용 콘텐츠의 canonical 훅·구조·편집장치로 신규 포맷 카드 생성. 기존 국내 약사 사용 수·포맷소진도는 원장값을 보존하고 추가 사용 수·E10·중간 프레임은 후속 대상.
FMT-PATIENT-SAFETY-CAMPAIGN-001,부서별 환자안전 캠페인형,행사 소개 → 부서별 메시지 → 환자안전 다짐,캠페인 메시지형,행사 소개 → 부서별 메시지 → 환자안전 다짐,,부서별 한 문장 메시지를 빠르게 이어 붙임,,,,,https://www.instagram.com/kangnam_humc/reel/DAVPIkti_ms/,,0,0,,,무주공산,국내 메디컬 인접 계정,미조사,검토,canonical contents.csv F급 형식 전용 행의 직접 지문: 캠페인 메시지형→행사 소개 → 부서별 메시지 → 환자안전 다짐→부서별 한 문장 메시지를 빠르게 이어 붙임. 기존 등급근거와 사용 수를 유지하며 E10 역추적은 아직 확인하지 않음.,약국 안전 수칙을 구성원별 한 문장 약속으로 이어 붙이는 캠페인을 만든다.,약국·의료현장·환자안전 주간 메시지,선영,미사용,,후보,검토,F급 형식 전용 콘텐츠의 canonical 훅·구조·편집장치로 신규 포맷 카드 생성. 기존 국내 약사 사용 수·포맷소진도는 원장값을 보존하고 추가 사용 수·E10·중간 프레임은 후속 대상.
FMT-STUDENT-PHARMACY-VISIT-001,학생 방문·진로 질문형,학생 방문 → 약국·사무실 소개 → 미래 직업 질문,학생 방문형,학생 방문 → 약국·사무실 소개 → 미래 직업 질문,,방문 공간과 진로 질문을 인터뷰형으로 연결,,,,,https://www.instagram.com/knjbio.academy/reel/DOk29hHj8_f/,,0,0,,,무주공산,국내 메디컬 인접 계정,미조사,검토,canonical contents.csv F급 형식 전용 행의 직접 지문: 학생 방문형→학생 방문 → 약국·사무실 소개 → 미래 직업 질문→방문 공간과 진로 질문을 인터뷰형으로 연결. 기존 등급근거와 사용 수를 유지하며 E10 역추적은 아직 확인하지 않음.,약국 업무를 예비 약사의 질문과 현장 장면으로 나눠 소개한다.,약국·의료현장·약사 진로 세미나,김주성,미사용,,후보,검토,F급 형식 전용 콘텐츠의 canonical 훅·구조·편집장치로 신규 포맷 카드 생성. 기존 국내 약사 사용 수·포맷소진도는 원장값을 보존하고 추가 사용 수·E10·중간 프레임은 후속 대상.
FMT-CAREER-CHOICE-SEMINAR-001,진로 선택지·세미나 안내형,합격 축하 → 진로 선택 질문 → 세미나 안내,진로 질문형,합격 축하 → 진로 선택 질문 → 세미나 안내,,세 가지 진로 선택지를 짧은 카드로 나눠 제시,,,,,https://www.instagram.com/pharmplay_official/reel/C2zmsmVJSSQ/,,0,0,,,무주공산,국내 메디컬 인접 계정,미조사,검토,canonical contents.csv F급 형식 전용 행의 직접 지문: 진로 질문형→합격 축하 → 진로 선택 질문 → 세미나 안내→세 가지 진로 선택지를 짧은 카드로 나눠 제시. 기존 등급근거와 사용 수를 유지하며 E10 역추적은 아직 확인하지 않음.,약국 근무 상황별 선택지를 질문 카드와 현장 사례로 설명한다.,약국·의료현장·신입 약사 진로 세미나,김주성,미사용,,후보,검토,F급 형식 전용 콘텐츠의 canonical 훅·구조·편집장치로 신규 포맷 카드 생성. 기존 국내 약사 사용 수·포맷소진도는 원장값을 보존하고 추가 사용 수·E10·중간 프레임은 후속 대상.
FMT-INTERNATIONAL-CARE-ROUTING-001,국제진료 방문 절차 안내형,국제진료 소개 → 방문객 안내 → 이용 정보 제시,이용 안내형,국제진료 소개 → 방문객 안내 → 이용 정보 제시,,국제진료팀 장면과 방문 절차 자막을 순서대로 제시,,,,,https://www.instagram.com/sam_hospital/reel/DaRCqNvFBm3/,,0,0,,,무주공산,국내 메디컬 인접 계정,미조사,검토,canonical contents.csv F급 형식 전용 행의 직접 지문: 이용 안내형→국제진료 소개 → 방문객 안내 → 이용 정보 제시→국제진료팀 장면과 방문 절차 자막을 순서대로 제시. 기존 등급근거와 사용 수를 유지하며 E10 역추적은 아직 확인하지 않음.,약국 첫 방문 고객을 위해 상담 절차와 준비물을 담당자 안내로 짧게 보여준다.,약국·의료현장·외국인 환자 진료 안내,선영,미사용,,후보,검토,F급 형식 전용 콘텐츠의 canonical 훅·구조·편집장치로 신규 포맷 카드 생성. 기존 국내 약사 사용 수·포맷소진도는 원장값을 보존하고 추가 사용 수·E10·중간 프레임은 후속 대상.
FMT-FOOD-MAKING-HEALTH-001,식품 제작·건강관리 메시지형,생활 질문 → 식품 만드는 장면 → 건강관리 메시지,생활 장면형,생활 질문 → 식품 만드는 장면 → 건강관리 메시지,,식재료와 작업 장면을 짧은 설명 자막과 교차 편집,,,,,https://www.instagram.com/cnchospital/reel/DYMM6DQPkqQ/,,0,0,,,무주공산,국내 메디컬 인접 계정,미조사,검토,canonical contents.csv F급 형식 전용 행의 직접 지문: 생활 장면형→생활 질문 → 식품 만드는 장면 → 건강관리 메시지→식재료와 작업 장면을 짧은 설명 자막과 교차 편집. 기존 등급근거와 사용 수를 유지하며 E10 역추적은 아직 확인하지 않음.,약국 건강상담 주제를 식품·생활 장면과 연결해 하루 습관으로 보여준다.,생활습관·환자 건강 식생활,선영,미사용,,후보,검토,F급 형식 전용 콘텐츠의 canonical 훅·구조·편집장치로 신규 포맷 카드 생성. 기존 국내 약사 사용 수·포맷소진도는 원장값을 보존하고 추가 사용 수·E10·중간 프레임은 후속 대상.
FMT-WEEKLY-MEDICAL-NEWS-001,주간 의료뉴스 카드형,주간뉴스 소개 → 주요 소식 나열 → 연구·진료 성과 강조,주간뉴스형,주간뉴스 소개 → 주요 소식 나열 → 연구·진료 성과 강조,,행사·평가·진료·연구 소식을 빠른 카드 자막으로 연결,,,,,https://www.instagram.com/cnuh_01/reel/DaT5q9FJFib/,,0,0,,,무주공산,국내 메디컬 인접 계정,미조사,검토,canonical contents.csv F급 형식 전용 행의 직접 지문: 주간뉴스형→주간뉴스 소개 → 주요 소식 나열 → 연구·진료 성과 강조→행사·평가·진료·연구 소식을 빠른 카드 자막으로 연결. 기존 등급근거와 사용 수를 유지하며 E10 역추적은 아직 확인하지 않음.,약국의 한 주 소식을 상담 사례·재고 운영·건강 정보 세 카드로 묶어 주간뉴스로 만든다.,약국·의료현장·병원 주간뉴스,선영,미사용,,후보,검토,F급 형식 전용 콘텐츠의 canonical 훅·구조·편집장치로 신규 포맷 카드 생성. 기존 국내 약사 사용 수·포맷소진도는 원장값을 보존하고 추가 사용 수·E10·중간 프레임은 후속 대상.
FMT-TRAVEL-MED-KIT-CHECKLIST-001,여행 상비약 증상별 체크리스트 캐러셀,여행 상황별로 필요한 상비약을 증상·용도별 체크리스트 카드로 나눠 저장 행동을 유도하는 캐러셀,체크리스트형,여행 전 준비 질문→해열·진통·감기·소화·지사·멀미·상처·알레르기 등 상황별 목록→저장·공유·댓글/DM CTA,,증상별 카드 분할·약 품목 자막·체크리스트·저장 CTA,정보 카드형 캐러셀,증상·상황명 중심의 큰 제목과 약 품목 목록,하,카드 디자인 도구,https://www.instagram.com/p/DLhXpBnhH5Q/;https://www.instagram.com/p/DLmvta9yvub/,,2,2,2025-06-30,2025-07-02,여유 있음,미조사,미조사,상,약국·의료현장·육아·여행 등 여러 주제에 증상별 목록과 저장 CTA를 재사용할 수 있음. 국내 동일 지문 역추적은 미측정.,약국에서 자주 묻는 여행 상비약; 아이와 해외여행 전 준비약; 계절별 휴가 상황별 약 파우치,약물안전·복약·육아·여행·응급대비,,미사용,,후보,검토,"2026-08-07 jasin_yaksa DLhXpBnhH5Q 직접 확인으로 신규 카드 생성. 국내 약사 사용 계정수·영상수는 현재 canonical 직접 매핑 1건만 기록하고, 동일 지문 역추적과 소진도는 후속 측정 대상으로 둠. | 2026-08-07 iam_yaksa DLmvta9yvub 직접 확인으로 동일 여행 상비약 체크리스트 지문 추가. 국내 약사 사용 수 2계정·2영상으로 보정하고 소진도를 여유 있음으로 갱신; 대표배수는 조회수 미노출로 미측정."
FMT-WOMENS-OTC-SYMPTOM-TOP5-001,여성 증상별 약국템 TOP5 가이드형,여성 증상 5개를 증상별 일반약·외용제 선택지로 나누고 주의점을 남기는 포맷,증상 목록형,0-3초 여성 증상 질문→3-45초 증상별 약국템 5개→45-55초 선택·주의 CTA,45-60초,증상별 번호·제품군 카드·주의 문구·저장 CTA,정보 카드형 캐러셀,증상명·제품명·주의점 대비,중,스마트폰·제품 패키지·비교 카드,https://www.instagram.com/good.yaksa/p/DbhCUgWgeEr/,,1,1,,,무주공산,여성건강·약국템,미조사,상,여성 증상별 선택지를 약국 상담 문법으로 나눠 저장성과 상담 행동을 만들 수 있음,생리통·질염 의심·안면 다한증·부종·치질 증상별로 일반약·외용제와 진료 신호를 분리하고 임신·수유·금기·사용법을 카드에 고정한다. 제품 효능을 단정하지 않는다.,여성건강·생리통·질염 의심·부종·다한증·치질·일반의약품,김주성·오약·선영,미사용,,후보,,2026-08-09 E1 로그인 read-only 직접 상세에서 여성 증상별 약국템 5개 섹션 구조를 확인해 신규 포맷 카드 생성. 정확한 게시일·조회수·정확 좋아요는 미확인.
FMT-CHILD-IMMUNE-6-STACK-001,아이 감기·면역 성분 6종 스택형,아이 건강 불안에 대한 개인 경험 훅 뒤에 면역 관련 성분 6가지와 제품 정보를 묶어 설명하는 형식,개인 경험 고백형,아이 건강 자신감 훅 0-4초→성분 1-6번 4-35초→제품 정보 35-50초→댓글·DM 상담 CTA 50-60초,45-60초,6개 번호·성분명·면역세포 키워드·제품명 자막,약사 설명 릴스,큰 숫자·성분명·면역 기능 키워드,중,스마트폰·제품 패키지·성분 카드,https://www.instagram.com/oneul_pharmacy/reel/DXTvQBmibk6/,,1,1,2026-04-19,2026-04-19,무주공산,미조사,미조사,상,개인 경험 훅·6개 번호 목록·제품 정보·상담 CTA의 순서를 국내 약사 건강교육으로 바꿀 수 있음,"예방을 보장하는 개인 경험은 제거하고, 아이 감기·면역 주제에 연령별 섭취 기준·중복 성분 확인·복용 중 약·진료 신호를 붙임",아이 감기·면역·영양제 중복·약물안전,김주성·오약·선영·공용,미사용,,후보,검토,제품명과 효능 주장은 근거 확인 후 사용. 어린이 연령·중복 성분·진료 신호를 화면에 고정.
FMT-CHILD-PROTEIN-BREAKFAST-11-001,성장기 단백질 아침메뉴 11선,성장기 아이의 아침 단백질 부족 문제를 11개 메뉴·재료·레시피 경로로 정리하는 포맷,부모 고민형,0-3초 아침 단백질 부족 질문→3-30초 11개 메뉴·재료→30-40초 레시피 경로·댓글 자료 CTA,30-45초,11개 번호·메뉴·재료·레시피 경로·댓글 CTA,화면 자료 중심 릴스,메뉴명·재료·단백질 키워드 강조,중,스마트폰·식사 이미지·카드 템플릿,https://www.instagram.com/oneul_pharmacy/reel/DVPcCnvEgi2/,4.16,1,1,,,무주공산,육아·식단·성장기,미조사,상,"부모가 바로 적용할 수 있는 메뉴 목록과 레시피 경로를 결합해 저장·재방문 행동을 만들며, 약국의 복약 준비물·검진 전 식사·아이 약 복용 간식으로 각색할 수 있다.",성장기 영양 필요량을 단정하지 않고 연령·알레르기·조리시간·편식 상황별 아침식사 선택 기준을 제시한다.,아이 아침식사·단백질·편식·성장기 영양,선영·공용,미사용,,후보,검토,"2026-08-09 E1 직접 확인. 프로필 릴스 탭 조회수 3.2만, 상세 지표 좋아요 398·댓글 4.7천·리포스트 10. 원본 프레임과 정확한 영상 길이는 미측정."
FMT-CHILD-SUPPLEMENT-MYTH-3CHECK-001,아이 영양제 3종 근거 반박형,아이에게 주는 영양제 불안을 성장·수면·눈 3개 제품군의 근거·주의·진료 기준으로 나누어 설명,도발·부정형,0-3초 절대 주지 않는다는 선언→3-18초 키성장 영양제 근거·가격 점검→18-32초 멜라토닌 수면 환경 점검→32-48초 루테인 효용·안과 진료 안내→48-55초 댓글·상담 CTA,45-60초,3개 번호·금지/경고 자막·근거 수치·진료 대안,약사 설명 릴스,제품군·근거 수치·진료 신호 강조,하,스마트폰·성분 카드,https://www.instagram.com/oneul_pharmacy/reel/DazcziSpCdZ/,1.69,1,1,2026-07-15,2026-07-15,무주공산,미조사,미조사,상,3개 제품군을 부정·근거·대안 순서로 설명해 약사 권위와 부모 고민을 결합한다. 성분·연령 기준과 진료 신호를 고정하면 안전하게 이식할 수 있다.,"아이에게 주지 않는다는 표현을 제품 공격으로 쓰지 않고, 연령·근거 수준·중복 성분·진료 필요 신호를 3개 카드로 정리한다.",어린이 영양제·키성장·수면·눈건강·근거 판별,김주성·오약·선영·공용,미사용,,후보,검토,"2026-08-09 E1 직접 확인. 일반 건강 통념 반박 형식과 개념상 겹치지만, 어린이 영양제 3종을 부정 선언→근거 반박→생활·진료 대안으로 연결한 국내 약사 지문은 미사용으로 판단해 신규 카드 생성. 본문 댓글의 공동구매 마감 안내는 상업성 메모로 보존."
FMT-SANITARY-PAD-TOP5-001,유기농 순면 생리대 TOP5 비교형,생리대의 커버·날개·흡수체 소재와 인증을 기준으로 제품 5개를 순위화하는 포맷,랭킹형,광고 아님 표기→0-5초 소재 기준 제시→5-45초 5위~1위 제품 비교→45-60초 선택 기준·저장 CTA,30-60초,제품 패키지·순위 번호·커버/날개/흡수체 소재 배지·인증 배지,제품 소개형 릴스,순위 번호와 소재명을 크게 대비,중,스마트폰·제품 패키지·비교 자막,,,1,1,2026-08-09,2026-08-09,무주공산,여성건강·생활용품,미조사,상,상비약·외용제·육아 위생용품을 소재·기능·사용 상황 TOP5로 비교 가능,약국 여성건강 제품 선택 질문→소재·주의점 기준→제품 순위→구매 전 체크리스트,생리대·여성용품·피부 민감도·생활안전,선영·오약·공용,미사용,,후보,검토,조회수 미노출. 광고❌ 표기·상대 게시 시점 2일·직접 지표를 확인했으며 인증·피부 자극 주장은 별도 근거 검토 필요.
FMT-SKIN-BRIGHTENING-ROUTINE-001,먹는·바르는 피부 톤 루틴형,경구 성분·화장품·자외선 차단을 아침·저녁 루틴으로 묶어 피부 톤 고민에 답하는 포맷,루틴형,0-3초 피부 톤 질문→3-15초 먹는 성분·복용량→15-30초 식단·당화 연결→30-50초 아침·저녁 바르는 성분→50-60초 주의·댓글 CTA,45-60초,아침·저녁 아이콘·성분명·용량 숫자·주의 박스·제품 제공 disclosure,약사 설명형 릴스,먹는 것·바르는 것·주의 문구를 시간대별로 대비,중,스마트폰·성분 카드·제품 패키지,https://www.instagram.com/fit_yaksa/reel/DZ4sSGHCxhY/,,1,1,2026-06-22,2026-06-22,무주공산,피부·뷰티,미조사,중,"먹는 성분과 바르는 성분을 시간대별로 나눠 저장 가치를 만들지만, 메가도스·피부 톤 변화 주장은 근거 검토 후 각색해야 한다.",경구 성분·화장품·자외선 차단을 피부 고민별 체크리스트로 바꾸고 복용 금기·자극 신호를 먼저 제시한다.,피부 톤·자외선·레티놀·비타민C·나이아신아마이드,선영·오약·공용,미사용,,후보,검토,조회수 미노출. 본문에 광고x 표기와 별도 리뷰 의무 없는 제품 제공 disclosure가 함께 있어 광고 판정은 불명으로 보존. 메가도스·미백 보장 표현은 그대로 이식하지 않음.
FMT-DIET-MENU-TOP5-SCORECARD-001,다이어트 외식 메뉴 TOP5 영양점수형,다이어트 중 먹고 싶은 외식 메뉴를 칼로리·당류·단백질 등 3개 영양 지표로 순위화하는 포맷,랭킹형,0-3초 외식 고민 훅→3-10초 평가 지표→10-45초 5위~1위 메뉴·수치 비교→45-55초 사이드·음료 대체→55-60초 저장 CTA,45-60초,순위 번호·kcal·당류·단백질 숫자 카드·메뉴 패키지,약사 설명형 릴스,메뉴명보다 영양 수치를 크게 대비,하,스마트폰·영양성분표·메뉴 이미지,https://www.instagram.com/oyakstory/reel/DbnJ8PqPblc/,,1,1,,,무주공산,푸드·다이어트,미조사,상,칼로리 하나로 금지하지 않고 당류·단백질을 함께 보여 줘 외식 선택에 바로 적용할 수 있다.,햄버거 대신 편의점 간식·상비 식품·약국 영양제 등 비교 가능한 제품군으로 교체하고 영양성분표 출처를 고정한다.,다이어트 외식·간식·칼로리·당류·단백질,오약·선영·공용,미사용,,후보,검토,5일 전 게시물에서 칼로리·당류·단백질 3지표 TOP5를 확인. 조회수 미노출로 대표 배수는 미측정. 제품 라벨과 게시 시점 수치 재확인 필요.
FMT-PROBIOTIC-LABEL-6CHECK-001,유산균 라벨 6항목 팩트체크형,유산균 제품을 보장균수·균주·생산지·표기 기준 6개 항목으로 확인하는 체크리스트,팩트체크형,유산균 선택 질문→보장균수·균주·생산지 등 6개 항목 확인→개인차·복용 주의→저장 CTA,,6개 번호·CFU·균주명 자막·체크리스트,정보 카드형 게시물,항목별 체크박스·CFU·균주명 강조,중,제품 라벨·성분표·체크리스트 카드,https://www.instagram.com/ssofit_yaksa/p/DYevRZwyJJq/,,1,1,2026-05-18,2026-05-18,무주공산,영양제·제품비교·건기식 라벨,미조사,상,제품명을 정답처럼 제시하지 않고 보장균수·균주·생산지·표기 기준을 구매 전 체크리스트로 분해해 다른 영양제 라벨에도 확장할 수 있음,유산균 대신 오메가3·비타민·철분 라벨을 같은 항목 구조로 확인하고 허가된 기능성·복용 중 약·개인별 상담 기준을 고정,유산균·프로바이오틱스·장건강·건기식 라벨,김주성·오약·공용,미사용,,후보,검토,2026-08-10 ssofit_yaksa DYevRZwyJJq 직접 확인으로 신규 카드 생성. 11주·5월 18일 표시, 좋아요 211·댓글 339·리포스트 19·조회수 미노출. 프로필 공구·판매링크 맥락은 별도 보존하며 대상 게시물 광고 여부는 불명.
