ID,발견일시,발견엔진,계정핸들,계정명,팔로워,계정유형,국가,게시일,경과일,영상URL,shortcode,형식(릴스·캐러셀),길이초,조회수,좋아요,댓글,계정중앙조회수,배수,좋아요율,계정평소좋아요율,참여율비,댓글좋아요비,광고점수,광고판정,광고근거,카테고리,소주제,진입각도,증상·성분키워드,포맷ID,훅유형,훅문구(첫3초 자막 원문),구조,편집장치,촬영,길이대,음원명,포맷소진도,국내약사사용계정수,이식후보여부,용도(내용·형식·둘다),배정가능(김주성·오약·선영·공용·불가),등급,제외사유,한줄요약,왜터졌나(가설),우리버전제안(훅 문구 3개),캡처파일,이식심사점수,사람검토,사람메모,지표수집일시,썸네일파일
OYAK-DbVMg0nvMtU,2026-08-04T19:15:03+09:00,E1,oyakstory,오약 | 영양제 • 이너뷰티 | 오주헌 약사,2935,국내 약사 인플루언서,,2026-07-28,8,https://www.instagram.com/oyakstory/reel/DbVMg0nvMtU/,DbVMg0nvMtU,릴스,39,135199,1205,17,7020,19.26,0.008913,0.032179,0.277,0.0141,0,광고아님,캡션에 광고 표기 없음,의약품·약국템,일반의약품 비교,유명 제품 대체,비판텐·판테놀케어·노스카나·스카힐골드·라미실·바르지오·알보칠·페리덱스·후시딘·마데카솔·바세린·큐립,,질문형,약국에서 아직도 이거 달라고 하시나요?,문제 제기→6개 품목 비교→저장 CTA,제품명 자막·대체품 화살표·번호 목록,화면 자료 중심 릴스; 화자 노출 여부 미확인,,오리지널 오디오,미측정,,검토,내용·형식,오약·공용,,,약국에서 자주 찾는 6개 품목을 유명 제품과 대체 제품으로 비교,검색 수요가 있는 제품명을 한 장면에서 연속 비교하고 저장 행동을 유도함(가설),"약국에서 10초 줄이려면?;유명한 약이 정답일까?;같은 증상, 다른 약국템 6개",,,,,2026-08-05T09:41:02.491Z,DbVMg0nvMtU.jpg
EUNHA-C7RB_JTvmgE,2026-08-04T19:21:18+09:00,E1,eunha__yak,은하약사 | 손혜림,11.3만,국내 약사 인플루언서,,,,https://www.instagram.com/eunha__yak/reel/C7RB_JTvmgE/,C7RB_JTvmgE,릴스,,,,,,,,,,,1,불명,제품 6개 추천; 광고·협찬 표기 없음,피부·뷰티,약국 피부템,화장대 공개→6개 추천,선크림·리쥬비넥스크림·비판텐·세비타비겔·아젤리아크림·멜라토닝크림·비타민K크림,,목록형,하얀피부에 목숨거는 여자약사 약국 피부템 대공개,자기문제 제시→6개 제품 소개→관리 CTA,제품명 자막·색상 이모지·번호 목록,화장대 제품 공개형 릴스,,오리지널 오디오,미측정,,검토,내용·형식,김주성·선영·공용,,,여자약사가 실제 화장대에서 약국 피부템 6가지를 공개,개인 경험과 제품명을 한 번에 제시해 피부 고민 시청자의 저장 수요를 자극함(가설),"약사가 화장대에서 꺼낸 피부템 6개;여드름·색소침착 약국템만 모았다;피부 고민별 약국템, 하나씩 고르세요",,,,"지표수집 실패: 공개 embed 메타데이터 미노출 (status=200, final=https://www.instagram.com/reel/C7RB_JTvmgE/embed/, len=83726, context=true, views=false)",2026-08-05T09:41:30.032Z,C7RB_JTvmgE.jpg
ON-DYMxNgBP848,2026-08-04T19:27:55+09:00,E1,on.yaksa,건강을 ON💡약사 이강미,2751,국내 약사 인플루언서,,2026-06-18,48,https://www.instagram.com/on.yaksa/reel/DYMxNgBP848/,DYMxNgBP848,릴스,25.2,,0,6,980,,,0.02551,,,2,불명,선크림 5개 제품 추천; 광고·협찬 표기 없음; 프로필 자체 스마트스토어 링크 존재,피부·뷰티,선크림 비교,올리브영 선크림 BEST5,무기자차·녹두·논나노·피부장벽·톤업·자작나무,,랭킹형,선크림 BEST5를 정리해봤어요,문제 제기→5개 랭킹→바르는 법 체크리스트,순위 자막·제품명·체크리스트,제품 비교 중심 릴스,,믹스 오디오,미측정,,검토,내용·형식,오약·선영·공용,,,약사가 올리브영에서 구매 가능한 선크림 5개를 순위와 사용법으로 정리,제품 선택 부담을 순위로 줄이고 즉시 구매 가능한 브랜드를 제시함(가설),"올리브영 선크림, 약사가 고른 5개;민감피부 선크림을 순위로 고르면;SPF보다 먼저 볼 성분 3가지",,,,지표수집 실패: 공개 재생수 미노출,2026-08-05T09:41:45.173Z,DYMxNgBP848.jpg
JOY-DZEOaxNPCMa,2026-08-04T19:31:14+09:00,E1,joy_pharm1212,조이약사 | 수지 조이약국 | 맞춤 건강상담,157,국내 약사 인플루언서,,2026-06-02,64,https://www.instagram.com/joy_pharm1212/reel/DZEOaxNPCMa/,DZEOaxNPCMa,릴스,41.7,,0,3,,,,,,,0,광고아님,캡션에 광고·협찬 표기 없음; 약물-음식 상호작용 교육,약물안전·상호작용,약물-음식,주의 조합 3가지,자몽·혈압약·고지혈증약·우유·항생제·생양배추·갑상선약,,목록형,약 먹으면서 이렇게 먹고 계신 분 있나요?,문제 제기→3개 조합 설명→약사에게 질문 CTA,경고 이모지·체크 목록·화살표,릴스; 촬영 방식 미확인,,오리지널 오디오,미측정,,검토,내용·형식,김주성·오약·공용,,,약물과 음식의 대표 상호작용 3가지를 약사가 짧게 설명,금지 조합을 구체적인 음식과 약 이름으로 제시해 즉시 확인 수요를 만듦(가설),"약 먹을 때 같이 피해야 할 음식 3가지;자몽주스와 약, 왜 같이 먹으면 안 될까?;약 봉투 받기 전에 꼭 물어볼 한마디",,,,지표수집 실패: 공개 재생수 미노출,2026-08-05T09:41:52.540Z,DZEOaxNPCMa.jpg
GANGNAM-DYi1ECIvAeJ,2026-08-04T19:34:11+09:00,E1,gangnam_kimyaksa,강남김약사,944,국내 약사 인플루언서,,2026-05-21,76,https://www.instagram.com/gangnam_kimyaksa/reel/DYi1ECIvAeJ/,DYi1ECIvAeJ,릴스,6.5,2649,44,1,826,3.21,0.01661,0.042545,0.3904,0.0227,1,불명,트록세루틴·압박스타킹·피크노제놀 추천; 광고·협찬 표기 없음,건강·뷰티·대사,다리 붓기 관리,다리 붓기 관리템 3종,트록세루틴·압박스타킹·피크노제놀·정맥순환·미세순환,,목록형,오후만 되면 다리가 붓고 아픈 분들을 위한 관리템 3종,증상 제시→3개 관리템 설명→진료 필요 경고,번호 목록·체크 표시·주의 문구,제품·성분 설명 중심 릴스,,Yoshimasa Terui • Delirious,미측정,,검토,내용·형식,김주성·선영·공용,,,약사가 다리 붓기 증상과 관리 선택지 3가지를 설명하고 진료 필요 신호를 덧붙임,증상으로 시작해 선택지와 위험 신호를 함께 줘 정보 탐색 의도가 분명함(가설),"오후 다리 붓기, 무엇부터 확인할까?;붓기 관리템 3개를 약사에게 물었습니다;한쪽 다리만 붓는다면 먼저 확인할 것",,,,,2026-08-05T09:42:16.341Z,DYi1ECIvAeJ.jpg
EJ-DVGgD6wk1Y8,2026-08-04T19:35:16+09:00,E1,ej_yaksa,슈가팁스 | 당 관리 루틴 공유하는 약사 김은정,1455,국내 약사 인플루언서,,2026-02-23,163,https://www.instagram.com/ej_yaksa/reel/DVGgD6wk1Y8/,DVGgD6wk1Y8,릴스,29.9,5217,59,45,454,11.5,0.011309,0.030755,0.3677,0.7627,1,불명,캡션에 광고·협찬 표기 없음; 게시물 상세 내용이 제한적으로 보임,혈당·대사·다이어트,약국 다이어트템,성분 2개 확인,혈당·대사 관련 성분 정보는 상세 확인 필요,,질문형,약국 다이어트템은 이 성분 두가지만 확인하세요,질문형 훅→성분 2개 소개(상세 미확인)→정보 CTA(미확인),후킹 자막·릴스,게시물 상세 촬영 방식 미확인,,Company Money • Drift Skunk,미측정,,검토,형식,김주성·선영·공용,,캡션 상세 내용이 제한적으로 보여 성분과 구조는 추가 확인이 필요,약국 다이어트템에서 핵심 성분 2개를 확인하라는 질문형 콘텐츠,짧은 성분 기준을 제시하는 질문형 훅이 선택 부담을 줄일 가능성(가설),"약국 다이어트템, 성분부터 보세요;당 관리 루틴에서 먼저 볼 두 가지;다이어트 제품 고르기 전 확인할 것",,,,,2026-08-05T09:42:32.641Z,DVGgD6wk1Y8.jpg
YAK-DXT6okcDyaI,2026-08-04T19:36:29+09:00,E1,yak.golnam,약골라주는남자 | 약사 박준형,7911,국내 약사 인플루언서,,2026-04-19,108,https://www.instagram.com/yak.golnam/reel/DXT6okcDyaI/,DXT6okcDyaI,릴스,44.3,9724,118,0,1440,6.75,0.012135,0.026397,0.4597,0,1,불명,제품 5개 추천; 광고·협찬 표기 없음; 프로필 상담 링크 존재,의약품·약국템,땀 억제제,약국 땀 억제제 종결 티어표,드리클로·노스엣·노스엣 센스·드라이언·스웨트롤,,티어표,땀쟁이들 필독💦 약국 땀 억제제 종결 티어표,문제 제기→5~1위 티어→저장 CTA,순위 자막·제품명·장점/주의 요약,제품 비교 중심 릴스,,오리지널 오디오,미측정,,검토,내용·형식,오약·공용,,,약국 땀 억제제 5개를 효과·자극·가성비와 함께 순위로 정리,제품군 안에서 선택 기준을 순위로 압축하고 여름 전 저장을 유도함(가설),약국 땀 억제제 티어표;드리클로가 자극적이라면 대안은?;여름 전에 약사가 고른 땀 관리템,,,,,2026-08-05T09:42:49.433Z,DXT6okcDyaI.jpg
HISU-DXQWklDDxvD,2026-08-04T19:38:01+09:00,E1,hisutamine,오희수｜약사 히수타민,1.4만,국내 약사 인플루언서,,2026-04-19,108,https://www.instagram.com/hisutamine/reel/DXQWklDDxvD/,DXQWklDDxvD,릴스,42.1,4190,140,5,453,9.25,0.033413,0.236203,0.1415,0.0357,1,불명,약국 화장품 5개 추천; 광고·협찬 표기 없음,피부·뷰티,약국 화장품·민감건성,약국템 애정템 공개,노드라나액·프로캄 EGF·리쥬부스터 PDRN·레드엑스·판테놀·프로캄 판테놀 립에센스,,목록형,약사추천) 약국템으로 피부관리하기,민감·건성 피부 맥락→5개 제품 소개→사용감·성분 설명,제품명·번호·성분 자막,제품 공개 중심 릴스,,momo's • 나는 사랑둥이,미측정,,검토,내용·형식,김주성·선영·공용,,,민감성·건성 피부를 가진 약사가 약국 피부템 5개를 애정템으로 소개,피부 타입을 먼저 밝힌 뒤 제품과 성분을 연결해 시청자 자기 대입을 쉽게 함(가설),민감성 약사가 꾸준히 쓴 약국템;속건조·색소침착에 약국템 5개;약국 화장품 고르는 기준을 공개합니다,,,,,2026-08-05T09:43:07.924Z,DXQWklDDxvD.jpg
O2YAKSA-Dbk8KBVJyCA,2026-08-04T19:50:21+09:00,E1,o2yaksa,산소약사 김정현,2.4만,국내 약사 인플루언서,,2026-08-03,2,https://www.instagram.com/o2yaksa/reel/Dbk8KBVJyCA/,Dbk8KBVJyCA,릴스,53.1,1890,30,0,839,2.25,0.015873,0.027501,0.5772,0,0,광고아님,캡션에 광고·협찬 표기 없음; 음식 선택·섭취 순서 교육,건강·식단·대사,여름 음식 탄수화물,뜻밖의 음식 경고→우선순위 4단계,미숫가루·수박주스·묵사발·콩국수·탄수화물·식후걷기,,경고형,여름에 살찌기 쉬운 뜻밖의 음식들,뜻밖의 음식 제시→탄수화물 설명→실천 4단계→영양제 오해 교정,각설탕 비유·번호 목록·체크리스트,화면 자료·화자 노출 여부 미확인,미측정,,미측정,,검토,내용·형식,김주성·선영·공용,,,약사가 여름 음식의 탄수화물과 섭취 순서를 설명하고 4단계 실천법을 제시,건강해 보이는 음식의 숨은 탄수화물을 각설탕 비유와 순서 조언으로 구체화해 자기 점검 수요를 만듦(가설),"여름에 살찌기 쉬운 음식 4가지;건강해 보여도 혈당을 흔드는 식사;식후 10분, 무엇부터 바꿀까?",,,검토,,2026-08-05T09:43:10.401Z,Dbk8KBVJyCA.jpg
O2YAKSA-Dbf5N-aJT8k,2026-08-04T19:50:21+09:00,E1,o2yaksa,산소약사 김정현,2.4만,국내 약사 인플루언서,,2026-08-01,4,https://www.instagram.com/o2yaksa/reel/Dbf5N-aJT8k/,Dbf5N-aJT8k,릴스,38,746,21,0,839,0.89,0.02815,0.027501,1.0236,0,1,불명,제품 성분·함량 기준 교육; 공개 캡션에 광고 표기 없음,건강·뷰티·영양제,콜라겐 제품 선택,함량→근거→기간,콜라겐·가수분해 펩타이드·비타민C·단백질·아연·구리,,질문형,"콜라겐, 먹어도 소용없다고 느끼셨나요?",문제 제기→함량·원료·기간 3단계→보조 영양소,번호 목록·성분 자막,화면 자료·화자 노출 여부 미확인,미측정,,미측정,,검토,내용·형식,김주성·선영·공용,,,약사가 콜라겐 제품을 고를 때 실제 함량·근거·관찰 기간을 확인하는 순서를 설명,효과 체감의 조건을 함량·원료·기간으로 나눠 제품 선택의 판단 기준을 제공함(가설),"콜라겐, 함량부터 확인했나요?;8주 전에는 효과를 판단하지 마세요;제품 앞면보다 뒷면을 보세요",,,검토,,2026-08-05T09:43:12.979Z,Dbf5N-aJT8k.jpg
BEAUTIFUL-DbQCFgOz9z0,2026-08-04T19:59:38+09:00,E1,beautiful_yaksa,뷰약사 ㅣ Healthy life Style l,2.3만,국내 약사 인플루언서,,2026-07-26,10,https://www.instagram.com/beautiful_yaksa/reel/DbQCFgOz9z0/,DbQCFgOz9z0,릴스,38.2,6853,312,2,1041,6.58,0.045528,0.037496,1.2142,0.0064,1,불명,약국 연고·제품을 증상별로 추천; 캡션에 광고·협찬 표기 없음; 공개 상담 링크와 DM·카카오톡 상담 CTA,피부·뷰티,여드름 연고 선택,여름 악화 경고→7가지 증상별 선택,여드름·아젤리아·아크덤겔·클리어틴·세비타비겔·디페린·노스카나·멜라토닝,,목록형,여름에 피지와 땀으로 여드름이 더 심해질수있어요,여름 악화 경고→7증상별 연고→사용법·주의→상담 CTA,번호 목록·제품명·사용 횟수·주의 문구,제품 설명 중심 릴스; 화자 노출 여부 미확인,미측정,,미측정,,검토,내용·형식,선영·오약·공용,,,약사가 여름 여드름을 증상별로 나눠 약국 연고와 사용법을 정리,증상별 제품 매칭과 사용 횟수를 한 장면에 모아 검색·저장 수요를 자극함(가설),"여름 여드름, 증상별로 연고가 다릅니다;좁쌀·붉은 여드름 약국템 정리;여드름 연고, 바르기 전에 확인할 것",,,검토,,2026-08-05T09:43:33.454Z,DbQCFgOz9z0.jpg
BEAUTIFUL-DbLIDhAzyM4,2026-08-04T19:59:38+09:00,E1,beautiful_yaksa,뷰약사 ㅣ Healthy life Style l,2.3만,국내 약사 인플루언서,,2026-07-25,11,https://www.instagram.com/beautiful_yaksa/reel/DbLIDhAzyM4/,DbLIDhAzyM4,릴스,45.5,899,96,18,1041,0.86,0.106785,0.037496,2.8479,0.1875,1,불명,제품명·가격·구매처를 함께 제시; 캡션에 광고·협찬 표기 없음; 댓글로 정리본 전송 CTA,피부·뷰티,다이소 여름 뷰티템,여름템 5개→가격·저장본 CTA,알로에 쿨링 선스틱·쿨링 생리대·메이크업 픽서·히알루론산 크림·쿨링 바디시트,,목록형,다이소뷰티꿀템 여름 뷰티꿀템!!!!,여름 상황 제시→5개 제품·가격→정리본 댓글 CTA,제품명·가격 자막·번호 목록,제품 공개 중심 릴스; 화자 노출 여부 미확인,미측정,,미측정,,검토,내용·형식,선영·오약·공용,,,약사가 다이소에서 살 수 있는 여름 뷰티템 5개를 가격과 함께 정리,구매 장소·가격·제품명을 한 번에 제시하고 저장·댓글 행동을 유도함(가설),"다이소 여름템, 약사가 고른 5개;휴가 전 5천원 뷰티템;가격까지 정리한 약국 추천템",,,검토,,2026-08-05T09:43:35.993Z,DbLIDhAzyM4.jpg
EUNHA-DbkpReKMuCV,2026-08-04T20:02:53+09:00,E1,eunha__yak,은하약사 | 손혜림,11.3만,국내 약사 인플루언서,,2026-08-03,2,https://www.instagram.com/eunha__yak/reel/DbkpReKMuCV/,DbkpReKMuCV,릴스,22.2,19483,142,72,1798,10.84,0.007288,0.06753,0.1079,0.507,1,불명,연령별 수면시간·영양제 교육; 캡션에 광고·협찬 표기 없음; 프로필 공개 상담 채널 존재,육아·여성건강·영양제,아이 수면·연령별 영양제,나이별 기준표→성분 조합,4~12개월·1~2세·3~5세·6~12세·13~18세·수면시간·유산균·비타민D·철분·미네랄·오메가3,,표·목록형,우리 아이 잘 자고 있을까? 약사엄마가 알려주는 나이별 권장 수면시간,육아 고민 제시→연령별 수면시간→연령별 성분 조합→상담 CTA,연령 구간 자막·이모지·표 형식,화면 자료 중심 릴스; 화자 노출 여부 미확인,미측정,,미측정,,검토,내용·형식,김주성·선영·공용,,,약사엄마가 아이 연령별 권장 수면시간과 영양제 조합을 한 장면에 정리,부모의 구체적인 연령·수면 고민을 기준표와 성분 조합으로 바로 연결함(가설),"아이 나이별 수면시간과 영양제;철분은 언제부터 확인할까?;아이 영양제, 필수와 선택을 나눠보세요",,,검토,,2026-08-05T09:41:14.313Z,DbkpReKMuCV.jpg
EUNHA-DbVUOJ2M37H,2026-08-04T20:02:53+09:00,E1,eunha__yak,은하약사 | 손혜림,11.3만,국내 약사 인플루언서,,2026-07-28,8,https://www.instagram.com/eunha__yak/reel/DbVUOJ2M37H/,DbVUOJ2M37H,릴스,43.8,1387,41,30,1798,0.77,0.02956,0.06753,0.4377,0.7317,1,불명,성장 시기별 영양제 선택 가이드; 캡션에 광고·협찬 표기 없음; 제품 판매 표기 미확인,육아·영양제,아이 영양제 선택 가이드,시기별 필수·선택 성분,아이영양제·성장시기·유산균·비타민D·철분·미네랄·오메가3·종합비타민·아르기닌,,가이드형,약사엄마표 우리 아이 시기별 영양제 세팅법 딱 정리해드릴게요,반복 질문 제시→성장 시기별 핵심→필수·선택 구분→상담 CTA,연령 구간·필수/선택 대비·핵심 자막,화면 자료 중심 릴스; 화자 노출 여부 미확인,미측정,,미측정,,검토,내용·형식,김주성·선영·공용,,,약사가 아이 영양제를 성장 시기별 필수·선택 성분으로 정리,부모가 반복해서 묻는 나이·성분 질문을 시기별 선택 가이드로 압축함(가설),"아이 영양제는 언제부터 무엇을 고를까?;성장 시기별 필수·선택 성분;우리 아이 영양제, 이 기준으로 정리하세요",,,검토,,2026-08-05T09:41:18.175Z,DbVUOJ2M37H.jpg
ON-DbUlNd3JArt,2026-08-04T20:06:25+09:00,E1,on.yaksa,건강을 ON💡약사 이강미,2751,국내 약사 인플루언서,,2026-07-28,8,https://www.instagram.com/on.yaksa/reel/DbUlNd3JArt/,DbUlNd3JArt,릴스,41.5,,0,4,980,,,0.02551,,,1,불명,피부 관리 3단계와 제품·성분을 설명; 캡션에 광고·협찬 표기 없음; 프로필 스마트스토어 링크 존재,피부·뷰티·청소년건강,청소년 여드름 관리,먹는 것·씻는 것·바르는 것 3단계,청소년 여드름·오메가3·비타민C·비타민D·AHA·BHA·보습,,단계형,"앞 영상에서 먹는 관리(영양제셋팅)를 말씀드렸다면, 오늘은 세안+보습 관리입니다",피부 고민 제시→먹는 것→씻는 것→바르는 것→DM CTA,3단계 숫자·성분 자막·금지 표시,화면 자료 중심 릴스; 화자 노출 여부 미확인,미측정,,미측정,,검토,내용·형식,선영·김주성·공용,,,약사가 청소년 여드름 관리를 먹는 것·씻는 것·바르는 것으로 나눠 설명,복잡한 피부 고민을 3단계로 단순화하고 바로 적용할 성분·행동을 제시함(가설),"청소년 여드름은 3단계로 보세요;먹는 것·씻는 것·바르는 것 순서;여드름 피부, 보습을 빼지 마세요",,,검토,지표수집 실패: 공개 재생수 미노출,2026-08-05T09:41:33.660Z,DbUlNd3JArt.jpg
ON-DbCXdVZvtB6,2026-08-04T20:06:25+09:00,E1,on.yaksa,건강을 ON💡약사 이강미,2751,국내 약사 인플루언서,,2026-07-21,15,https://www.instagram.com/on.yaksa/reel/DbCXdVZvtB6/,DbCXdVZvtB6,릴스,84.8,,0,3,980,,,0.02551,,,1,불명,약물 사용 중 영양 관리 교육; 캡션에 광고·협찬 표기 없음; 프로필 자체 스마트스토어 링크 존재,건강·대사·영양제,마운자로 사용 중 영양 관리,5가지 필수 관리,마운자로·GLP1·단백질·오메가3·종합비타민·식이섬유·비타민D·K2·근손실,,목록형,"마운자로 맞고 계신다면, 체중 감량만큼 중요한 건 근육과 영양을 지키는 것입니다",약물 사용 상황 제시→5가지 영양 요소→저장 CTA,번호 목록·성분 이모지·저장 표시,화면 자료 중심 릴스; 화자 노출 여부 미확인,미측정,,미측정,,검토,내용·형식,김주성·선영·공용,,,약사가 마운자로 사용 중 단백질·지방·비타민·식이섬유·D+K2를 정리,약물 사용자의 구체적인 관리 상황과 영양 요소 5개를 연결해 저장 수요를 만듦(가설),"마운자로 사용 중 먼저 챙길 5가지;살보다 근육을 지키는 영양;GLP1 다이어트, 단백질만 보면 안 되는 이유",,,검토,지표수집 실패: 공개 재생수 미노출,2026-08-05T09:41:36.185Z,DbCXdVZvtB6.jpg
JOY-DaEa-5EPIED,2026-08-04T20:10:13+09:00,E1,joy_pharm1212,조이약사 | 수지 조이약국 | 맞춤 건강상담,157,국내 약사 인플루언서,,2026-06-27,39,https://www.instagram.com/joy_pharm1212/reel/DaEa-5EPIED/,DaEa-5EPIED,릴스,41.3,,0,2,,,,,,,1,불명,유산균·항생제 복용 교육; 캡션에 광고·협찬 표기 없음; 유산균 DM 상담 CTA 존재,육아건강·약물안전,아이 항생제와 유산균,항생제 복용→병용·간격 기준,항생제·유산균·LGG·사카로미세스·2시간 간격·설사,,근거형,"아이 항생제 먹일 때, 약사가 꼭! 하는 말",상황 제시→임상시험 수치→병용·간격 기준→DM CTA,수치 강조·화살표·주의 시간 자막,화면 자료 중심 릴스; 화자 노출 여부 미확인,미측정,,미측정,,검토,내용·형식,김주성·선영·공용,,,약사가 아이 항생제 복용 중 유산균 병용과 2시간 간격을 근거 수치로 설명,부모의 복약 상황과 구체적인 간격·수치를 함께 제시해 즉시 확인 수요를 만듦(가설),"항생제와 유산균, 몇 시간 띄울까?;아이 항생제 복용 전 꼭 확인할 것;임상시험 수치로 보는 유산균 병용",,,검토,지표수집 실패: 공개 재생수 미노출,2026-08-05T09:41:47.666Z,DaEa-5EPIED.jpg
JOY-DY5x7zvvdn2,2026-08-04T20:10:13+09:00,E1,joy_pharm1212,조이약사 | 수지 조이약국 | 맞춤 건강상담,157,국내 약사 인플루언서,,2026-05-29,68,https://www.instagram.com/joy_pharm1212/reel/DY5x7zvvdn2/,DY5x7zvvdn2,릴스,51.7,,0,0,,,,,,,1,불명,마그네슘·오메가3·비타민D 기반 생리통 교육; 캡션에 광고·협찬 표기 없음; 상담 DM CTA 존재,여성건강·영양제,생리통 영양 관리,진통제 전 몸 상태 점검→3성분,생리통·마그네슘·오메가3·비타민D·염증·자궁근육,,목록형,"생리통, 매달 참기만 하셨나요?",문제 제기→3성분 설명→저장·공유·DM CTA,성분 이모지·체크 목록·저장 표시,화면 자료 중심 릴스; 화자 노출 여부 미확인,미측정,,미측정,,검토,내용·형식,선영·김주성·공용,,,약사가 생리통 관리 전에 확인할 마그네슘·오메가3·비타민D를 정리,매달 반복되는 증상을 성분 3개와 연결하고 저장·상담 행동으로 마무리함(가설),"생리통 전에 확인할 성분 3개;진통제 전에 몸 상태부터 보세요;마그네슘·오메가3·비타민D, 무엇부터 챙길까?",,,검토,지표수집 실패: 공개 재생수 미노출,2026-08-05T09:41:53.764Z,DY5x7zvvdn2.jpg
ONEUL-DbOB-dYJcjF,2026-08-04T20:15:50+09:00,E1,oneul_pharmacy,오늘부터 같이 시작해요!ㅣ오늘약사 김세희,3.2만,국내 약사 인플루언서,,2026-07-25,11,https://www.instagram.com/oneul_pharmacy/reel/DbOB-dYJcjF/,DbOB-dYJcjF,릴스,28.8,465,49,5,1373,0.34,0.105376,0.032464,3.2459,0.102,1,불명,아동 영양·비타민C 교육; 캡션에 광고·협찬 표기 없음; 프로필 자체 판매 링크와 계정 태그 존재,육아건강·영양제,아이 비타민C,상황 5가지→성분 선택,비염·알러지·코피·군것질·채소 기피·가족 흡연·비타민C,,목록형,"의외로 잘 모르시는, 비타민C가 꼭 필요한 아이 TOP5",문제 제기→5가지 상황→생활 우선순위→계정 CTA,TOP5 번호·상황별 자막·핵심 문장 강조,화면 자료 중심 릴스; 화자 노출 여부 미확인,미측정,,미측정,,검토,내용·형식,선영·김주성·공용,,,약사엄마가 아이에게 비타민C를 확인할 상황 5가지를 생활 사례로 설명,부모가 쉽게 대입할 수 있는 상황을 TOP5로 묶어 저장 수요를 만듦(가설),"아이 비타민C, 이런 상황이면 확인하세요;비염·코피·채소 기피 아이 영양;아이에게 꼭 필요한 비타민C 상황 5개",,,검토,,2026-08-05T09:43:39.720Z,DbOB-dYJcjF.jpg
ONEUL-DbLjWOzJem8,2026-08-04T20:15:50+09:00,E1,oneul_pharmacy,오늘부터 같이 시작해요!ㅣ오늘약사 김세희,3.2만,국내 약사 인플루언서,,2026-07-25,11,https://www.instagram.com/oneul_pharmacy/reel/DbLjWOzJem8/,DbLjWOzJem8,릴스,31.3,116,36,4,1373,0.08,0.310345,0.032464,9.5596,0.1111,1,불명,간접흡연과 영양 교육; 캡션에 광고·협찬 표기 없음; 프로필 자체 판매 링크와 계정 태그 존재,육아건강·영양제,간접흡연과 아이 비타민C,가족 흡연→관찰 신호→생활 습관,간접흡연·비타민C·감기·피로·식욕·피부·잇몸·멍,,경고형,가족 중 흡연자가 있다면 이 영상 꼭 공유해 주세요,가족 상황 제시→부족 가능성 설명→관찰 신호→생활 CTA,경고 문구·플러스 목록·가족 상황 강조,화면 자료 중심 릴스; 화자 노출 여부 미확인,미측정,,미측정,,검토,내용·형식,선영·김주성·공용,,,가족 흡연·간접흡연 상황에서 아이의 비타민C 관련 신호를 확인하도록 안내,가족 상황의 긴급성을 먼저 제시하고 관찰할 신호를 목록으로 제공함(가설),"간접흡연 가정의 아이, 먼저 확인할 신호;비타민C 부족이 의심되는 생활 장면;가족 건강 루틴을 하나씩 바꾸세요",,,검토,,2026-08-05T09:43:41.132Z,DbLjWOzJem8.jpg
GANGNAM-DbLF0Ttv03N,2026-08-04T20:24:00+09:00,E1,gangnam_kimyaksa,강남김약사,946,국내 약사 인플루언서,,2026-07-24,12,https://www.instagram.com/gangnam_kimyaksa/reel/DbLF0Ttv03N/,DbLF0Ttv03N,릴스,32.4,596,42,1,826,0.72,0.07047,0.042545,1.6564,0.0238,1,불명,약 복용·상처·감기약·습윤밴드·가글·냉장보관·항생제·코막힘 스프레이 9가지 약국 실수; 광고·협찬 표기 없음,생활약학·약물안전,복약 실수 9가지,상황별 금기·주의,덱시부프로펜·이부프로펜·락툴로오스·차전자피·항생제·코막힘 스프레이,FMT-MED-MISTAKES-001,목록형,약사들이 알려주지 않는 약국에서 가장 많이 하는 실수 9가지,실수 상황 제시→9개 약 복용·보관 실수→주의 문구→저장 CTA,번호 목록·체크 표시·경고 문구,화면 자료 중심 릴스,20-30초,Yoshimasa Terui • Delirious,미측정,,검토,내용·형식,김주성·오약·선영·공용,,,약사가 일상에서 반복되는 약 복용·보관 실수 9가지를 짧은 정답 목록으로 설명,상황별 질문이 많고 즉시 수정할 행동을 번호로 제공해 저장 수요를 만듦(가설),약국에서 가장 자주 하는 실수 9가지; 감기약·항생제·연고 보관 실수; 약은 이렇게 드세요,,,검토,,2026-08-05T09:42:02.414Z,DbLF0Ttv03N.jpg
GANGNAM-Da5Dl3SP9Ra,2026-08-04T20:24:00+09:00,E1,gangnam_kimyaksa,강남김약사,946,국내 약사 인플루언서,,2026-07-17,19,https://www.instagram.com/gangnam_kimyaksa/reel/Da5Dl3SP9Ra/,Da5Dl3SP9Ra,릴스,17.9,91,58,15,826,0.11,0.637363,0.042545,14.981,0.2586,1,불명,혈당·인슐린 저항성 관리 성분 6가지와 용량·복용 주의; 제품명·협찬 표기 없음,대사건강·영양제,혈당·인슐린 저항성,성분·용량·복용 주의,마그네슘·오메가3·베르베린·비타민D·차전자피·이노시톨,FMT-SYMPTOM-3NUTRIENTS-001,수치형,혈당과 인슐린 저항성 개선을 위해 연구에서 많이 사용한 성분과 용량,문제 제기→6개 성분과 용량→복용 주의→식사·운동·수면 CTA,성분명·용량 숫자 강조·주의 아이콘,화면 자료 중심 릴스,30-45초,Yoshimasa Terui • Delirious,미측정,,검토,내용·형식,김주성·오약·선영·공용,,,대사 건강 성분 6개의 용량과 약물 복용 전 상담 주의를 함께 설명,성분명뿐 아니라 용량과 주의 조건을 함께 제시해 실용성이 높음(가설),혈당 관리 성분 6개; 용량까지 정리; 베르베린 복용 전 꼭 확인; 식단·운동과 함께 보는 대사 루틴,,,검토,,2026-08-05T09:42:03.689Z,Da5Dl3SP9Ra.jpg
YAK-DZZQhMXPvb3,2026-08-04T20:46:00+09:00,E1,yak.golnam,약골라주는남자 | 약사 박준형,7911,국내 약사 인플루언서,,2026-06-10,56,https://www.instagram.com/yak.golnam/reel/DZZQhMXPvb3/,DZZQhMXPvb3,릴스,39.4,1464,33,2,1440,1.02,0.022541,0.026397,0.8539,0.0606,3,광고,#협찬 표기; 아이스크림 성분표 비교 후 특정 제품 구매를 유도,식품·성분표·제품비교,아이스크림 성분표 비교,첨가제 확인→4개 제품 순위→1위 구매 CTA,탈지분유·설탕·합성향료·구아검·메이플슈가,FMT-PRODUCT-LABEL-RANKING-001,랭킹형,#협찬 맛있는건 먹고싶은데 건강도 생각해야죠,성분표 확인→4개 제품 비교→1위 선정→제품 CTA,순위 번호·성분명 가리기·1위 강조,화면 자료 중심 릴스,20-30초,미확인,미측정,,검토,내용·형식,김주성·오약·선영·공용,,,협찬 표기를 앞에 두고 아이스크림 성분표를 비교해 4위부터 1위까지 순위를 제시,제품 비교와 명시적 협찬을 결합한 광고형 랭킹 콘텐츠로 구매 판단을 빠르게 돕는 구조(가설),협찬 표기 후 성분표 비교; 4위부터 1위까지 고르는 법; 제품 광고에서도 성분표를 먼저 보세요,,,검토,,2026-08-05T09:42:35.220Z,DZZQhMXPvb3.jpg
YAK-DZXZtUOv34_,2026-08-04T20:46:00+09:00,E1,yak.golnam,약골라주는남자 | 약사 박준형,7911,국내 약사 인플루언서,,2026-06-10,56,https://www.instagram.com/yak.golnam/reel/DZXZtUOv34_/,DZXZtUOv34_,릴스,60.7,271,20,0,1440,0.19,0.073801,0.026397,2.7959,0,3,광고,#광고 표기; 남성 건강 제품 SAGX의 NAD+·세놀리틱 효능과 구매 링크 제시,남성건강·영양제·광고,남성 건강 키워드 2가지,키워드 설명→제품 효능 주장→구매 링크 CTA,NAD+·세놀리틱·세포 에너지·혈행,FMT-PRODUCT-LABEL-RANKING-001,키워드형,#광고 쏘팔메토는 가라 차세대 남성 건강 키워드 2가지,시장 키워드 제시→노화·에너지 설명→제품 효능 주장→외부 링크 CTA,키워드 큰 자막·효능 키워드 반복·광고 표기,화면 자료 중심 릴스,20-30초,미확인,미측정,,검토,내용·형식,김주성·오약·선영·공용,,,광고 표기와 외부 링크를 포함해 남성 건강 성분 키워드와 특정 제품을 연결,광고 키워드를 먼저 제시하고 효능 서사를 붙여 제품 인지와 링크 클릭을 유도하는 구조(가설),광고 표기를 숨기지 않고 성분 키워드부터 설명; 남성 건강 키워드 2개 비교; 효능 주장과 근거를 분리해서 보기,,,검토,,2026-08-05T09:42:36.466Z,DZXZtUOv34_.jpg
HISU-DbNyslZPO3J,2026-08-04T20:50:00+09:00,E1,hisutamine,오희수｜약사 히수타민,1.4만,국내 약사 인플루언서,,2026-07-26,10,https://www.instagram.com/hisutamine/reel/DbNyslZPO3J/,DbNyslZPO3J,릴스,47.1,711,85,183,453,1.57,0.11955,0.236203,0.5061,2.1529,0,광고아님,캡션에 (광고❌·공구❌)를 명시하고 제품 추천 기준과 상담 CTA를 제시,영양제·직장인건강,필수 영양제 TOP3,필요 순서→3개 성분→섭취 용량·방법 CTA,비타민D·유산균·오메가3,FMT-SUPPLEMENTS-TOP3-001,목록형,광고 없이 꼭 필요한 영양제 TOP3,문제 제기→필수 순서 3개→상담·추천제품 CTA,TOP3 번호·성분명 강조·광고 아님 배지,화면 자료 중심 릴스,20-30초,미확인,미측정,,검토,내용·형식,김주성·오약·선영·공용,,,광고가 아님을 명시한 뒤 직장인에게 기본 영양제 3개를 우선순위로 제시,광고 배제 문구와 순서형 추천을 결합해 신뢰와 상담 전환을 동시에 노리는 구조(가설),돈 아끼는 영양제 우선순위; 비타민D·유산균·오메가3부터; 광고 없이 고르는 기준,,,검토,,2026-08-05T09:42:57.355Z,DbNyslZPO3J.jpg
HISU-Da_sX41Ppuc,2026-08-04T20:50:00+09:00,E1,hisutamine,오희수｜약사 히수타민,1.4만,국내 약사 인플루언서,,,,https://www.instagram.com/hisutamine/reel/Da_sX41Ppuc/,Da_sX41Ppuc,릴스,,,,,,,,,,,1,불명,다이소 단백질 쉐이크의 단백질·탄수화물·당류·첨가물·가격·맛을 점수화; 협찬 표기 없음,식품·제품비교·다이어트,단백질 쉐이크 성분표 해부,함량→성분→가격→맛→총점,단백질 23g·순탄수화물 13g·당류 1.8g·167kcal·분리대두단백·식물성크림,FMT-PRODUCT-SCORECARD-001,점수형,약사가 성분 뜯어본 다이소 천원 쉐이크,제품 선택 이유→4개 평가 항목→총점→대안 제안,항목별 점수·영양 수치·장단점 대비,화면 자료 중심 릴스,45-60초,미확인,미측정,,검토,내용·형식,김주성·오약·선영·공용,,,제품을 함량·성분·가격·맛 4개 기준으로 점수화하고 선택 대안을 제시,수치와 점수를 함께 제시해 구매 전 비교 의도를 빠르게 충족함(가설),단백질 쉐이크를 4개 기준으로 점수화; 가격보다 성분을 먼저 보세요; 제품 라벨 해부 체크리스트,,,검토,"지표수집 실패: 공개 embed 메타데이터 미노출 (status=200, final=https://www.instagram.com/reel/Da_sX41Ppuc/embed/, len=83722, context=true, views=false)",2026-08-05T09:43:02.556Z,Da_sX41Ppuc.jpg
EJ-DbkuslGTffo,2026-08-04T20:38:00+09:00,E1,ej_yaksa,슈가팁스 | 당 관리 루틴 공유하는 약사 김은정,1455,국내 약사 인플루언서,,2026-08-03,2,https://www.instagram.com/ej_yaksa/reel/DbkuslGTffo/,DbkuslGTffo,릴스,32.4,323,6,0,454,0.71,0.018576,0.030755,0.604,0,1,불명,모기 물림 시 냉찜질·항히스타민제·가려움 완화제 선택과 감염 위험 신호를 설명; 광고·협찬 표기 없음,피부·육아건강·약물안전,모기 물림 응급 대처,증상별 약국 선택지 3단계,항히스타민제·하이드로코르티손·냉찜질·봉와직염,FMT-SYMPTOM-PHARMACY-3STEP-001,질문형,모기 물렸다고 손톱으로 십자 자국을 내거나 침부터 바르고 계신가요?,잘못된 민간요법 경고→가벼운 증상 대처→약국 선택지→감염 위험 신호,질문 자막·3단계 번호·위험 신호 강조,화면 자료 중심 릴스,30-45초,미확인,미측정,,검토,내용·형식,김주성·오약·선영·공용,,,모기 물림의 잘못된 대처를 먼저 끊고 증상별 대처와 진료 신호를 안내,민간요법 반박과 즉시 할 행동을 함께 제시해 저장 수요를 만듦(가설),모기 물렸을 때 먼저 멈출 행동; 가려움·붓기 약국 상담 순서; 감염 신호가 보이면 진료,,,검토,,2026-08-05T09:42:17.587Z,DbkuslGTffo.jpg
EJ-DbVcEs9z-2I,2026-08-04T20:38:00+09:00,E1,ej_yaksa,슈가팁스 | 당 관리 루틴 공유하는 약사 김은정,1455,국내 약사 인플루언서,,2026-07-28,8,https://www.instagram.com/ej_yaksa/reel/DbVcEs9z-2I/,DbVcEs9z-2I,릴스,38.5,527,13,0,454,1.16,0.024668,0.030755,0.8021,0,1,불명,아기 땀띠에 칼라민 로션·덱스판테놀 연고와 환경 관리 기준을 설명; 광고·협찬 표기 없음,육아건강·피부,아기 땀띠 관리,원인 확인→보습·진정→진료 신호,칼라민·덱스판테놀·스테로이드 연고·땀띠,FMT-SYMPTOM-PHARMACY-3STEP-001,질문형,아기 몸에 땀띠가 올라왔다고 집에 있는 스테로이드 연고부터 바르시나요?,스테로이드 선사용 경고→가벼운 증상 선택지→생활 관리 3가지→진료 필요 신호,질문 자막·체크 목록·주의 문구,화면 자료 중심 릴스,30-45초,미확인,미측정,,검토,내용·형식,김주성·오약·선영·공용,,,아기 땀띠에서 먼저 피할 행동과 약국 선택지 및 생활 관리법을 설명,보호자가 바로 대입할 수 있는 금기와 생활 행동을 함께 제시함(가설),아기 땀띠에 스테로이드부터 바르지 마세요; 칼라민과 덱스판테놀 구분; 진물이 나면 진료,,,검토,,2026-08-05T09:42:20.063Z,DbVcEs9z-2I.jpg
YAK-DWDzUvgD_2C,2026-08-04T21:05:07+09:00,E1,yak.golnam,약골라주는남자 | 약사 박준형,7911,국내 약사 인플루언서,,2026-03-19,139,https://www.instagram.com/yak.golnam/reel/DWDzUvgD_2C/,DWDzUvgD_2C,릴스,27.2,62068,2091,43,1440,43.1,0.033689,0.026397,1.2763,0.0206,1,불명,공개 캡션에 광고·협찬 표기 없음; 광고 판정 불명,의약품·약국템·안구건조,약국 인공눈물 6종 티어표,제품군을 6단계로 즉시 비교,인공눈물·보습·무방부제·렌즈,FMT-PRODUCT-LABEL-RANKING-001,랭킹형,약국 인공눈물 6개를 A부터 S까지 비교,제품별 장점·단점→등급표→추천 대상,등급 배지·제품명 반복·장단점 대비,화면 자료 중심 릴스,30-45초,미확인,미조사,미측정,검토,내용·형식,김주성·오약·선영·공용,B,,약국 인공눈물 6종을 등급과 추천 대상별로 비교,제품군을 등급표로 압축해 선택 부담을 줄이는 구조(가설),눈 건조 상황별 등급표; 보습·렌즈 사용 여부를 먼저 질문; 등급보다 사용 조건을 먼저 제시,,,검토,,2026-08-05T09:42:50.773Z,DWDzUvgD_2C.jpg
YAK-DQVrXaRj9DL,2026-08-04T21:05:07+09:00,E1,yak.golnam,약골라주는남자 | 약사 박준형,7911,국내 약사 인플루언서,,2025-10-28,281,https://www.instagram.com/yak.golnam/reel/DQVrXaRj9DL/,DQVrXaRj9DL,릴스,31.1,265003,3659,1478,1440,184.03,0.013807,0.026397,0.5231,0.4039,1,불명,공개 캡션에 광고·협찬 표기 없음; 광고 판정 불명,영양제·직장인건강,마그네슘 효능과 복용 상담,만능 영양제 질문으로 시작해 기능과 상담으로 연결,마그네슘·효소 반응·위장장애·복용 상담,FMT-SUPPLEMENTS-TOP3-001,질문형,마그네슘이 왜 약사 추천 영양제가 되었을까요?,질문→기능 설명→복용 대상과 주의→상담 CTA,큰 숫자·효능 키워드 반복·상담 CTA,화면 자료 중심 릴스,20-30초,미확인,미조사,미측정,검토,내용·형식,김주성·오약·선영·공용,B,,마그네슘의 역할과 복용 상담 필요성을 짧게 설명,익숙한 성분을 만능 키워드와 상담 CTA로 연결해 관심을 끄는 구조(가설),마그네슘의 역할과 한계 분리; 복용 중인 약 질문; 위장장애 등 주의사항을 먼저 고지,,,검토,,2026-08-05T09:42:52.104Z,DQVrXaRj9DL.jpg
YAK-DM1n7fpPOGI,2026-08-04T21:05:07+09:00,E1,yak.golnam,약골라주는남자 | 약사 박준형,7911,국내 약사 인플루언서,,2025-08-02,368,https://www.instagram.com/yak.golnam/reel/DM1n7fpPOGI/,DM1n7fpPOGI,릴스,32.7,363252,3325,8584,1440,252.26,0.009153,0.026397,0.3467,2.5817,1,불명,공개 캡션에 광고·협찬 표기 없음; 광고 판정 불명,건강·식단·대사,야식 후 얼굴 붓기와 염증 신호,자가 체크리스트로 위험 신호를 인식시킴,붓기·염증·야식·식단 관리,FMT-SYMPTOM-PHARMACY-3STEP-001,질문형,야식만 먹으면 얼굴이 붓는 이유를 알고 계신가요?,증상 질문→해당 항목 체크→관리 가이드 DM CTA,체크리스트·경고 자막·CTA,화면 자료 중심 릴스,20-30초,미확인,미조사,미측정,검토,내용·형식,김주성·오약·선영·공용,B,,야식 뒤 붓기와 염증을 연결해 체크리스트와 관리 가이드로 유도,증상 공감과 체크리스트를 결합해 저장·상담 행동을 유도하는 구조(가설),붓기 원인과 질환 신호를 구분; 자가 체크 뒤 생활 행동 제시; 상담 유도는 과장 없이 제한,,,검토,,2026-08-05T09:42:53.575Z,DM1n7fpPOGI.jpg
YAK-DaCX_gfP0PA,2026-08-04T21:05:07+09:00,E1,yak.golnam,약골라주는남자 | 약사 박준형,7911,국내 약사 인플루언서,,2026-06-26,40,https://www.instagram.com/yak.golnam/reel/DaCX_gfP0PA/,DaCX_gfP0PA,릴스,31.1,3913,58,0,1440,2.72,0.014822,0.026397,0.5615,0,1,불명,공개 캡션에 광고·협찬 표기 없음; 광고 판정 불명,생활습관·수면,고쳐야 할 수면 습관 TOP5,수면 습관을 순위형 금지 목록으로 정리,수면·수면제·음주·역류성 식도염·수면무호흡,FMT-MED-MISTAKES-001,목록형,당장 고쳐야 할 최악의 수면 습관 5가지,5위→1위 순위 제시→복약·음주 주의→실천 CTA,순위 숫자·금지 표시·위험 키워드 대비,화면 자료 중심 릴스,30-45초,미확인,미조사,미측정,검토,내용·형식,김주성·오약·선영·공용,B,,수면을 해치는 습관 5가지를 순위로 제시하고 즉시 바꿀 행동을 안내,순위와 위험 신호를 결합해 반복 시청과 저장을 유도하는 구조(가설),잠들기 전 피할 행동 3개; 수면제와 술 병용 금지; 수면무호흡 신호는 진료로 연결,,,검토,,2026-08-05T09:42:33.902Z,DaCX_gfP0PA.jpg
YAK-DYvu6oCvV6O,2026-08-04T21:05:07+09:00,E1,yak.golnam,약골라주는남자 | 약사 박준형,7911,국내 약사 인플루언서,,2026-05-25,72,https://www.instagram.com/yak.golnam/reel/DYvu6oCvV6O/,DYvu6oCvV6O,릴스,32.7,1547,20,6,1440,1.07,0.012928,0.026397,0.4898,0.3,1,불명,공개 캡션에 광고·협찬 표기 없음; 광고 판정 불명,생활습관·대사,한 달 금주 후 체감 변화 6가지,생활 변화 6가지를 번호로 빠르게 나열,금주·야식·수면·뱃살·피부·소비,FMT-SITUATION-TOP5-001,목록형,한 달만 술을 끊어도 생기는 변화 6가지,변화 1~6번→생활 체감 예시→댓글 질문,번호 자막·이모지·변화 키워드 반복,화면 자료 중심 릴스,20-30초,미확인,미조사,미측정,검토,내용·형식,김주성·오약·선영·공용,B,,금주 후 체감할 수 있는 생활 변화를 6개 항목으로 정리,행동 변화의 즉시 보상을 나열해 도전 의지를 자극하는 구조(가설),금주 목표 기간을 선택; 수면·식사 변화를 기록; 금단 증상이나 의존은 전문가 상담으로 안내,,,검토,,2026-08-05T09:42:37.740Z,DYvu6oCvV6O.jpg
YAK-DYoVRRLvfpp,2026-08-04T21:05:07+09:00,E1,yak.golnam,약골라주는남자 | 약사 박준형,7911,국내 약사 인플루언서,,2026-05-22,75,https://www.instagram.com/yak.golnam/reel/DYoVRRLvfpp/,DYoVRRLvfpp,릴스,28.6,1190,36,6,1440,0.83,0.030252,0.026397,1.1461,0.1667,1,불명,공개 캡션에 광고·협찬 표기 없음; 광고 판정 불명,정신건강·생활습관,ADHD 특성 3가지,특성을 짧은 사례와 결론으로 설명,ADHD·벼락치기·몰입·시작 지연,FMT-SITUATION-TOP5-001,목록형,머리 좋은 ADHD의 특징 3가지,특성 1~3번→게으름이 아니라는 재해석→자기비난 완화,번호 자막·ON/OFF 대비·공감형 결론,화면 자료 중심 릴스,20-30초,미확인,미조사,미측정,검토,내용·형식,김주성·오약·선영·공용,B,,ADHD 관련 특성을 3가지 사례와 공감형 결론으로 설명,자기비난을 낮추는 재해석으로 공감과 공유를 유도하는 구조(가설),진단으로 단정하지 않기; 성인·청소년 차이 설명; 일상 기능 저하는 전문가 평가로 연결,,,검토,,2026-08-05T09:42:39.170Z,DYoVRRLvfpp.jpg
YAK-DYYc-TSvPwG,2026-08-04T21:05:07+09:00,E1,yak.golnam,약골라주는남자 | 약사 박준형,7911,국내 약사 인플루언서,,2026-05-16,81,https://www.instagram.com/yak.golnam/reel/DYYc-TSvPwG/,DYYc-TSvPwG,릴스,31.5,52863,291,13,1440,36.71,0.005505,0.026397,0.2086,0.0447,1,불명,공개 캡션에 광고·협찬 표기 없음; 광고 판정 불명,건강·자가점검,건강하다는 신호 8가지,일상에서 확인할 수 있는 신호를 8개 체크리스트로 제시,혈류·신장·탈수·혈압·기립성 저혈압,FMT-SITUATION-TOP5-001,체크리스트형,사소해 보여도 건강하다는 증거 8가지,신호 1~8번→자가 체크→친구 태그·저장 CTA,체크박스·숫자 자막·저장 CTA,화면 자료 중심 릴스,30-45초,미확인,미조사,미측정,검토,내용·형식,김주성·오약·선영·공용,B,,일상 신호 8가지를 자가 체크 형식으로 제시,체크리스트와 저장 행동을 결합해 반복 확인을 유도하는 구조(가설),건강 신호와 질환 의심 신호를 구분; 수치가 필요한 항목은 측정 기준 제시; 이상 시 진료 권고,,,검토,,2026-08-05T09:42:40.428Z,DYYc-TSvPwG.jpg
JESSI-DbngSZoAnr_,2026-08-04T21:26:00+09:00,E1,jessi_yaksa,제씨약사 | 뷰티•웰니스•건강 | 제선영,6725,국내 약사 인플루언서,,2026-08-04,1,https://www.instagram.com/jessi_yaksa/reel/DbngSZoAnr_/,DbngSZoAnr_,릴스,33.8,56422,408,4,6108,9.24,0.007231,0.028902,0.2502,0.0098,1,불명,공개 캡션에 광고·협찬 표기 없음; 광고 판정 불명,여성건강·의약품,생리통약 티어표,통증 유형과 상황에 따라 생리통약 선택 기준을 S부터 D까지 비교,생리통·진통제·탁센·아세트아미노펜,FMT-PRODUCT-LABEL-RANKING-001,랭킹형,생리통약 티어표,S·A·B·C·D 등급 비교→약 성분과 상황 설명→저장 CTA,등급표·제품명·색상 대비,화면 자료 중심 릴스,20-30초,미확인,미조사,미측정,검토,내용·형식,선영·김주성·오약·공용,B,,생리통약을 등급표로 비교해 선택 기준을 빠르게 제시,등급표가 선택 부담을 줄이고 저장 행동을 유도하는 구조(가설),통증 위치와 복용 가능 여부 확인; 성분 중복을 피하기; 임신·기저질환·지속 통증은 전문가 상담,,,검토,,2026-08-05T09:43:55.208Z,DbngSZoAnr_.jpg
JESSI-Dbk3oOzBX1X,2026-08-04T21:26:00+09:00,E1,jessi_yaksa,제씨약사 | 뷰티•웰니스•건강 | 제선영,6725,국내 약사 인플루언서,,2026-08-03,2,https://www.instagram.com/jessi_yaksa/reel/Dbk3oOzBX1X,Dbk3oOzBX1X,릴스,26.3,18723,86,3,6108,3.07,0.004593,0.028902,0.1589,0.0349,1,광고아님,공개 캡션에 (광고❌) 표기,피부·뷰티,색소침착 제품 성분 비교,올리브영 제품의 핵심 성분과 약국 처방 정보를 함께 비교,색소침착·미백·나이아신아마이드·자외선차단,FMT-PRODUCT-LABEL-RANKING-001,비교형,색소침착 제품 성분 비교,피부 고민 제시→제품 성분 비교→약국 처방 메모→주의사항,성분명 강조·제품 패키지 대비,화면 자료 중심 릴스,30-45초,미확인,미조사,미측정,검토,내용·형식,선영·김주성·오약·공용,B,,색소침착 제품을 성분 기준으로 비교하고 약국 처방 정보를 덧붙임,제품 비교와 광고 아님 표기가 정보 신뢰를 높이는 구조(가설),성분 농도와 사용 기간을 분리해 설명; 자극 시 사용 중단; 병변 변화는 진료로 연결,,,검토,,2026-08-05T09:43:56.511Z,Dbk3oOzBX1X.jpg
JESSI-DbcN6jJwjJO,2026-08-04T21:26:00+09:00,E1,jessi_yaksa,제씨약사 | 뷰티•웰니스•건강 | 제선영,6725,국내 약사 인플루언서,,,,https://www.instagram.com/jessi_yaksa/reel/DbcN6jJwjJO,DbcN6jJwjJO,릴스,,,,,,,,,,,1,불명,공개 캡션에 광고·협찬 표기 없음; 광고 판정 불명,영양제·증상관리,증상별 영양제 조합 5가지,상황별 증상에 맞춰 함께 고려할 영양 성분 조합을 다섯 사례로 제시,피로·수면·눈 피로·장 건강·여성건강,FMT-SITUATION-TOP5-001,목록형,증상별 영양제 조합 5가지,증상 질문→사례 1~5→성분 조합→복용 주의→저장 CTA,번호 자막·성분명 강조·상황별 카드,화면 자료 중심 릴스,30-45초,미확인,미조사,미측정,검토,내용·형식,선영·김주성·오약·공용,B,,증상별로 함께 고려할 영양 성분 조합을 다섯 사례로 정리,증상 중심 분류가 제품명보다 상담 질문을 먼저 만들 수 있는 구조(가설),복용 중인 약과 중복 성분 확인; 결핍을 진단하지 않기; 지속 증상은 진료 안내,,,검토,"지표수집 실패: 공개 embed 메타데이터 미노출 (status=200, final=https://www.instagram.com/reel/DbcN6jJwjJO/embed/, len=83726, context=true, views=false)",2026-08-05T09:44:15.857Z,
JESSI-DbaaTn4hUvF,2026-08-04T21:26:00+09:00,E1,jessi_yaksa,제씨약사 | 뷰티•웰니스•건강 | 제선영,6725,국내 약사 인플루언서,,2026-07-30,6,https://www.instagram.com/jessi_yaksa/reel/DbaaTn4hUvF,DbaaTn4hUvF,릴스,17.2,6108,67,1,6108,1,0.010969,0.028902,0.3795,0.0149,1,광고아님,공개 캡션에 (광고X) 표기,여성건강·생활습관,생리통 3단계 대처,생리통이 시작됐을 때 확인할 것과 행동 순서를 세 단계로 안내,생리통·온찜질·진통제·출혈,FMT-THREE-STEPS-TAKE-WASH-APPLY-001,단계형,생리통이 시작됐다면 3단계로 확인하세요,증상 확인→생활 대처→약 복용과 진료 신호→저장 CTA,3단계 숫자·주의 표시·행동 체크,화면 자료 중심 릴스,20-30초,미확인,미조사,미측정,검토,내용·형식,선영·김주성·오약·공용,B,,생리통 상황에서 확인과 대처 순서를 세 단계로 제시,상황 발생 직후의 행동 순서가 저장과 재방문을 유도하는 구조(가설),통증 강도와 출혈 양상 확인; 금기 성분 확인; 갑작스럽거나 심한 통증은 진료 권고,,,검토,,2026-08-05T09:43:57.723Z,DbaaTn4hUvF.jpg
JESSI-DbIRYqqxuHe,2026-08-04T21:26:00+09:00,E1,jessi_yaksa,제씨약사 | 뷰티•웰니스•건강 | 제선영,6725,국내 약사 인플루언서,,2026-07-23,13,https://www.instagram.com/jessi_yaksa/reel/DbIRYqqxuHe,DbIRYqqxuHe,릴스,36.3,9182,627,23,6108,1.5,0.068286,0.028902,2.3627,0.0367,1,광고아님,공개 캡션에 (광고X) 표기,피부·뷰티,유기자차 선크림 TOP5,유기자차 선크림 다섯 제품을 성분 기준으로 비교,자외선차단·유기자차·민감성피부·백탁,FMT-PRODUCT-LABEL-RANKING-001,랭킹형,유기자차 선크림 TOP5,피부 고민 제시→제품 1~5위 비교→성분과 사용감→저장 CTA,순위 번호·제품 패키지·성분명 대비,화면 자료 중심 릴스,30-45초,미확인,미조사,미측정,검토,내용·형식,선영·김주성·오약·공용,B,,유기자차 선크림 다섯 제품을 성분과 사용감 기준으로 비교,순위와 성분 비교를 함께 제시해 구매 전 저장을 유도하는 구조(가설),자외선 차단지수와 사용량을 함께 안내; 피부 자극 시 중단; 개인 피부 반응 차이 명시,,,검토,,2026-08-05T09:44:07.115Z,DbIRYqqxuHe.jpg
JESSI-DbFt3HARR7_,2026-08-04T21:26:00+09:00,E1,jessi_yaksa,제씨약사 | 뷰티•웰니스•건강 | 제선영,6725,국내 약사 인플루언서,,,,https://www.instagram.com/jessi_yaksa/reel/DbFt3HARR7_,DbFt3HARR7_,릴스,,,,,,,,,,,1,불명,공개 캡션에 광고·협찬 표기 없음; 광고 판정 불명,음주·약물안전,숙취 상황에서 하면 안 되는 행동 5가지,숙취 상황에서 피해야 할 행동과 대체 행동을 다섯 항목으로 안내,숙취·해장·진통제·수분보충,FMT-MED-MISTAKES-001,경고형,숙취 때 하면 안 되는 행동 5가지,실수 경고→행동 1~5→대체 행동→진료 신호→저장 CTA,금지 표시·번호 목록·대체 행동 대비,화면 자료 중심 릴스,30-45초,미확인,미조사,미측정,검토,내용·형식,선영·김주성·오약·공용,B,,숙취 상황에서 피해야 할 행동 다섯 가지를 약물안전 관점으로 정리,실수와 대체 행동을 함께 제시해 공유와 저장을 유도하는 구조(가설),음주량과 증상 확인; 아세트아미노펜 등 약물 주의; 의식 저하와 호흡 이상은 응급 대응,,,검토,"지표수집 실패: 공개 embed 메타데이터 미노출 (status=200, final=https://www.instagram.com/reel/DbFt3HARR7_/embed/, len=83726, context=true, views=false)",2026-08-05T09:44:19.698Z,
MEDI-DbRqt7dgKsn,2026-08-04T21:43:19+09:00,E1,medimantv,약사 메디슨맨 | 장무현,9만,국내 약사 인플루언서,,2026-07-27,9,https://www.instagram.com/medimantv/p/DbRqt7dgKsn/,DbRqt7dgKsn,캐러셀,,,115,0,,,,,,0,1,불명,공개 캡션에 광고·협찬 표기 없음; 광고 판정 불명,약물안전·여행건강,여행 상비약 체크리스트,여행지에서 약을 구하기 어려운 상황을 대비해 상비약을 준비하는 순서,여행·상비약·진통제·해열제·항히스타민제,FMT-SITUATION-TOP5-001,목록형,곧 여행가는 약사의 현실 상비약,여행 상황 제시→상비약 항목별 설명→냉방병 대비→질문 CTA,약 상자·번호 자막·체크 표시,화면 자료 중심 캐러셀,30-45초,미확인,미조사,미측정,검토,내용·형식,김주성·오약·선영·공용,B,,여행 전 상비약을 준비해야 하는 이유와 항목을 사례로 설명,여행이라는 시점을 먼저 제시해 준비 행동과 저장을 유도하는 구조(가설),여행지와 기간에 맞춰 필요한 약을 구분; 복용 중인 약과 중복 확인; 증상이 심하면 현지 진료,,,검토,,2026-08-05T09:44:36.463Z,DbRqt7dgKsn.jpg
MEDI-DZEcYBMEtNx,2026-08-04T21:43:19+09:00,E1,medimantv,약사 메디슨맨 | 장무현,9만,국내 약사 인플루언서,,2026-06-02,64,https://www.instagram.com/medimantv/p/DZEcYBMEtNx/,DZEcYBMEtNx,캐러셀,,,232,47,,,,,,0.2026,1,불명,공개 캡션에 광고·협찬 표기 없음; 광고 판정 불명,영양제·대사,베르베린 3대 괴담,베르베린 섭취와 관련해 반복되는 오해 세 가지를 약사 관점으로 설명,베르베린·고지혈증약·금기·휴지기·흡수율,FMT-MED-MISTAKES-001,경고형,베르베린 드시는 분들은 꼭 알아야 할 이야기,오해 제시→괴담 1~3 반박→복용 상황 주의→질문 CTA,오해·사실 대비·번호 자막,화면 자료 중심 캐러셀,30-45초,미확인,미조사,미측정,검토,내용·형식,김주성·오약·선영·공용,B,,베르베린 복용자가 자주 묻는 세 가지 오해를 정리,반복되는 괴담을 번호로 분해해 시청자의 질문과 댓글을 유도하는 구조(가설),복용 중인 약과 상호작용 확인; 근거 수준을 구분; 이상 반응은 복용 중단 후 전문가 상담,,,검토,,2026-08-05T09:44:37.755Z,DZEcYBMEtNx.jpg
MEDI-DYMLFvmll8a,2026-08-04T21:43:19+09:00,E1,medimantv,약사 메디슨맨 | 장무현,9만,국내 약사 인플루언서,,2026-05-11,86,https://www.instagram.com/medimantv/p/DYMLFvmll8a/,DYMLFvmll8a,캐러셀,,,161,25,,,,,,0.1553,1,불명,공개 캡션에 광고·협찬 표기 없음; 광고 판정 불명,영양제·제품비교,해외 마그네슘 선택 기준,해외 마그네슘을 흡수 후 효과가 아니라 부작용과 가성비 기준으로 고르는 방법,마그네슘·흡수율·위장장애·가성비·글리신산·시트르산,FMT-PRODUCT-SCORECARD-001,점수형,해외 마그네슘 똑똑하게 고르는법 총정리,선택 기준 제시→흡수와 부작용 설명→가성비 비교→저장 CTA,세 기준 카드·성분명 강조·주의 자막,화면 자료 중심 캐러셀,30-45초,미확인,미조사,미측정,검토,내용·형식,김주성·오약·선영·공용,B,,마그네슘 형태를 흡수와 위장 부작용 그리고 가성비 기준으로 비교,기준을 세 개로 압축해 제품 선택 부담을 줄이는 구조(가설),복용 중인 약과 신장 기능 확인; 제품 형태별 차이를 과장하지 않기; 설사 등 이상 반응은 상담,,,검토,,2026-08-05T09:44:39.027Z,DYMLFvmll8a.jpg
MEDI-DbmVYg9H0UJ,2026-08-04T21:43:19+09:00,E1,medimantv,약사 메디슨맨 | 장무현,9만,국내 약사 인플루언서,,2026-08-04,1,https://www.instagram.com/medimantv/p/DbmVYg9H0UJ/,DbmVYg9H0UJ,캐러셀,,,23,1,,,,,,0.0435,3,광고·공구,공개 캡션에 오메가3 공동구매와 프로필 이벤트 링크가 표시됨,영양제·광고,초임계 오메가3 공동구매,함량과 순도를 강조한 오메가3 공동구매 안내와 구매 판단 요소를 함께 제시,오메가3·초임계·순도·함량·공동구매,FMT-PRODUCT-LABEL-RANKING-001,랭킹형,초임계 오메가3 공동구매 오픈,공구 시작 안내→함량·순도 강조→참여 링크 CTA,제품 패키지·수치 강조·공구 배지,제품 중심 캐러셀,30-45초,미확인,미조사,미측정,검토,내용·형식,김주성·오약·선영·공용,B,,초임계 오메가3의 함량과 순도를 제시하고 공동구매 참여로 연결,수치 비교와 기간 한정 공구를 결합해 구매 행동을 유도하는 광고형 구조(가설),광고·공구 표기를 분명히 유지; 원료와 함량 근거 확인; 복용 중인 항응고제 등 상호작용 확인,,,검토,,2026-08-05T09:44:40.256Z,DbmVYg9H0UJ.jpg
YAKSTORY-DbnhRjhE-WW,2026-08-04T22:00:11+09:00,E1,yakstory119,약들약/고상온,35.9만,국내 약사 인플루언서,,2026-08-04,1,https://www.instagram.com/yakstory119/p/DbnhRjhE-WW/,DbnhRjhE-WW,캐러셀,,,109,21,,,,,,0.1927,3,광고·공구,공개 캡션에 리포좀씨큐텐 공동구매 곧 마감한다는 안내와 제품 섭취 권장이 표시됨,영양제·광고,리포좀씨큐텐 공동구매 마감,공동구매 마감 시점에 제품 핵심과 참여 행동을 어떻게 연결할까?,리포좀씨큐텐·코엔자임Q10·공동구매·마감,FMT-GROUPBUY-DEADLINE-001,마감형,리포좀씨큐텐 공동구매 곧 마감합니다,마감 임박 제시→제품 섭취 권장→기간 CTA,제품 패키지·마감 배지·공구 자막,제품 화면 중심 캐러셀,20-35초,미확인,미조사,미측정,검토,내용·형식,김주성·오약·선영·공용,B,,리포좀씨큐텐 공동구매 마감 임박을 먼저 알리고 제품 섭취 행동으로 연결,마감 시점과 제품 핵심을 결합해 구매 행동을 촉진하는 광고형 구조(가설),공동구매·광고 표기를 유지; 성분과 함량 근거 확인; 복용 중인 약과 상호작용 확인,,,검토,,2026-08-05T09:45:00.966Z,DbnhRjhE-WW.jpg
YAKSTORY-Dbhd2X_T553,2026-08-04T22:00:11+09:00,E1,yakstory119,약들약/고상온,35.9만,국내 약사 인플루언서,,2026-08-02,3,https://www.instagram.com/yakstory119/reel/Dbhd2X_T553/,Dbhd2X_T553,릴스,79.8,24123,377,18,12318,1.96,0.015628,0.059228,0.2639,0.0477,1,불명,공개 캡션에 광고·협찬 표기 없음; 장기복용 주의와 효용 점검을 함께 설명,영양제·약물안전,장기복용 영양제 점검,오래 먹을 때 독성 위험이 있는 영양제와 돈 낭비 가능성이 있는 영양제를 구분,영양제 장기복용·가르시니아·비타민B6·나이아신·홍국·루테인·유산균,FMT-LONGTERM-NUTRIENT-WARNING-001,경고형,무심코 오래 섭취하면 건강을 해칠수 있는 영양제는?,경고 제시→독성 주의 4개→효용 점검 3개→저장 CTA,금지 표시·번호 목록·성분명 강조,화면 자료 중심 릴스,30-45초,미확인,미조사,미측정,검토,내용·형식,김주성·오약·선영·공용,B,,장기 섭취 시 주의할 영양제와 효용이 낮을 수 있는 보충제를 두 목록으로 정리,위험 목록과 점검 목록을 분리해 시청자의 복용 재평가를 유도하는 구조(가설),복용 기간과 용량을 확인; 간독성·신경독성 근거 확인; 여러 보충제 중복 복용 점검,,,검토,,2026-08-05T09:44:43.036Z,Dbhd2X_T553.jpg
YAKSTORY-DbZvtDUTK5H,2026-08-04T22:00:11+09:00,E1,yakstory119,약들약/고상온,35.9만,국내 약사 인플루언서,,2026-07-30,6,https://www.instagram.com/yakstory119/reel/DbZvtDUTK5H/,DbZvtDUTK5H,릴스,54.4,22596,428,111,12318,1.83,0.018941,0.059228,0.3198,0.2593,1,불명,공개 캡션에 간영양제 기전과 제품명이 함께 표시되지만 광고 표기는 확인되지 않음,영양제·약물안전·제품비교,간영양제 구성 기준,간 회복·해독·담즙 흐름·염증 조절 네 기전과 대표 제품 구성을 비교,간영양제·밀크씨슬·글루타치온·TUDCA·커큐민·아티초크,FMT-COMPOSITION-MECHANISM-001,기전형,근거 수준이 높은 간영양제 구성을 말씀 드리겠습니다,기전 4개 제시→대표 제품 3개 비교→음주 후 대상 CTA,기전 번호·제품 카드·성분 연결선,화면 자료 중심 릴스,30-45초,미확인,미조사,미측정,검토,내용·형식,김주성·오약·선영·공용,B,,간 피로와 관련된 네 가지 기전을 제시한 뒤 대표 간영양제 세 가지를 비교,기전과 제품 구성을 연결해 전문성과 제품 선택을 동시에 보여주는 구조(가설),간질환 여부와 복용 약 확인; 간영양제 효능 과장 금지; 음주 후 증상이 지속되면 진료,,,검토,,2026-08-05T09:44:45.730Z,DbZvtDUTK5H.jpg
YAKSTORY-DbST1XmEznT,2026-08-04T22:00:11+09:00,E1,yakstory119,약들약/고상온,35.9만,국내 약사 인플루언서,,2026-07-27,9,https://www.instagram.com/yakstory119/p/DbST1XmEznT/,DbST1XmEznT,캐러셀,,,1419,766,,,,,,0.5398,1,불명,공개 캡션에 베르베린 작용 기전과 제품 구매 안내가 함께 보이지만 광고 표기는 확인되지 않음,영양제·대사,베르베린 혈당 조절 기전,베르베린의 지방·염증·인슐린·콜레스테롤·혈압 관련 작용을 다섯 단계로 설명,베르베린·혈당·인슐린 민감도·콜레스테롤·혈압,FMT-MECHANISM-5STEP-001,메커니즘형,가장 강력한 혈당 조절템 베르베린의 더 중요한 효능은?,작용 기전 1~5→복용 대상→저장 CTA,단계 번호·화살표·장기 카드,화면 자료 중심 캐러셀,30-45초,미확인,미조사,미측정,검토,내용·형식,김주성·오약·선영·공용,B,,베르베린의 대사 관련 작용을 다섯 단계로 나눠 혈당 조절 주제로 설명,효능을 작용 경로로 분해해 복잡한 성분 정보를 이해시키는 구조(가설),복용 중인 약과 상호작용 확인; 혈당약 복용자는 전문가 상담; 혈당 개선 효과를 과장하지 않기,,,검토,,2026-08-05T09:45:02.305Z,DbST1XmEznT.jpg
LITTLE-DbnHipfyF7W,2026-08-04T22:11:50+09:00,E1,little_yaksa,리틀약사,6만,국내 약사 인플루언서,,2026-08-04,1,https://www.instagram.com/little_yaksa/reel/DbnHipfyF7W/,DbnHipfyF7W,릴스,,,59,3,,,,,,,1,불명,공개 캡션에 광고·협찬 표기 없음; 일반약 상식과 성분 중복·복용 간격을 설명,약물안전·일반약,상비약 7문항 퀴즈,일반약 이름과 복용 간격을 퀴즈로 점검,상비약·둘코락스에스·알마겔·아세트아미노펜·알레그라·스멕타·노스카나,FMT-MEDICINE-QUIZ-001,퀴즈형,약국 약 얼마나 알고 계세요?,문항 1~7 제시→정답과 복약 주의→저장 CTA,문항 번호·정답 공개·오답 경고,화면 자료 중심 릴스,30-45초,미확인,미조사,미측정,검토,내용·형식,김주성·오약·선영·공용,B,,상비약과 일반약 성분 중복 및 복용 간격을 일곱 문항 퀴즈로 정리,문제 풀이 구조로 복약 정보를 기억하고 저장하게 하는 방식(가설),감기약과 진통제의 아세트아미노펜 중복 확인; 스멕타와 다른 약의 복용 간격 확인; 증상이 지속되면 진료,,,검토,지표수집 실패: 공개 재생수 미노출 / 릴스 길이 메타 미노출,2026-08-05T09:45:06.119Z,DbnHipfyF7W.jpg
LITTLE-Dbh8cQ-SzKr,2026-08-04T22:11:50+09:00,E1,little_yaksa,리틀약사,6만,국내 약사 인플루언서,,2026-08-02,3,https://www.instagram.com/little_yaksa/reel/Dbh8cQ-SzKr/,Dbh8cQ-SzKr,릴스,,,27,1,,,,,,,1,불명,공개 캡션에 광고·협찬 표기 없음; 여드름 부위별 자극과 생활습관을 설명,피부·생활습관,여드름 부위별 원인 체크,부위만으로 원인을 단정하지 않고 반복 자극과 생활습관을 점검,여드름·피지·땀·헤어제품·마스크·치약·호르몬 변화,FMT-SITUATION-TOP5-001,체크리스트형,여드름 위치만 보면 원인을 알 수 있을까요?,부위별 원인 제시→반복 자극 점검→저장 CTA,얼굴 부위 도식·체크 표시·생활습관 아이콘,화면 자료 중심 릴스,30-45초,미확인,미조사,미측정,검토,내용·형식,김주성·오약·선영·공용,B,,여드름 위치별로 확인할 생활습관과 반복 자극을 체크리스트로 제시,부위별 질문으로 시작해 개인 점검과 저장을 유도하는 구조(가설),부위만으로 원인을 확정하지 않기; 자극 요인 확인; 염증이 심하거나 반복되면 피부과 상담,,,검토,지표수집 실패: 공개 재생수 미노출 / 릴스 길이 메타 미노출,2026-08-05T09:45:14.008Z,Dbh8cQ-SzKr.jpg
LITTLE-DbSfZrqykJw,2026-08-04T22:11:50+09:00,E1,little_yaksa,리틀약사,6만,국내 약사 인플루언서,,2026-07-27,9,https://www.instagram.com/little_yaksa/reel/DbSfZrqykJw/,DbSfZrqykJw,릴스,,,119,8,,,,,,,1,불명,공개 캡션에 광고·협찬 표기 없음; 성분별 섭취 시간과 제품 설명 우선 원칙을 제시,영양제·약물안전,영양제 복용 시간표,아침 공복부터 취침 전까지 성분별 섭취 시간과 예외를 정리,영양제 시간표·유산균·비타민B·코큐텐·오메가3·칼슘·마그네슘,FMT-NUTRIENT-TIMETABLE-001,시간표형,영양제 아무 때나 한꺼번에 드시나요?,시간대별 성분 배치→흡수·위장 조건 설명→제품 설명 우선 안내→저장 CTA,시간대 축·성분 카드·주의 자막,화면 자료 중심 릴스,30-45초,미확인,미조사,미측정,검토,내용·형식,김주성·오약·선영·공용,B,,영양제 성분을 섭취 시간대별로 배치하고 제품별 섭취 방법을 먼저 확인하라고 안내,하루 시간표를 사용해 복용 습관과 저장 행동을 유도하는 구조(가설),제품 라벨의 섭취 방법 우선 확인; 복용 중인 약과 상호작용 확인; 위장 불편 시 상담,,,검토,지표수집 실패: 공개 재생수 미노출 / 릴스 길이 메타 미노출,2026-08-05T09:45:37.583Z,DbSfZrqykJw.jpg
BUBU-DbkMb9DvqfU,2026-08-04T22:29:29+09:00,E1,yaksa__bubu,육아정보 건강정보 | 약사부부,9.8만,국내 약사 인플루언서,,2026-08-03,2,https://www.instagram.com/yaksa__bubu/reel/DbkMb9DvqfU/,DbkMb9DvqfU,릴스,39.5,5161,64,2,2368,2.18,0.012401,0.055059,0.2252,0.0313,1,불명,공개 캡션에 광고·협찬 표기 없음; 위고비·마운자로 비교와 복약 정보를 설명,약물안전·다이어트,위고비·마운자로 비교,체중감량·부작용·장기데이터·가격 기준으로 선택,위고비·마운자로·GLP-1·GIP·체중감량·부작용,FMT-DRUG-COMPARISON-001,비교형,"위고비 vs 마운자로, 뭐가 더 좋아요?",질문→효과·부작용·안전성·가격 비교→상황별 선택→팔로우 CTA,두 약 카드·수치 자막·체크 표시,화면 자료 중심 릴스,45-60초,미확인,미조사,미측정,검토,내용·형식,김주성·오약·선영·공용,B,,위고비와 마운자로를 체중감량·부작용·안전성·가격 기준으로 비교,선택 질문과 비교축을 동시에 제시해 개인 상황에 맞춰 끝까지 보게 하는 구조(가설),개인 처방·진단 아님; 의료진 상담; 최신 허가·급여·가격 확인,,,검토,,2026-08-05T09:45:53.078Z,DbkMb9DvqfU.jpg
BUBU-DbkyEcwvaxM,2026-08-04T22:29:29+09:00,E1,yaksa__bubu,육아정보 건강정보 | 약사부부,9.8만,국내 약사 인플루언서,,2026-08-03,2,https://www.instagram.com/yaksa__bubu/reel/DbkyEcwvaxM/,DbkyEcwvaxM,릴스,18.8,63761,271,1897,2368,26.93,0.00425,0.055059,0.0772,7,1,불명,공개 캡션에 광고·협찬 표기 없음; 어린이 철분 부족 습관과 제품 선택 기준을 설명,육아·영양제,아이 철분 부족 5가지 습관,식습관·항생제·우유·활동량을 다섯 가지로 점검,철분·어린이·우유·항생제·비헴철·집중력,FMT-SITUATION-TOP5-001,목록형,아이들 철분이 고갈되는 5가지 습관,5가지 습관→부족 신호→철분제 선택 기준→댓글 CTA,번호 카드·경고 아이콘·체크리스트,화면 자료 중심 릴스,45-60초,미확인,미조사,미측정,검토,내용·형식,선영·김주성·공용,B,,아이 철분 부족과 관련된 식습관·생활 습관을 다섯 항목으로 점검,불안 신호를 먼저 제시한 뒤 제품 선택 기준으로 연결해 부모의 시청 지속을 유도하는 구조(가설),철분 부족을 진단하지 않기; 연령별 권장량 확인; 고용량은 의료진 상담,,,검토,,2026-08-05T09:45:51.825Z,DbkyEcwvaxM.jpg
BUBU-DbiSJXbPT5q,2026-08-04T22:29:29+09:00,E1,yaksa__bubu,육아정보 건강정보 | 약사부부,9.8만,국내 약사 인플루언서,,2026-08-02,3,https://www.instagram.com/yaksa__bubu/reel/DbiSJXbPT5q/,DbiSJXbPT5q,릴스,40.2,2712,34,2,2368,1.15,0.012537,0.055059,0.2277,0.0588,1,불명,공개 캡션에 광고·협찬 표기 없음; 아이 물놀이 때 챙길 일반약·보습·ORS·자외선 차단을 설명,육아·피부·약물안전,아이 물놀이 건강 필수품 4가지,물놀이 상황에서 화상·피부장벽·탈수·자외선 노출을 네 가지 준비물로 점검,화상연고·보습크림·ORS·자외선차단·물놀이,FMT-OUTDOOR-4ESSENTIALS-001,목록형,아이들 물놀이 갈 때 꼭 챙기는 4가지,상황 제시→4개 준비물·용도→예방 행동→시즌 CTA,4분할 카드·제품 아이콘·주의 자막,제품 화면 중심 릴스,45-60초,미확인,미조사,미측정,검토,내용·형식,선영·오약·공용,B,,물놀이 전후에 필요한 화상·보습·수분·자외선 대비 항목을 네 가지로 정리,계절 상황과 준비물 목록을 결합해 바로 챙길 행동으로 전환하는 구조(가설),화상·탈수 증상이 있으면 진료; 제품은 허가·사용법 확인; 어린이 사용 연령 확인,,,검토,,2026-08-05T09:45:54.329Z,DbiSJXbPT5q.jpg
BUBU-Dbj31StTY5W,2026-08-04T22:29:29+09:00,E1,yaksa__bubu,육아정보 건강정보 | 약사부부,9.8만,국내 약사 인플루언서,,2026-08-03,2,https://www.instagram.com/yaksa__bubu/p/Dbj31StTY5W/,Dbj31StTY5W,캐러셀,,,21,6,,,,,,,1,불명,공개 캡션에 광고·협찬 표기 없음; 철분 저용량·고용량 복용과 검사 필요성을 설명,영양제·약물안전,철분제 피검사 전후 복용 기준,저용량과 고용량을 나누고 증상·검사 조건에 따라 복용 판단을 분기,철분·피검사·페리틴·저용량·고용량·임신,FMT-DOSE-DECISION-TREE-001,분기형,"철분제, 피검사하고 먹어야 하나요?",결론→저용량 기준→고용량·검사 예외→상담 안내,용량 숫자·분기 화살표·주의 박스,화면 자료 중심 캐러셀,45-60초,미확인,미조사,미측정,검토,내용·형식,김주성·오약·선영·공용,B,,철분제 복용 전 피검사 필요성과 저용량·고용량 기준을 분기형으로 설명,검사 여부 질문을 용량과 증상 기준으로 나눠 시청자가 자기 상황을 점검하게 하는 구조(가설),고용량 철분은 검사 후 복용; 임신·질환·복용약은 의료진 상담; 개인 진단 아님,,,검토,,2026-08-05T09:46:08.495Z,Dbj31StTY5W.jpg
LITTLE-DbaNtSpS8Jj,2026-08-04T22:11:50+09:00,E1,little_yaksa,리틀약사,6만,국내 약사 인플루언서,,2026-07-30,6,https://www.instagram.com/little_yaksa/reel/DbaNtSpS8Jj/,DbaNtSpS8Jj,릴스,,,506,11,,,,,,,1,불명,공개 캡션에 광고·협찬 표기 없음; 다이소 영양제를 사요·안 사요로 비교,영양제·제품비교,다이소 영양제 사요 안 사요,원료·영양성분·가격 기준으로 구매 권장과 보류 제품을 나눠 설명,다이소·단백질·홍삼·가르시니아·유산균·가성비,FMT-BUY-DONTBUY-001,양분형,다이소 신상 싼 게 다 좋은 건 아닙니다,사요 5개 제시→안 사요 5개 제시→구매 전 저장 CTA,초록·빨강 대비·제품 카드·근거 자막,제품 화면 중심 릴스,45-60초,미확인,미조사,미측정,검토,내용·형식,김주성·오약·선영·공용,B,,다이소 영양제를 구매 권장과 보류 항목으로 나눠 원료와 영양성분을 비교,사요·안 사요 대비로 구매 전 판단 기준과 저장 행동을 함께 제시하는 구조(가설),제품 성분과 함량 확인; 건강기능식품 기능성 문구 과장 금지; 복용 중인 약과 중복 확인,,,검토,지표수집 실패: 공개 재생수 미노출 / 릴스 길이 메타 미노출,2026-08-05T09:45:25.929Z,DbaNtSpS8Jj.jpg
BUBU-DbjzceJvqpf,2026-08-04T22:47:30+09:00,E1,bbubbu_yaksa,뿌뿌약사 | 김다영,16.8만,국내 약사 인플루언서,,2026-08-03,2,https://www.instagram.com/bbubbu_yaksa/p/DbjzceJvqpf/,DbjzceJvqpf,캐러셀,,,13,8,,,,,,,1,불명,공개 캡션에 광고·협찬 표기 없음; 오메가3 EPA+DHA 용량과 상담 필요성을 설명,영양제·약물안전,오메가3 연령·목적별 용량 설정,연령과 건강 목적별 용량 사다리로 복용 판단을 돕고 고함량은 상담으로 연결,오메가3·EPA·DHA·중성지방·출혈경향성·어린이,FMT-DOSE-LADDER-001,용량사다리형,"오메가3, 하루 몇 mg이 맞을까요?",목적별 500·1000·2000·3000mg 제시→고함량 주의→복용약·질환 상담,용량 숫자 카드·단계 상승 그래픽·주의 박스,화면 자료 중심 캐러셀,45-60초,미확인,미조사,미측정,검토,내용·형식,김주성·오약·선영·공용,B,,오메가3를 연령과 건강 목적별 용량으로 나눠 복용 판단 기준을 제시,용량 사다리와 고함량 주의 문구가 저장·상담 행동을 유도하는 구조(가설),복용약·질환이 있으면 상담; 고함량 복용은 출혈 위험 확인; 개인 진단 아님,,,검토,,2026-08-05T09:46:24.680Z,DbjzceJvqpf.jpg
BUBU-DbkhdoBRCC9,2026-08-04T22:47:30+09:00,E1,bbubbu_yaksa,뿌뿌약사 | 김다영,16.8만,국내 약사 인플루언서,,2026-08-03,2,https://www.instagram.com/bbubbu_yaksa/reel/DbkhdoBRCC9/,DbkhdoBRCC9,릴스,33,32615,303,99,14310,2.28,0.00929,0.006393,1.4531,0.3267,1,불명,공개 캡션에 광고·협찬 표기 없음; 건강검진 결과별 영양제 조합을 예시로 제시,영양제·약물안전·건강검진,건강검진 결과별 영양제 조합,검진 결과를 입력값처럼 보여주고 성분 조합과 의료진 상담을 함께 제시,콜레스테롤·혈압·당뇨전단계·빈혈·골밀도·베르베린,FMT-HEALTHCHECK-ROUTING-001,매핑형,건강검진 결과가 이렇다면 영양제는 이렇게 나눠보세요,검진 결과 8가지 제시→성분 조합 매핑→약물·질환 상담 안내→댓글 CTA,결과-성분 매트릭스·색상 구분·주의 자막,화면 자료 중심 릴스,45-60초,미확인,미조사,미측정,검토,내용·형식,김주성·오약·선영·공용,B,,건강검진 결과별 관심사를 성분 조합과 상담 주의사항으로 연결,여러 결과를 한 장씩 빠르게 매핑해 자기 상황을 찾게 하는 구조(가설),검진 결과만으로 복용을 결정하지 않기; 처방약·기저질환은 의료진 상담; 개인 진단 아님,,,검토,,2026-08-05T09:46:25.973Z,DbkhdoBRCC9.jpg
BUBU-DbiWxYXSEZs,2026-08-04T22:47:30+09:00,E1,bbubbu_yaksa,뿌뿌약사 | 김다영,16.8만,국내 약사 인플루언서,,2026-08-03,2,https://www.instagram.com/bbubbu_yaksa/reel/DbiWxYXSEZs/,DbiWxYXSEZs,릴스,17.9,102421,419,3,14310,7.16,0.004091,0.006393,0.6399,0.0072,1,불명,공개 캡션에 광고·협찬 표기 없음; 일상 식사와 생활습관을 바꾸는 5가지 예시,다이어트·영양·생활습관,만성염증을 줄이는 현실적인 식사 교체 5가지,익숙한 식사를 유지하면서 한 가지씩 바꾸는 현실적인 행동으로 접근,액상과당·가공식품·식이섬유·단백질·걷기·수면,FMT-MEAL-SWAP-5-001,양분형,"만성염증 관리, 식단을 전부 바꿀 필요는 없습니다",기존 식사와 대체 식사를 5개 비교→생활습관 5개 보강→저장·공유 CTA,전후 식사 카드·X/O 대비·번호 자막,제품·식사 화면 혼합 릴스,45-60초,Ramzuto·Vida Loca,미조사,미측정,검토,내용·형식,김주성·오약·선영·공용,B,,만성염증 관리를 식사 교체 5가지와 생활습관으로 구체화,금지보다 대체안을 보여줘 실행 장벽을 낮추고 저장·공유를 유도하는 구조(가설),질환 치료·완치 표현 금지; 식사·운동·수면은 개인 상태에 따라 조정; 증상이 지속되면 진료,,,검토,,2026-08-05T09:46:12.475Z,DbiWxYXSEZs.jpg
BUBU-DbiZEY8vScA,2026-08-04T22:47:30+09:00,E1,bbubbu_yaksa,뿌뿌약사 | 김다영,16.8만,국내 약사 인플루언서,,2026-08-02,3,https://www.instagram.com/bbubbu_yaksa/reel/DbiZEY8vScA/,DbiZEY8vScA,릴스,64.5,5074,88,305,14310,0.35,0.017343,0.006393,2.7128,3.4659,1,불명,공개 캡션에 광고·협찬 표기 없음; 만성염증 관련 증상 체크리스트와 상담 CTA를 제시,다이어트·생활습관,만성염증을 의심하게 하는 증상 7가지 체크,서로 다른 증상을 하나의 체크리스트로 묶고 댓글 키워드로 후속 정보를 안내,피로·체중·피부트러블·건조·부종·소화·두통,FMT-SYMPTOM-CHECKLIST-7-001,증상체크형,이 증상들이 따로가 아니라면 무엇을 먼저 점검할까요?,증상 7개 체크→생활습관 관리 제안→약사 경험 근거→댓글 키워드 CTA,증상 체크박스·경고 아이콘·자막 강조,화면 자료 중심 릴스,45-60초,Tony Dark Eyes·Breathe,미조사,미측정,검토,내용·형식,김주성·오약·선영·공용,B,,피로·건조·부종 등 증상을 체크리스트로 묶어 생활습관 점검으로 연결,흩어진 불편을 한 번에 확인하게 해 댓글 참여와 후속 자료 요청을 유도하는 구조(가설),증상만으로 만성염증을 확정하지 않기; 진단·치료 대체 금지; 지속 증상은 진료,,,검토,,2026-08-05T09:46:13.886Z,DbiZEY8vScA.jpg
DASI-DbnLUMED-eL,2026-08-04T22:57:30+09:00,E1,dasik.yaksa,다식 약사 | 박약다식·박소윤,10.8만,국내 약사 인플루언서,,2026-08-04,1,https://www.instagram.com/dasik.yaksa/p/DbnLUMED-eL/,DbnLUMED-eL,캐러셀,,,31,2,,,,,,0.0645,1,불명,공개 캡션에 광고·협찬 표기 없음; 생리통 관련 성분 순위와 제품 예시를 제시하고 다른 제품도 가능하다고 설명,여성건강·영양제,생리통에 먹으면 좋은 영양제 성분 순위,증상 상황을 먼저 제시하고 오메가3·마그네슘·생강·철분 등 성분 순위로 선택 기준을 제시,생리통·오메가3·마그네슘·생강·비타민D·철분·커큐민,FMT-SUPPLEMENT-RANKING-001,순위형,생리통 심한 친구에게 어떤 성분을 알려줄까요?,공유 질문→성분 순위 1-3위→제품은 예시라고 정리→댓글 상담,순위 숫자·성분 카드·제품 예시·주의 문구,화면 자료 중심 캐러셀,45-60초,미확인,미조사,미측정,검토,내용·형식,김주성·오약·선영·공용,B,,생리통 상황에서 영양제 성분을 순위로 비교하고 제품 선택은 성분 기준으로 열어둠,상황 질문과 순위 비교를 결합해 저장·공유와 상담 질문을 유도하는 구조(가설),생리통 원인 진단·치료 대체 금지; 임신·복용약은 의료진 상담; 성분별 금기 확인,,,검토,,2026-08-05T09:46:46.327Z,DbnLUMED-eL.jpg
DASI-Dbmi6qYD6qW,2026-08-04T22:57:30+09:00,E1,dasik.yaksa,다식 약사 | 박약다식·박소윤,10.8만,국내 약사 인플루언서,,2026-08-04,1,https://www.instagram.com/dasik.yaksa/p/Dbmi6qYD6qW/,Dbmi6qYD6qW,캐러셀,,,251,75,,,,,,0.2988,1,불명,공개 캡션에 광고·협찬 표기 없음; 운동을 시작하지 못한 현실적인 상황을 공유하고 함께 인증을 제안,다이어트·생활습관,운동 결심이 한 달째 실행되지 않을 때,전문가 팁 대신 개인의 실패 경험과 참여 요청으로 운동 습관을 함께 시작하게 함,운동·체력·근력·다이어트·육아후 체력,FMT-REAL-LIFE-CHECKIN-001,현실공감형,운동해야지 다짐만 한 달째라면 같이 인증할까요?,개인 상황 고백→시청자 공감 질문→댓글·DM 인증 제안,일상 사진·말풍선 자막·댓글 참여 유도,일상 사진 중심 캐러셀,30-45초,미확인,미조사,미측정,검토,내용·형식,김주성·오약·선영·공용,B,,운동 결심을 실행하지 못한 개인 경험을 공유하고 함께 인증하는 행동으로 전환,완성된 성공담보다 실패 고백이 공감을 만들고 댓글 참여를 촉진하는 구조(가설),개인 체력 차이 고려; 통증·질환이 있으면 운동 전 상담; 무리한 운동 금지,,,검토,,2026-08-05T09:46:47.641Z,Dbmi6qYD6qW.jpg
DASI-Dbjb3zqzswk,2026-08-04T22:57:30+09:00,E1,dasik.yaksa,다식 약사 | 박약다식·박소윤,10.8만,국내 약사 인플루언서,,2026-08-03,2,https://www.instagram.com/dasik.yaksa/reel/Dbjb3zqzswk/,Dbjb3zqzswk,릴스,16.6,9749,109,16,6008,1.62,0.011181,0.022655,0.4935,0.1468,1,불명,공개 캡션에 광고·협찬 표기 없음; 운동 후 회복을 위한 ORS·마그네슘·아미노산·비타민B 조합을 경험형으로 소개,다이어트·영양·운동,운동 후 회복을 돕는 조합,운동 후 상황별로 수분·근육통·에너지 회복 성분을 세 묶음으로 제시,ORS·마그네슘·아미노산·비타민B·운동회복·근육통,FMT-RECOVERY-STACK-001,상황조합형,운동 후 회복이 필요할 때 무엇을 먼저 챙길까요?,운동 경험 고백→수분·근육통·에너지별 조합→제품 질문 유도,성분별 카드·경험형 내레이션·반전 자막,화면 자료 중심 릴스,30-45초,Giulio Cercato·Delicious,미조사,미측정,검토,내용·형식,김주성·오약·선영·공용,B,,운동 후 회복을 수분·근육통·에너지 세 가지 상황별 조합으로 설명,구체적인 운동 경험과 성분 조합을 묶어 제품 질문과 상담을 유도하는 구조(가설),ORS는 탈수 상황에 한정; 운동 후 통증은 무리하지 않기; 복용약·질환은 상담,,,검토,,2026-08-05T09:46:28.751Z,Dbjb3zqzswk.jpg
DASI-DbiDDBNPiZr,2026-08-04T22:57:30+09:00,E1,dasik.yaksa,다식 약사 | 박약다식·박소윤,10.8만,국내 약사 인플루언서,,2026-08-02,3,https://www.instagram.com/dasik.yaksa/reel/DbiDDBNPiZr/,DbiDDBNPiZr,릴스,51.6,8501,97,3,6008,1.41,0.01141,0.022655,0.5036,0.0309,0,광고아님,공개 캡션에 광고·협찬 표기 없음; 약사배합·약국입점·유산균·컴플렉스 문구의 근거를 비판,영양제·광고판별,속기 쉬운 영양제 광고 문구 4가지,광고 문구를 네 가지 유형으로 나누고 성분·근거를 확인하라는 판단 기준을 제시,약사배합·약국입점·유산균·컴플렉스·근거·성분확인,FMT-AD-MYTH-BUSTING-001,오해깨기형,약사배합·약국입점이면 무조건 좋은 걸까요?,오해 문구 4개 제시→왜 부족한지 설명→성분과 근거 확인 CTA,오해/사실 대비·경고 아이콘·핵심 문구 강조,화면 자료 중심 릴스,45-60초,Giulio Cercato·Delicious,미조사,미측정,검토,내용·형식,김주성·오약·선영·공용,B,,영양제 광고의 익숙한 권위 문구를 네 유형으로 나눠 성분과 근거 확인을 권함,권위 신호를 먼저 흔들고 시청자가 구매 전 판단 기준을 저장하게 하는 구조(가설),광고 문구와 제품 효능을 동일시하지 않기; 근거·함량 확인; 질환 치료 표현 금지,,,검토,,2026-08-05T09:46:30.414Z,DbiDDBNPiZr.jpg
MYO-DbnSe7bPVMK,2026-08-04T23:06:35+09:00,E1,myo_yaksa,다정한 건강 묘약은 묘약사·김미나,8.6만,국내 약사 인플루언서,,2026-08-04,1,https://www.instagram.com/myo_yaksa/reel/DbnSe7bPVMK/,DbnSe7bPVMK,릴스,26.1,,0,4,2449,,,0.023994,,,3,광고·공구,"오드리선 8월 5일 오픈, 최대 51% 최저가, 구매 이벤트와 구매 링크를 안내",여성건강·생활용품,생리대·오버나이트,생리 첫째 날 12시간 숙면 후 새지 않았다는 개인 사용 경험을 구매 행동과 어떻게 연결할까?,생리·오버나이트·오드리선·구매이벤트·공동구매,FMT-CASE-RESULT-REVIEW-001,이용후기형,생리 첫째 날 12시간 푹 자고 하나도 안 샜어요!,개인 사용 결과 제시→제품 장점 설명→오픈일·최저가·구매 이벤트 CTA,사용 전후 상황 자막·제품 클로즈업·혜택 배지,제품 사용 장면 중심 릴스,30-45초,미확인,미조사,미측정,검토,내용·형식,김주성·오약·선영·공용,B,,개인 사용 경험으로 오버나이트 제품의 흡수·착용 결과를 제시하고 공동구매 참여로 연결,구체적인 숙면 결과와 오픈일·혜택을 함께 제시해 제품 관심과 구매 행동을 유도하는 광고형 구조(가설),광고·공구 표기를 유지; 생리용품 성능 표현은 개인 경험으로 한정; 의학적 효능으로 확대하지 않기,,,검토,지표수집 실패: 공개 재생수 미노출,2026-08-05T09:46:48.881Z,DbnSe7bPVMK.jpg
MYO-DbmENNVjyHt,2026-08-04T23:06:35+09:00,E1,myo_yaksa,다정한 건강 묘약은 묘약사·김미나,8.6만,국내 약사 인플루언서,,2026-08-04,1,https://www.instagram.com/myo_yaksa/p/DbmENNVjyHt/,DbmENNVjyHt,캐러셀,,,0,15,,,,,,,3,광고·공구,"오드리선 내일 오픈, 사이즈·장점·할인·구매 혜택과 이벤트를 사전 안내",여성건강·생활용품,팬티형 생리대·사이즈,구매 전에 사이즈와 혜택을 한 화면씩 확인하게 만드는 오픈 전 가이드,생리대·팬티형·사이즈·할인·구매혜택·공동구매,FMT-GROUPBUY-SIZE-GUIDE-001,구매가이드형,내일 오픈 전 꼭 읽어주세요,오픈 예고→사이즈·제품 장점→할인·구매 혜택→참여 CTA,사이즈 표·제품 비교·할인 배지·체크리스트,정보 카드형 캐러셀,30-45초,미확인,미조사,미측정,검토,내용·형식,김주성·오약·선영·공용,B,,오픈 전 구매자가 확인할 사이즈·장점·할인과 이벤트를 카드 순서로 정리,구매 직전 정보인 사이즈·가격·혜택을 한 번에 제공해 저장과 구매 전환을 유도하는 광고형 구조(가설),광고·공구 표기를 유지; 사이즈 선택 기준을 과장하지 않기; 구매 혜택의 조건을 명확히 표시,,,검토,,2026-08-05T09:47:00.425Z,DbmENNVjyHt.jpg
MYO-DbksfilvaHD,2026-08-04T23:06:35+09:00,E1,myo_yaksa,다정한 건강 묘약은 묘약사·김미나,8.6만,국내 약사 인플루언서,,2026-08-03,2,https://www.instagram.com/myo_yaksa/reel/DbksfilvaHD/,DbksfilvaHD,릴스,31.2,3077,63,156,2449,1.26,0.020474,0.023994,0.8533,2.4762,3,광고·공구,오드리선 생리용품을 4년 사용했다는 경험과 8월 5일 공동구매 오픈 일정을 안내,여성건강·생활용품,생리용품·장기사용후기,장기간 사용 경험을 제품 선택 근거와 공동구매 CTA로 전환,생리·오드리선·4년사용·공동구매·오픈일,FMT-LONGTERM-USE-PROOF-001,장기사용증명형,4년 동안 써보고 공동구매를 여는 이유,장기 사용 기간 제시→사용 이유·제품 특징→공구 오픈 CTA,기간 강조 자막·사용 제품 컷·오픈일 카운트,제품 소개형 릴스,30-45초,미확인,미조사,미측정,검토,내용·형식,김주성·오약·선영·공용,B,,4년 사용 경험을 제품 선택 근거로 제시하고 공동구매 오픈 일정으로 연결,장기 사용이라는 신뢰 신호와 오픈일을 결합해 제품 탐색과 구매 참여를 촉진하는 광고형 구조(가설),광고·공구 표기를 유지; 개인 경험과 객관적 성능을 구분; 생리용품 효능을 의학적 주장으로 확대하지 않기,,,검토,,2026-08-05T09:46:50.150Z,DbksfilvaHD.jpg
MYO-DbfdNX5j4Qq,2026-08-04T23:06:35+09:00,E1,myo_yaksa,다정한 건강 묘약은 묘약사·김미나,8.6만,국내 약사 인플루언서,,2026-08-01,4,https://www.instagram.com/myo_yaksa/p/DbfdNX5j4Qq/,DbfdNX5j4Qq,캐러셀,,,90,3,,,,,,0.0333,1,불명,공개 캡션에 광고·협찬 표기 없음; 엑스트라 버진 올리브오일의 조리·발연점·산화 안정성을 설명하고 개인 의견임을 고지,식품·생활건강,엑스트라 버진 올리브오일 조리,조리 온도와 산화 안정성 정보를 개인 의견 고지와 함께 설명,엑스트라버진·올리브오일·발연점·산화·조리,FMT-COOKING-SCIENCE-001,과학설명형,엑스트라 버진 올리브오일로 조리해도 괜찮을까?,조리 가능 여부 질문→발연점·산화 안정성 설명→개인 의견과 주의점,온도 수치 카드·오일 팬 장면·주의 문구,정보 카드형 캐러셀,30-45초,미확인,미조사,미측정,검토,내용·형식,김주성·오약·선영·공용,B,,엑스트라 버진 올리브오일의 조리 관련 정보를 설명하고 개인 의견이라는 한계를 함께 표시,생활 장면의 질문에 온도·산화 개념을 붙여 저장 가능한 판단 기준으로 바꾸는 정보형 구조(가설),제품 효능·질환 예방으로 확대하지 않기; 조리 온도와 원료 품질 차이를 확인; 정보와 개인 의견을 구분,,,검토,,2026-08-05T09:47:01.641Z,DbfdNX5j4Qq.jpg
SLOW-DbgVUFJh7-g,2026-08-04T23:16:46+09:00,E1,slowpharmacy,요가강사 슬로우약사 | 아이영양·엄마웰니스,7445,국내 약사 인플루언서,,2026-08-02,3,https://www.instagram.com/slowpharmacy/reel/DbgVUFJh7-g/,DbgVUFJh7-g,릴스,51.7,886,24,3,1011,0.88,0.027088,0.039422,0.6871,0.125,3,광고·공구,오메가3 원료 공급처·개별 포장·EPA+DHA 900–2000mg·순도 70–80%·보관법을 설명하고 프로필 구매 링크·DM 상담과 공구 댓글을 확인,영양제·엄마웰니스,오메가3 원료·순도,원료·함량·순도·보관 체크리스트를 구매 판단으로 연결,오메가3·EPA·DHA·순도·개별포장·보관·공구,FMT-OMEGA3-FACTCHECK-001,팩트체크형,"오메가3, 이것만 확인하고 사세요",원료·포장·함량·순도·보관 체크→구매 링크·문의 CTA,수치 자막·체크리스트·제품 패키지 컷,정보 카드 중심 릴스,30-45초,미확인,미조사,미측정,검토,내용·형식,김주성·오약·선영·공용,B,,원료와 함량·순도·보관 기준을 한 번에 제시하고 구매 문의로 연결,구매 전 확인할 항목을 숫자와 체크리스트로 압축해 저장·문의 행동을 유도하는 구조(가설),제품 구매 링크와 공구 맥락을 명확히 표시; EPA·DHA 함량과 순도는 제품별 근거를 확인,,,검토,,2026-08-05T09:47:02.901Z,DbgVUFJh7-g.jpg
SLOW-DbRrVrvTpYn,2026-08-04T23:16:46+09:00,E1,slowpharmacy,요가강사 슬로우약사 | 아이영양·엄마웰니스,7445,국내 약사 인플루언서,,2026-07-27,9,https://www.instagram.com/slowpharmacy/reel/DbRrVrvTpYn/,DbRrVrvTpYn,릴스,71.9,598,50,133,1011,0.59,0.083612,0.039422,2.1209,2.66,3,광고·공구,"온가족 츄어블 오메가3 마켓 오픈, 7월 27일–8월 2일 판매 기간, 프로필 링크·DM 구매, 구매 인증 이벤트와 다박스 할인·구매완료 댓글을 확인",영양제·엄마웰니스,온가족 츄어블 오메가3 공동구매,마켓 일정·구매 방법·혜택을 가족용 제품 선택과 연결,온가족·츄어블·오메가3·마켓오픈·구매인증·할인,FMT-GROUPBUY-PURCHASE-PROOF-001,구매인증형,온가족 오메가3 마켓이 열렸습니다,마켓 오픈→구매 방법→구매 인증 이벤트·다박스 할인→문의 CTA,기간 배지·구매 인증 댓글·혜택 자막·제품 컷,제품 소개형 릴스,30-45초,미확인,미조사,미측정,검토,내용·형식,김주성·오약·선영·공용,B,,판매 기간과 구매 방법·혜택을 구매 인증 이벤트와 함께 안내,일정·혜택·사회적 증거를 묶어 구매 시점을 명확히 만드는 광고형 구조(가설),공동구매 기간·할인 조건·이벤트 참여 조건을 화면에 고정; 가족별 섭취 적합성은 별도 확인,,,검토,,2026-08-05T09:47:04.146Z,DbRrVrvTpYn.jpg
SLOW-DbKwu5UEVaH,2026-08-04T23:16:46+09:00,E1,slowpharmacy,요가강사 슬로우약사 | 아이영양·엄마웰니스,7445,국내 약사 인플루언서,,2026-07-24,12,https://www.instagram.com/slowpharmacy/p/DbKwu5UEVaH/,DbKwu5UEVaH,캐러셀,,,48,77,,,,,,1.6042,3,광고·공구,"온가족 츄어블 오메가3 오픈알림, 다음 주 월요일 오픈·이벤트·냉장배송·최대 공동구매 할인과 알림 댓글을 확인",영양제·엄마웰니스,오메가3 공동구매 오픈알림,오픈 전 일정·배송·할인 조건을 구매자가 비교하도록 정리,오메가3·오픈알림·냉장배송·공동구매·할인·이벤트,FMT-GROUPBUY-OPEN-ALERT-001,오픈알림형,"다음 주 월요일, 온가족 오메가3가 열립니다",오픈 예고→배송·이벤트→공동구매 할인→알림·참여 CTA,달력 아이콘·냉장배송 배지·할인 카드·알림 댓글,정보 카드형 캐러셀,30-45초,미확인,미조사,미측정,검토,내용·형식,김주성·오약·선영·공용,B,,오픈일과 배송·할인·이벤트 조건을 사전 안내해 알림 참여로 연결,구매 전 불확실한 일정과 혜택을 카드로 먼저 해소해 알림·재방문을 유도하는 구조(가설),오픈일·배송 조건·할인 조건·이벤트 참여 방법을 분리해 표시; 보관·배송 표현의 근거 확인,,,검토,,2026-08-05T09:47:15.819Z,DbKwu5UEVaH.jpg
SLOW-Da-kxOehqHr,2026-08-04T23:16:46+09:00,E1,slowpharmacy,요가강사 슬로우약사 | 아이영양·엄마웰니스,7445,국내 약사 인플루언서,,2026-07-19,17,https://www.instagram.com/slowpharmacy/reel/Da-kxOehqHr/,Da-kxOehqHr,릴스,49.3,223,57,4,1011,0.22,0.255605,0.039422,6.4838,0.0702,1,불명,29개월 아이가 하원 후 약국에서 자기 영양제 루틴을 챙기는 장면을 관찰; 공개 캡션에서 광고·협찬 표기와 제품 판매를 확인하지 못함,아이영양·엄마웰니스,29개월 아이 영양제 루틴,아이의 일상 장면으로 영양제 루틴과 보호자 관찰 포인트를 보여 줌,29개월·아이영양·영양제루틴·하원후·약국,FMT-CHILD-SUPPLEMENT-ROUTINE-001,일상관찰형,29개월 아이의 하원 후 영양제 루틴,하원 후 장면→아이의 루틴 관찰→보호자 확인 포인트,하루 루틴 자막·아이 행동 클로즈업·보호자 관찰 컷,일상 브이로그형 릴스,30-45초,미확인,미조사,미측정,검토,내용·형식,김주성·오약·선영·공용,B,,29개월 아이의 하원 후 영양제 루틴을 일상 관찰 콘텐츠로 보여 줌,구체적인 연령·시간대·행동을 보여 줘 보호자의 공감과 저장을 유도하는 관찰형 구조(가설),제품 효능·섭취 필요성을 일반화하지 않기; 연령별 섭취는 전문가 상담과 제품 표시를 확인,,,검토,,2026-08-05T09:47:05.427Z,Da-kxOehqHr.jpg
IAM-DbniqwRz4jS,2026-08-04T23:16:46+09:00,E1,iam_yaksa,약상담 해드리는 약사임당 | 약사 이수찬,22.7만,국내 약사 인플루언서,,2026-08-04,1,https://www.instagram.com/iam_yaksa/reel/DbniqwRz4jS/,DbniqwRz4jS,릴스,27.6,12390,376,48,11308,1.1,0.030347,0.152689,0.1988,0.1277,3,광고·공구,폭염 시 수분·기력 보충 조합으로 레스큐라이트·라라올라·마그비스피드를 제시하고 약국 구매·제품 문의 댓글을 확인,생활건강·약상담,폭염 수분·기력 보충 조합,더위로 지친 상황에 약국 제품 3개 조합을 제안,폭염·수분·아르기닌·마그네슘·기력보충·약국템,FMT-HEATWAVE-OTC-COMBINATION-001,상황조합형,무더위에 약국템 3개만 챙기세요,폭염 상황 제시→수분·아르기닌·마그네슘 제품 조합→섭취 전 확인 CTA,제품 패키지·번호 자막·효과 키워드 강조,약국템 소개형 릴스,30-45초,미확인,미조사,미측정,검토,내용·형식,김주성·오약·선영·공용,B,,폭염 상황에서 수분·기력 보충 제품 3개를 조합해 제시,구체적인 날씨 상황과 3개 제품 번호 매김으로 저장·문의 행동을 유도하는 구조(가설),제품명과 구매·문의 맥락을 광고·공구로 표시; 탈수·피로 증상은 의학적 진단으로 확대하지 않기,,,검토,,2026-08-05T09:47:17.105Z,DbniqwRz4jS.jpg
IAM-DbmVwDsGSOK,2026-08-04T23:16:46+09:00,E1,iam_yaksa,약상담 해드리는 약사임당 | 약사 이수찬,22.7만,국내 약사 인플루언서,,2026-08-04,1,https://www.instagram.com/iam_yaksa/p/DbmVwDsGSOK/,DbmVwDsGSOK,캐러셀,,,123,67,,,,,,0.5447,3,광고·공구,"리포좀 비타민C 1,000mg 8월 4–10일 오픈, 구매 이벤트와 연령별 섭취량·공구 구성을 안내하고 구매완료 댓글을 확인",영양제·약상담,리포좀 비타민C 공동구매 오픈,오픈 일정·연령별 용량·혜택을 한 번에 보여 주어 구매 시점을 명확히 함,"리포좀·비타민C·1,000mg·연령별용량·공동구매·구매이벤트",FMT-GROUPBUY-DOSE-BENEFIT-001,공구가이드형,"리포좀 비타민C, 연령별 용량과 오픈 일정을 확인하세요",오픈 일정→제품 특징→연령별 용량→구매 이벤트·구성→CTA,용량 표·오픈 일정 배지·구매 이벤트 카드,정보 카드형 캐러셀,45-60초,미확인,미조사,미측정,검토,내용·형식,김주성·오약·선영·공용,B,,제품 특징과 연령별 용량·오픈 혜택을 카드 순서로 안내,구매 전 궁금한 용량·일정·혜택을 한 번에 제공해 저장과 구매 전환을 유도하는 광고형 구조(가설),연령별 섭취량은 제품 표시·전문가 확인과 함께 제시; 공동구매 기간·이벤트 조건을 고정,,,검토,,2026-08-05T09:47:33.308Z,DbmVwDsGSOK.jpg
IAM-Dbk7A3skS9Z,2026-08-04T23:16:46+09:00,E1,iam_yaksa,약상담 해드리는 약사임당 | 약사 이수찬,22.7만,국내 약사 인플루언서,,2026-08-03,2,https://www.instagram.com/iam_yaksa/p/Dbk7A3skS9Z/,Dbk7A3skS9Z,캐러셀,,,0,3,,,,,,,1,불명,비타민C의 검증·핵심 목적과 섭취를 고려할 사람을 정리했으나 공개 캡션에 광고·협찬 표기와 판매 조건은 보이지 않음,영양제·약상담,비타민C 섭취 대상·핵심 목적,성분 질문을 핵심 목적과 대상자 기준으로 정리,비타민C·항산화·피부·면역·만성피로·섭취대상,FMT-VITAMINC-EXPLAIN-001,성분설명형,"비타민C, 이런 분들이 챙겨 보세요",성분 질문→검증·핵심 목적→섭취 고려 대상→질문 CTA,핵심 목적 카드·대상자 체크리스트·주의 문구,정보 카드형 캐러셀,30-45초,미확인,미조사,미측정,검토,내용·형식,김주성·오약·선영·공용,B,,비타민C의 핵심 목적과 섭취를 고려할 대상을 간단히 정리,익숙한 성분을 대상자 기준으로 다시 분류해 저장·질문을 유도하는 정보형 구조(가설),광고 표기가 없어 불명으로 유지; 질환 예방·치료 효능으로 확대하지 않기,,,검토,,2026-08-05T09:47:34.516Z,Dbk7A3skS9Z.jpg
IAM-DbiZ40DEdI1,2026-08-04T23:16:46+09:00,E1,iam_yaksa,약상담 해드리는 약사임당 | 약사 이수찬,22.7만,국내 약사 인플루언서,,2026-08-02,3,https://www.instagram.com/iam_yaksa/p/DbiZ40DEdI1/,DbiZ40DEdI1,캐러셀,,,321,376,,,,,,1.1713,3,광고·공구,"리포좀 비타민C 1,000mg 8월 4일 오픈, 댓글 알림·나눔·주문번호 구매 이벤트·연령별 용량·공구 구성을 안내",영양제·약상담,리포좀 비타민C 나눔·오픈알림,나눔 참여와 오픈 일정·구매 혜택을 결합해 알림 댓글로 연결,리포좀·비타민C·나눔·알림·공동구매·구매이벤트,FMT-GIVEAWAY-OPEN-NOTICE-001,나눔알림형,비타민C 나눔과 공동구매 오픈 일정을 같이 확인하세요,나눔 참여방법→오픈 일정→제품 특징·용량→구매 이벤트→알림 CTA,댓글 참여 유도·오픈일 캘린더·이벤트 배지·용량 표,정보 카드형 캐러셀,45-60초,미확인,미조사,미측정,검토,내용·형식,김주성·오약·선영·공용,B,,나눔·알림·구매 이벤트를 함께 안내해 공동구매 오픈으로 연결,참여 보상과 구매 일정을 결합해 댓글·알림·구매 행동을 연속으로 설계한 광고형 구조(가설),나눔·이벤트 조건과 광고·공구 표기를 명확히 고지; 비타민C 효능을 과장하지 않기,,,검토,,2026-08-05T09:47:35.823Z,DbiZ40DEdI1.jpg
BYAK-DbmVHPVmNfA,2026-08-04T23:16:46+09:00,E1,byak_yaksa,삐약 약사 | 여성건강 1타 약사 | 임나현,12.3만,국내 약사 인플루언서,,2026-08-04,1,https://www.instagram.com/byak_yaksa/p/DbmVHPVmNfA/,DbmVHPVmNfA,캐러셀,,,38,27,,,,,,0.7105,3,광고·공구,라엘 생리대·팬티라이너·입는 오버나이트·탐폰·청결제·의료기기 질세정기 라인업과 8월 4일 공동구매·구매 인증 이벤트를 안내,여성건강·생활용품,라엘 여성용품 라인업·공동구매,여성용품을 사용 목적과 제품군별로 나눠 구매 선택을 돕고 공구로 연결,라엘·생리대·팬티라이너·오버나이트·탐폰·청결제·의료기기·공동구매,FMT-RAEL-WOMENS-CATEGORY-GUIDE-001,제품군가이드형,"생리대부터 질세정기까지, 제품군별로 골라보세요",공구 오픈→제품군 6개→사용 상황·사이즈→구매 인증 이벤트→CTA,제품군 번호·사이즈 표·성분·혜택 배지,정보 카드형 캐러셀,60초 이상,미확인,미조사,미측정,검토,내용·형식,김주성·오약·선영·공용,B,,여성용품 여러 제품군을 사용 상황별로 정리하고 공동구매 참여로 연결,선택지가 많은 제품군을 번호와 사용 목적별로 정리해 저장·구매 행동을 유도하는 광고형 구조(가설),제품별 사용 목적과 의료기기 구분을 정확히 표시; 공동구매 기간·이벤트 조건 고지,,,검토,,2026-08-05T09:47:46.028Z,DbmVHPVmNfA.jpg
BYAK-DbnvjIkO2iS,2026-08-04T23:16:46+09:00,E1,byak_yaksa,삐약 약사 | 여성건강 1타 약사 | 임나현,12.3만,국내 약사 인플루언서,,2026-08-04,1,https://www.instagram.com/byak_yaksa/reel/DbnvjIkO2iS/,DbnvjIkO2iS,릴스,21.7,3593,22,0,10089,0.36,0.006123,0.007335,0.8348,0,1,불명,생리대를 화장실에 보관하면 안 된다는 기존 설명을 문헌 검토 후 정정하고 습기 많은 곳을 피하라고 재공지; 광고·협찬 표기 없음,여성건강·생활안전,생리대 보관 오정보 정정,잘못된 근거를 공개적으로 정정하고 실천 가능한 보관 기준으로 전환,생리대·보관·습기·오정보정정·문헌검토,FMT-SANITARY-STORAGE-CORRECTION-001,정정·근거공개형,잘못 말한 생리대 보관 정보를 바로잡습니다,이전 설명 언급→문헌 검토·오류 인정→습기 많은 곳 피하기→정정 공지,정정 자막·이전 주장 대비·핵심 기준 강조,정정 공지형 릴스,30-45초,미확인,미조사,미측정,검토,내용·형식,김주성·오약·선영·공용,B,,문헌 검토로 이전 설명을 수정하고 생리대 보관 기준을 재공지,오류 인정과 근거 공개로 신뢰를 회복하고 실천 기준을 남기는 구조(가설),광고 표기 없음; 보관 기준의 근거와 적용 범위를 분리해 표시,,,검토,,2026-08-05T09:47:38.307Z,DbnvjIkO2iS.jpg
BYAK-DbkmjYAmNlx,2026-08-04T23:16:46+09:00,E1,byak_yaksa,삐약 약사 | 여성건강 1타 약사 | 임나현,12.3만,국내 약사 인플루언서,,2026-08-03,2,https://www.instagram.com/byak_yaksa/p/DbkmjYAmNlx/,DbkmjYAmNlx,캐러셀,,,961,16,,,,,,0.0166,1,불명,남성 테스토스테론과 여성 에스트로겐·프로게스테론의 주기 차이를 설명하고 성별 모두 호르몬을 이해해 컨디션을 관리하자고 제안; 광고 표기 없음,여성건강·약사교육,남녀 호르몬 주기 차이,남녀 호르몬 변화를 일주기·월주기로 대비해 몸의 변화를 이해하게 함,테스토스테론·에스트로겐·프로게스테론·생리주기·컨디션,FMT-HORMONE-CYCLE-EXPLAIN-001,비교설명형,남자와 여자의 호르몬은 어떻게 다를까요?,질문→남성·여성 호르몬 주기 대비→몸의 변화→컨디션 관리 CTA,일주기·월주기 대비표·호르몬 키워드·공감 문구,비교 정보형 캐러셀,30-45초,미확인,미조사,미측정,검토,내용·형식,김주성·오약·선영·공용,B,,성별 호르몬 주기 차이를 비교표로 설명하고 몸 이해로 연결,대비표와 공감 문구로 복잡한 생리학 개념의 진입장벽을 낮추는 정보형 구조(가설),광고 표기 없음; 성별 일반화·질환 진단으로 확대하지 않기,,,검토,,2026-08-05T09:47:47.282Z,DbkmjYAmNlx.jpg
BYAK-DbixYb4ROz7,2026-08-04T23:16:46+09:00,E1,byak_yaksa,삐약 약사 | 여성건강 1타 약사 | 임나현,12.3만,국내 약사 인플루언서,,2026-08-03,2,https://www.instagram.com/byak_yaksa/reel/DbixYb4ROz7/,DbixYb4ROz7,릴스,57.3,4647,101,158,10089,0.46,0.021734,0.007335,2.9632,1.5644,3,광고·공구,라엘 여성용품 공구 8월 4일 오픈·최소 40–50% 할인·구매자 오버나이트 증정·댓글 선물 이벤트를 안내,여성건강·생활용품,라엘 여성용품 선물·공동구매,제품 선택 질문과 선물·구매 혜택을 공동구매 오픈으로 연결,생리대·라엘·오버나이트·선물·할인·공동구매,FMT-GIVEAWAY-GROUPBUY-WOMENS-001,선물·공구형,어떤 여성용품이 마음에 드세요? 선물 드립니다,제품 불편 질문→제품군·특징→댓글 선물→할인·구매 혜택→CTA,선물 댓글·할인율 배지·제품군 번호·오픈일 자막,제품 소개형 릴스,45-60초,미확인,미조사,미측정,검토,내용·형식,김주성·오약·선영·공용,B,,댓글 선물과 구매자 혜택을 결합해 여성용품 공동구매로 연결,참여 보상과 할인·구매자 혜택으로 댓글·구매 행동을 동시에 유도하는 광고형 구조(가설),할인율·선물 조건·구매자 혜택과 광고·공구 표기를 화면에 고정,,,검토,,2026-08-05T09:47:39.623Z,DbixYb4ROz7.jpg
AWESOME-Dbh7e3SibuM,2026-08-04T23:37:54+09:00,E1,awesomeyaksa,어떤약사 | 약사 박지인,2.3만,국내 약사 인플루언서,,2026-08-02,3,https://www.instagram.com/awesomeyaksa/reel/Dbh7e3SibuM/,Dbh7e3SibuM,릴스,33.9,,0,7,89,,,1.157303,,,1,불명,간에 안 좋은 습관 5가지(과음·진통제 과다·야식·운동 부족·매일 에너지드링크)를 제시했으며 광고·판매 문구는 확인하지 못함,건강·간·생활습관,간 건강 습관 5가지,체크리스트형 진입,간 건강·과음·진통제·야식·운동·에너지드링크,FMT-LIVER-HABIT-5CHECK-001,H3 숫자·랭킹,술보다 간에 안 좋은 습관 5가지,제목 제시→5가지 습관 카운트다운→실천 CTA,숫자 카운트·습관별 핵심 자막,약사 토킹헤드 릴스,30-45초,미확인,미조사,미측정,검토,내용·형식,김주성·오약·선영·공용,B,,술보다 간에 부담을 줄 수 있는 일상 습관 5가지를 체크리스트로 설명,경고형 제목과 5개 체크리스트가 저장·공유 행동을 유도했을 가능성(가설),간을 망치는 건 술만이 아닙니다 / 매일 하는 이 습관이 간을 지칩니다 / 약사가 고른 간 건강 점검 5가지,,,검토,지표수집 실패: 공개 재생수 미노출,2026-08-05T09:47:48.494Z,Dbh7e3SibuM.jpg
AWESOME-Dbb5cE1y-kx,2026-08-04T23:37:54+09:00,E1,awesomeyaksa,어떤약사 | 약사 박지인,2.3만,국내 약사 인플루언서,,2026-07-31,5,https://www.instagram.com/awesomeyaksa/reel/Dbb5cE1y-kx/,Dbb5cE1y-kx,릴스,46.8,,0,0,89,,,1.157303,,,3,광고·공구,비타민C 앰플 흡수 팁 3단계와 함께 최저가 소개·1만원대 구매·마감 3일 문구가 확인됨,피부·영양제,비타민C 앰플 흡수 루틴,사용 루틴 가이드,비타민C·앰플·흡수·피부관리·최저가,FMT-VITAMINC-SKIN-ROUTINE-001,S5 문제→해결,"비타민C 앰플, 이렇게 써야 흡수 잘 됩니다",문제 제시→3단계 사용법→가격·마감 CTA,단계 번호·제품 클로즈업·가격 자막,제품 사용 시연 릴스,30-45초,미확인,미조사,미측정,검토,내용·형식,김주성·오약·선영·공용,B,,비타민C 앰플을 바르는 순서와 흡수 팁을 3단계로 안내하고 구매 마감 정보를 덧붙임,실용 팁 뒤에 가격·기간 정보를 붙여 정보 탐색을 구매 행동으로 전환했을 가능성(가설),비타민C 앰플 흡수 순서 3단계 / 좋은 성분도 바르는 순서가 중요합니다 / 3일 남은 앰플 공구 핵심만 정리,,,검토,지표수집 실패: 공개 재생수 미노출,2026-08-05T09:47:49.685Z,Dbb5cE1y-kx.jpg
AWESOME-DbZXpfJksw_,2026-08-04T23:37:54+09:00,E1,awesomeyaksa,어떤약사 | 약사 박지인,2.3만,국내 약사 인플루언서,,2026-07-30,6,https://www.instagram.com/awesomeyaksa/p/DbZXpfJksw_/,DbZXpfJksw_,캐러셀,,,0,0,,,,,,,3,광고·공구,24% 비타민C 앰플을 15%에서 함량 업그레이드한 제품으로 소개하고 최저가 마켓 종료까지 4일이라고 안내함,피부·영양제,24% 비타민C 앰플 함량 업그레이드,제품 업그레이드·공구,비타민C·24%·15%·함량·최저가·마켓,FMT-MARKET-PRODUCT-UPGRADE-001,H8 가격충격,약사들이 추천하는 24% 비타민C 앰플,기존 함량→업그레이드 근거→최저가·마감 CTA,15%·24% 비교 카드·가격 배지·마감일 자막,제품 비교 캐러셀,30-45초,미확인,미조사,미측정,검토,내용·형식,김주성·오약·선영·공용,B,,비타민C 앰플 함량 변화를 비교해 제품 업그레이드와 구매 마감으로 연결,함량 비교 숫자와 기간 제한이 제품 선택 이유와 즉시 구매 동기를 함께 만들었을 가능성(가설),15%에서 24%로 바뀐 점만 먼저 보세요 / 함량 업그레이드가 무엇을 바꿨나 / 최저가 마감 전 비교할 3가지,,,검토,,2026-08-05T09:48:03.283Z,DbZXpfJksw_.jpg
AWESOME-DbW6PKSiPye,2026-08-04T23:37:54+09:00,E1,awesomeyaksa,어떤약사 | 약사 박지인,2.3만,국내 약사 인플루언서,,2026-07-29,7,https://www.instagram.com/awesomeyaksa/reel/DbW6PKSiPye/,DbW6PKSiPye,릴스,12.7,,0,5,89,,,1.157303,,,1,불명,다이어트 중 소주·막걸리·와인·하이볼·위스키를 비교했으며 광고·판매 문구는 확인하지 못함,다이어트·영양,다이어트 중 술 종류 비교,비교표형 진입,다이어트·술·소주·막걸리·와인·하이볼·위스키,FMT-DIET-ALCOHOL-COMPARE-001,S2 1대1 비교,"다이어트할 때 술, 뭐가 덜 부담일까요?",술 종류 제시→열량·특징 비교→선택 CTA,술 종류별 비교 자막·아이콘·순위 표시,약사 설명 릴스,30-45초,미확인,미조사,미측정,검토,내용·형식,김주성·오약·선영·공용,B,,다이어트 상황에서 주요 술 종류를 비교해 선택 기준을 제시,상황이 분명하고 선택지를 한 화면에 대비해 시청자의 비교·저장 행동을 유도했을 가능성(가설),다이어트 중 술 고르는 기준 / 소주·와인·하이볼 뭐가 다를까 / 술자리 전 30초 비교,,,검토,지표수집 실패: 공개 재생수 미노출,2026-08-05T09:47:50.917Z,DbW6PKSiPye.jpg
DONG-DbmF-D_To9c,2026-08-04T23:46:02+09:00,E1,donggong_yak,동공이 약사,14.5만,국내 약사 인플루언서,,2026-08-04,1,https://www.instagram.com/donggong_yak/reel/DbmF-D_To9c/,DbmF-D_To9c,릴스,44.9,5498,114,1,5294,1.04,0.020735,0.077318,0.2682,0.0088,1,불명,흔한 화장품 마케팅 방법을 설명하고 다이소·화장품 불신 댓글이 달렸지만 광고·판매 문구는 확인하지 못함,피부·건강상식,화장품 마케팅 방법,마케팅 경계형 진입,화장품·마케팅·피부·다이소·소비자판단,FMT-COSMETIC-MARKETING-MYTH-001,H1 도발·부정,흔한 화장품 마케팅 방법,마케팅 문구 제시→소비자 오해 설명→구매 판단 CTA,핵심 문구 자막·전후 대비,약사 토킹헤드 릴스,30-45초,미확인,미조사,미측정,검토,내용·형식,김주성·오약·선영·공용,B,,화장품 마케팅에서 자주 쓰는 표현을 소비자 관점에서 점검,짧은 경고형 제목과 일상 제품 예시가 화장품 불신·댓글 토론을 만들었을 가능성(가설),화장품 마케팅 문구 3가지 / 이 표현이 보이면 성분표를 다시 보세요 / 약사가 보는 화장품 광고,,,검토,,2026-08-05T09:48:04.549Z,DbmF-D_To9c.jpg
DONG-Dbg8ZqUTag2,2026-08-04T23:46:02+09:00,E1,donggong_yak,동공이 약사,14.5만,국내 약사 인플루언서,,2026-08-02,3,https://www.instagram.com/donggong_yak/reel/Dbg8ZqUTag2/,Dbg8ZqUTag2,릴스,59.8,6197,149,3,5294,1.17,0.024044,0.077318,0.311,0.0201,1,불명,손에 남지 않는 화장품이 피부에서 어디로 갔는지와 각질·기기 침투 질문을 설명; 광고·판매 문구는 확인하지 못함,피부·건강상식,화장품 흡수와 피부 침투,질문형 과학 설명,화장품·피부흡수·각질·침투·피부장벽,FMT-SKIN-ABSORPTION-QUESTION-001,H4 질문,"손에도 안 남는 화장품, 바르고 나서 어디로 갔을까요?",질문→피부 표면·흡수 설명→각질·기기 질문 답변→주의 CTA,피부 단면 그래픽·질문 댓글 인용,약사 설명 릴스,30-45초,미확인,미조사,미측정,검토,내용·형식,김주성·오약·선영·공용,B,,바른 화장품이 손에 남지 않는 현상을 피부 흡수와 연결해 질문으로 설명,일상에서 생기는 의문을 피부 과학 설명으로 풀어 댓글 질문과 시청 지속을 유도했을 가능성(가설),화장품은 피부 어디까지 갈까 / 각질이 두꺼우면 흡수가 더 될까 / 피부 침투를 쉽게 설명합니다,,,검토,,2026-08-05T09:48:05.811Z,Dbg8ZqUTag2.jpg
DONG-DbRflVwTvzf,2026-08-04T23:46:02+09:00,E1,donggong_yak,동공이 약사,14.5만,국내 약사 인플루언서,,2026-07-27,9,https://www.instagram.com/donggong_yak/reel/DbRflVwTvzf/,DbRflVwTvzf,릴스,51.3,2938,764,4,5294,0.56,0.260041,0.077318,3.3632,0.0052,3,광고·협찬,수면의 질을 다룬 책을 소개하고 출판사 미래의창의 지원을 받아 제작했다고 명시함,수면·건강상식,수면의 질과 피로,브랜드 지원 스토리형 진입,수면·수면의 질·피로·독서·출판사 지원,FMT-SPONSORED-BOOK-SLEEP-QUALITY-001,H6 상황극·스킷,잠은행 있었으면 고정금리 풀대출 받는 건데...,수면 부족 비유→책 소개→수면의 질 개선 제안→추천 CTA,대출 비유 자막·책 실물·상황극 톤,약사 토킹헤드·책 소개 릴스,45-60초,미확인,미조사,미측정,검토,내용·형식,김주성·오약·선영·공용,B,,수면 시간을 늘릴 수 없을 때 수면의 질을 높이는 방법을 책 지원 콘텐츠로 소개,잠을 대출에 빗댄 유머가 책 추천과 피로 고민을 연결해 시청자의 공감과 클릭을 유도했을 가능성(가설),잠을 빚처럼 느끼는 사람에게 / 수면 시간을 못 늘리면 무엇을 바꿀까 / 약사가 읽은 수면의 질 책,,,검토,,2026-08-05T09:48:07.077Z,DbRflVwTvzf.jpg
DONG-Da5B14-mrcO,2026-08-04T23:46:02+09:00,E1,donggong_yak,동공이 약사,14.5만,국내 약사 인플루언서,,2026-07-17,19,https://www.instagram.com/donggong_yak/p/Da5B14-mrcO/,Da5B14-mrcO,캐러셀,,,5969,91,,,,,,0.0152,3,광고·협찬,monami_official 계정과 함께 모나미 브랜드의 153 의미를 설명하는 공동 게시물로 보이며 가격·판매 문구는 확인하지 못함,브랜드·건강상식,모나미 153 숫자 브랜드 스토리,브랜드 미스터리 스토리형 진입,모나미·153·브랜드 스토리·숫자·문구,FMT-BRAND-MYSTERY-STORY-001,H10 개인고백,이거 사실 고3 때 찾았는데,개인 기억→브랜드 숫자 미스터리→댓글 추리·공감→마무리,댓글 추리·숫자 그래픽·브랜드 태그,브랜드 공동 캐러셀,45-60초,미확인,미조사,미측정,검토,내용·형식,김주성·오약·선영·공용,B,,고3 때부터 알고 있던 모나미 153의 의미를 브랜드 이야기와 댓글 추리로 풀어냄,개인 경험과 숫자 미스터리를 결합해 브랜드 정보를 퀴즈처럼 소비하게 만들었을 가능성(가설),이 숫자에 이런 뜻이 있었다고? / 약국 제품의 숫자에도 이유가 있을까 / 브랜드 숫자를 퀴즈로 풀어보기,,,검토,,2026-08-05T09:48:19.809Z,Da5B14-mrcO.jpg
SALT-Dbf1mJkzW5M,2026-08-05T00:55:23+09:00,E1,salt.yaksa,소금약사 | 정소민,3.5만,국내 약사 인플루언서,,2026-08-01,4,https://www.instagram.com/salt.yaksa/reel/Dbf1mJkzW5M/,Dbf1mJkzW5M,릴스,51,2120,90,17,6930,0.31,0.042453,0.042453,1,0.1889,1,불명,캡션에 제품명·광고 표기 없음; 프로필에는 마켓 링크와 공구 안내가 있어 판정 불명,수면·영양,증상별 수면 성분 유효용량,증상 매칭형 진입,멜라토닌·마그네슘·테아닌·GABA·감태추출물·수면·유효용량,FMT-SLEEP-DOSE-MATCH-001,H4 질문,밤마다 뒤척이느라 힘드셨죠?,수면 문제 제시→5개 성분·유효용량 매칭→함량 확인 CTA,성분 번호·용량 숫자·저장 CTA,약사 설명 릴스,45-60초,미확인,미조사,미측정,검토,내용·형식,김주성·오약·선영·공용,B,,수면 문제를 증상별로 나누고 성분과 유효용량을 비교,증상과 숫자를 한 화면에 묶어 저장 행동을 유도했을 가능성(가설),잠드는 데 오래 걸릴 때;자주 깨는 사람의 성분 선택;수면 영양제 함량 확인,,,검토,,2026-08-05T09:48:22.347Z,Dbf1mJkzW5M.jpg
SALT-Dbdb7Lyz3K-,2026-08-05T00:55:23+09:00,E1,salt.yaksa,소금약사 | 정소민,3.5만,국내 약사 인플루언서,,2026-07-31,5,https://www.instagram.com/salt.yaksa/reel/Dbdb7Lyz3K-/,Dbdb7Lyz3K-,릴스,54.2,12543,144,19,6930,1.81,0.011481,0.042453,0.2704,0.1319,1,불명,캡션에 제품명·광고 표기 없음; 프로필에는 마켓 링크와 공구 안내가 있어 판정 불명,피부·건강상식,피부에 좋지 않은 생활상황 5가지,순위형 진입,뜨거운 물 샤워·당독소·흡연·자외선·수면 부족·피부장벽·광노화,FMT-SKIN-WORST-RANKING-001,H3 숫자·랭킹,피부에 최악인 의외의 상황 5가지,5위→1위 카운트다운→피부 노화 설명→수면 CTA,순위 숫자·피부 장벽·AGEs 자막,약사 설명 릴스,45-60초,미확인,미조사,미측정,검토,내용·형식,김주성·오약·선영·공용,B,,피부에 부담을 주는 생활 상황을 순위로 설명,의외의 순위와 생활 습관 예시가 저장·공유를 유도했을 가능성(가설),피부를 늙게 하는 생활습관 5가지;뜨거운 물 샤워가 건조한 이유;수면 부족과 피부 회복,,,검토,,2026-08-05T09:48:23.627Z,Dbdb7Lyz3K-.jpg
SALT-Dbasl3VTGLs,2026-08-05T00:55:23+09:00,E1,salt.yaksa,소금약사 | 정소민,3.5만,국내 약사 인플루언서,,2026-07-30,6,https://www.instagram.com/salt.yaksa/reel/Dbasl3VTGLs/,Dbasl3VTGLs,릴스,64.4,33971,1217,65,6930,4.9,0.035825,0.042453,0.8439,0.0534,1,불명,캡션에 특정 제품·광고 표기 없음; 개인 경험형 영양제요법과 프로필 마켓 링크가 있어 판정 불명,스트레스·수면·웰니스,번아웃 회복 생활요법과 영양제,개인고백형 진입,번아웃·워커홀릭·암흑샤워·디지털차단·브레인덤프·테아닌·마그네슘·홍경천,FMT-BURNOUT-RECOVERY-3STEP-001,H10 개인고백,번아웃과 워커홀릭이 저를 뜻했어요,개인 고백→생활요법 3가지→영양제 3가지→위로 CTA,체크리스트·생활 장면·성분명 자막,약사 설명 릴스,45-60초,미확인,미조사,미측정,검토,내용·형식,김주성·오약·선영·공용,B,,번아웃 경험에서 생활요법과 영양제 루틴을 연결,개인 고백과 바로 따라 할 수 있는 체크리스트가 공감과 저장을 유도했을 가능성(가설),번아웃 신호를 낮추는 저녁 루틴;퇴근 후 뇌를 쉬게 하는 3가지;약사가 제안하는 회복 루틴,,,검토,,2026-08-05T09:48:24.927Z,Dbasl3VTGLs.jpg
