"순번","핸들","계정유형","팔로워수치","우선순위","상태","시도횟수","처리일시","보류사유"
"1","good.yaksa","국내 약사 인플루언서","289000","1","완료","1","2026-08-06T01:34:23.531Z",""
"2","wikiyaksa","국내 약사 인플루언서","253000","1","완료","1","2026-08-06T01:46:08.396Z",""
"3","yuni__yaksa","국내 약사 인플루언서","213000","1","완료","1","2026-08-06T01:51:42.258Z",""
"4","supermom_yaksa","국내 약사 인플루언서","176000","1","완료","1","2026-08-06T23:59:00+09:00","릴스 없음; 큐 완료 처리·재방문 30일"
"5","teri_yaksa","국내 약사 인플루언서","156000","1","완료","1","2026-08-06T23:59:00+09:00","릴스 없음; 큐 완료 처리·재방문 30일"
"6","dobi_yaksa","국내 약사 인플루언서","155000","1","완료","1","2026-08-06T01:53:46.916Z",""
"7","dreamyaksa_","국내 약사 인플루언서","150000","1","완료","1","2026-08-06T23:59:00+09:00","릴스 없음; 큐 완료 처리·재방문 30일"
"8","lee_pharmacy_","국내 약사 인플루언서","138000","1","완료","1","2026-08-06T01:54:32.013Z",""
"9","simple.yaksa","국내 약사 인플루언서","136000","1","완료","1","2026-08-06T23:59:00+09:00","릴스 없음; 큐 완료 처리·재방문 30일"
"10","yak_secret","국내 약사 인플루언서","129000","1","완료","1","2026-08-06T01:55:35.423Z",""
"11","yaksamom","국내 약사 인플루언서","129000","1","완료","1","2026-08-06T01:56:07.806Z",""
"12","ceci_yaksa","국내 약사 인플루언서","127000","1","완료","1","2026-08-06T23:59:00+09:00","릴스 없음; 큐 완료 처리·재방문 30일"
"13","juny_yaksa","국내 약사 인플루언서","122000","1","완료","1","2026-08-06T01:56:52.562Z",""
"14","bro_yaksa","국내 약사 인플루언서","113000","1","완료","1","2026-08-06T01:57:24.768Z",""
"15","beige_yaksa","국내 약사 인플루언서","112000","1","완료","1","2026-08-06T01:58:09.562Z",""
"16","shine_yaksa","국내 약사 인플루언서","111000","1","완료","1","2026-08-06T23:59:00+09:00","릴스 없음; 큐 완료 처리·재방문 30일"
"17","yakdangdang","국내 약사 인플루언서","109000","1","완료","1","2026-08-06T23:59:00+09:00","릴스 없음; 큐 완료 처리·재방문 30일"
"18","bbuuu_yaksa","국내 약사 인플루언서","98000","1","완료","1","2026-08-06T23:59:00+09:00","릴스 없음; 큐 완료 처리·재방문 30일"
"19","gureumpharm","국내 약사 인플루언서","98000","1","완료","1","2026-08-06T23:59:00+09:00","릴스 없음; 큐 완료 처리·재방문 30일"
"20","liz_yaksa","국내 약사 인플루언서","96000","1","완료","1","2026-08-06T23:59:00+09:00","릴스 없음; 큐 완료 처리·재방문 30일"
"21","kkumyak","국내 약사 인플루언서","89000","1","완료","1","2026-08-06T23:59:00+09:00","릴스 없음; 큐 완료 처리·재방문 30일"
"22","jasin_yaksa","국내 약사 인플루언서","88000","1","완료","1","2026-08-06T23:59:00+09:00","릴스 없음; 큐 완료 처리·재방문 30일"
"23","strawberry_yaksa","국내 약사 인플루언서","87000","1","완료","1","2026-08-06T23:59:00+09:00","릴스 없음; 큐 완료 처리·재방문 30일"
"24","jy_yaksa","국내 약사 인플루언서","77000","1","완료","1","2026-08-06T23:59:00+09:00","릴스 없음; 큐 완료 처리·재방문 30일"
"25","spring_pharmy","국내 약사 인플루언서","75000","1","완료","1","2026-08-06T23:59:00+09:00","릴스 없음; 큐 완료 처리·재방문 30일"
"26","kmom_yaksa","국내 약사 인플루언서","66000","1","완료","1","2026-08-06T23:59:00+09:00","릴스 없음; 큐 완료 처리·재방문 30일"
"27","pink_yak_","국내 약사 인플루언서","65000","1","완료","1","2026-08-06T23:59:00+09:00","릴스 없음; 큐 완료 처리·재방문 30일"
"28","woori_yaksa","국내 약사 인플루언서","63000","1","완료","1","2026-08-06T23:59:00+09:00","릴스 없음; 큐 완료 처리·재방문 30일"
"29","alpaca_yaksa","국내 약사 인플루언서","61000","1","완료","1","2026-08-06T23:59:00+09:00","릴스 없음; 큐 완료 처리·재방문 30일"
"30","ggultip_yaksa","국내 약사 인플루언서","61000","1","완료","1","2026-08-06T23:59:00+09:00","릴스 없음; 큐 완료 처리·재방문 30일"
"31","__kang.yaksa","국내 약사 인플루언서","57000","1","완료","1","2026-08-06T23:59:00+09:00","릴스 없음; 큐 완료 처리·재방문 30일"
"32","dongne__yaksa","국내 약사 인플루언서","56000","1","완료","1","2026-08-06T23:59:00+09:00","릴스 없음; 큐 완료 처리·재방문 30일"
"33","yewon.bak","국내 약사 인플루언서","55000","1","완료","1","2026-08-06T23:59:00+09:00","릴스 없음; 큐 완료 처리·재방문 30일"
"34","hayu_pharmacist","국내 약사 인플루언서","54000","1","완료","1","2026-08-06T23:59:00+09:00","릴스 없음; 큐 완료 처리·재방문 30일"
"35","yaksa_nam","국내 약사 인플루언서","54000","1","완료","1","2026-08-06T23:59:00+09:00","릴스 없음; 큐 완료 처리·재방문 30일"
"36","yak_father","국내 약사 인플루언서","53000","1","완료","1","2026-08-06T23:59:00+09:00","릴스 없음; 큐 완료 처리·재방문 30일"
"37","jay_yaksa","국내 약사 인플루언서","51000","1","완료","1","2026-08-06T23:59:00+09:00","릴스 없음; 큐 완료 처리·재방문 30일"
"38","yaksa_mh","국내 약사 인플루언서","50000","1","완료","1","2026-08-06T23:59:00+09:00","릴스 없음; 큐 완료 처리·재방문 30일"
"39","cho_yak","국내 약사 인플루언서","49000","1","완료","1","2026-08-06T23:59:00+09:00","릴스 없음; 큐 완료 처리·재방문 30일"
"40","jenny_yaksa","국내 약사 인플루언서","49000","1","완료","1","2026-08-06T23:59:00+09:00","릴스 없음; 큐 완료 처리·재방문 30일"
"41","ana_yaksa","국내 약사 인플루언서","45000","1","완료","1","2026-08-06T23:59:00+09:00","릴스 없음; 큐 완료 처리·재방문 30일"
"42","fit_yaksa","국내 약사 인플루언서","44000","1","완료","1","2026-08-06T23:59:00+09:00","릴스 없음; 큐 완료 처리·재방문 30일"
"43","yak.filter","국내 약사 인플루언서","42000","1","완료","1","2026-08-06T23:59:00+09:00","릴스 없음; 큐 완료 처리·재방문 30일"
"44","pill_yaksa","국내 약사 인플루언서","35000","1","완료","1","2026-08-06T23:59:00+09:00","릴스 없음; 큐 완료 처리·재방문 30일"
"45","youjin_yaksa","국내 약사 인플루언서","30000","1","완료","1","2026-08-06T23:59:00+09:00","릴스 없음; 큐 완료 처리·재방문 30일"
"46","myyaksa","국내 약사 인플루언서","28000","1","완료","2","2026-08-06T11:08:32.661Z",""
"47","ddib_yaksa","국내 약사 인플루언서","27000","1","완료","1","2026-08-06T23:59:00+09:00","릴스 없음; 큐 완료 처리·재방문 30일"
"48","sonyaksa_lab","국내 약사 인플루언서","25000","1","완료","1","2026-08-06T23:59:00+09:00","릴스 없음; 큐 완료 처리·재방문 30일"
"49","zzin__yaksa","국내 약사 인플루언서","24000","1","완료","1","2026-08-06T23:59:00+09:00","릴스 없음; 큐 완료 처리·재방문 30일"
"50","ssok_yaksa","국내 약사 인플루언서","23000","1","완료","1","2026-08-06T23:59:00+09:00","릴스 없음; 큐 완료 처리·재방문 30일"
"51","hi_kim_yaksa","국내 약사 인플루언서","22000","1","완료","1","2026-08-06T23:59:00+09:00","릴스 없음; 큐 완료 처리·재방문 30일"
"52","dani_yaksa","국내 약사 인플루언서","21000","1","완료","1","2026-08-06T23:59:00+09:00","릴스 없음; 큐 완료 처리·재방문 30일"
"53","woojoobe.yak","국내 약사 인플루언서","21000","1","완료","1","2026-08-06T23:59:00+09:00","릴스 없음; 큐 완료 처리·재방문 30일"
"54","jaedol_yaksa","국내 약사 인플루언서","19000","1","완료","1","2026-08-06T23:59:00+09:00","릴스 없음; 큐 완료 처리·재방문 30일"
"55","malti_yaksa","국내 약사 인플루언서","19000","1","완료","1","2026-08-06T23:59:00+09:00","릴스 없음; 큐 완료 처리·재방문 30일"
"56","time_yaksa","국내 약사 인플루언서","19000","1","완료","1","2026-08-06T23:59:00+09:00","릴스 없음; 큐 완료 처리·재방문 30일"
"57","hongsee_yaksa","국내 약사 인플루언서","18000","1","완료","1","2026-08-06T23:59:00+09:00","릴스 없음; 큐 완료 처리·재방문 30일"
"58","bada_yaksa","국내 약사 인플루언서","16000","1","완료","1","2026-08-06T23:59:00+09:00","릴스 없음; 큐 완료 처리·재방문 30일"
"59","onda_pharmacist","국내 약사 인플루언서","13000","1","완료","1","2026-08-06T23:59:00+09:00","릴스 없음; 큐 완료 처리·재방문 30일"
"60","ggogi_yaksa","국내 약사 인플루언서","12000","1","완료","1","2026-08-06T23:59:00+09:00","릴스 없음; 큐 완료 처리·재방문 30일"
"61","yaksasum","국내 약사 인플루언서","12000","1","완료","1","2026-08-06T23:59:00+09:00","릴스 없음; 큐 완료 처리·재방문 30일"
"62","ggnn_yaksa","국내 약사 인플루언서","11000","1","완료","1","2026-08-06T23:59:00+09:00","릴스 없음; 큐 완료 처리·재방문 30일"
"63","healthy.yaksa","국내 약사 인플루언서","11000","1","완료","1","2026-08-06T23:59:00+09:00","릴스 없음; 큐 완료 처리·재방문 30일"
"64","dang.dang_yaksa","국내 약사 인플루언서","10000","1","완료","1","2026-08-06T23:59:00+09:00","릴스 없음; 큐 완료 처리·재방문 30일"
"65","mentor_pharm","국내 약사 인플루언서","10000","1","완료","1","2026-08-06T02:16:19.011Z",""
"66","run.pharmacist","국내 약사 인플루언서","9820","2","완료","1","2026-08-06T02:16:41.496Z",""
"67","gachiyaksa","국내 약사 인플루언서","8111","2","완료","1","2026-08-06T02:17:03.923Z",""
"68","yourhsis","국내 약사 인플루언서","7710","2","완료","1","2026-08-06T02:17:26.858Z",""
"69","yeogi_yaksa","국내 약사 인플루언서","7309","2","완료","1","2026-08-06T02:18:00.952Z",""
"70","realofh2o","국내 약사 인플루언서","6955","2","완료","1","2026-08-06T02:18:24.450Z",""
"71","manyjjju_yaksa","국내 약사 인플루언서","5766","2","완료","1","2026-08-06T23:59:00+09:00","릴스 없음; 큐 완료 처리·재방문 30일"
"72","timepharm","국내 약사 인플루언서","5112","2","완료","1","2026-08-06T23:59:00+09:00","릴스 없음; 큐 완료 처리·재방문 30일"
"73","malang.yaksa","국내 약사 인플루언서","4838","2","완료","1","2026-08-06T23:59:00+09:00","릴스 없음; 큐 완료 처리·재방문 30일"
"74","heung_di","국내 약사 인플루언서","4392","2","완료","1","2026-08-06T23:59:00+09:00","릴스 없음; 큐 완료 처리·재방문 30일"
"75","kkamang_yacksa","국내 약사 인플루언서","3836","2","완료","1","2026-08-06T23:59:00+09:00","릴스 없음; 큐 완료 처리·재방문 30일"
"76","time4pharm","국내 약사 인플루언서","2838","2","완료","1","2026-08-06T23:59:00+09:00","릴스 없음; 큐 완료 처리·재방문 30일"
"77","yak_guide","국내 약사 인플루언서","2158","2","완료","1","2026-08-06T23:59:00+09:00","릴스 없음; 큐 완료 처리·재방문 30일"
"78","yaksa_hwanghaeyeon_","국내 약사 인플루언서","2121","2","완료","1","2026-08-06T23:59:00+09:00","릴스 없음; 큐 완료 처리·재방문 30일"
"79","yulbang_counseling","국내 약사 인플루언서","1727","2","완료","1","2026-08-06T23:59:00+09:00","릴스 없음; 큐 완료 처리·재방문 30일"
"80","ewha_yaksa","국내 약사 인플루언서","1709","2","완료","1","2026-08-06T23:59:00+09:00","릴스 없음; 큐 완료 처리·재방문 30일"
"81","pharm_mison","국내 약사 인플루언서","1701","2","완료","1","2026-08-06T23:59:00+09:00","릴스 없음; 큐 완료 처리·재방문 30일"
"82","pharmacist_bin","국내 약사 인플루언서","1609","2","완료","1","2026-08-06T23:59:00+09:00","릴스 없음; 큐 완료 처리·재방문 30일"
"83","ummayaksa","국내 약사 인플루언서","1537","2","완료","1","2026-08-06T23:59:00+09:00","릴스 없음; 큐 완료 처리·재방문 30일"
"84","miyu_pharm","국내 약사 인플루언서","1531","2","완료","1","2026-08-06T02:22:47.452Z",""
"85","jjukku_min.yaksa","국내 약사 인플루언서","1137","2","완료","1","2026-08-06T23:59:00+09:00","릴스 없음; 큐 완료 처리·재방문 30일"
"86","ggul_yaksa","국내 약사 인플루언서","1014","2","완료","1","2026-08-06T23:59:00+09:00","릴스 없음; 큐 완료 처리·재방문 30일"
"87","sue_yaksa","국내 약사 인플루언서","1011","2","완료","1","2026-08-06T23:59:00+09:00","릴스 없음; 큐 완료 처리·재방문 30일"
"88","gmpharmacist","국내 약사 인플루언서","782","2","완료","1","2026-08-06T23:59:00+09:00","릴스 없음; 큐 완료 처리·재방문 30일"
"89","yes_yaksa","국내 약사 인플루언서","742","2","완료","1","2026-08-06T23:59:00+09:00","릴스 없음; 큐 완료 처리·재방문 30일"
"90","verdepharmacy1","국내 약사 인플루언서","652","2","완료","1","2026-08-06T23:59:00+09:00","릴스 없음; 큐 완료 처리·재방문 30일"
"91","dongdong_pharm","국내 약사 인플루언서","528","2","완료","1","2026-08-06T23:59:00+09:00","릴스 없음; 큐 완료 처리·재방문 30일"
"92","ez_yaksa","국내 약사 인플루언서","500","2","완료","1","2026-08-06T23:59:00+09:00","릴스 없음; 큐 완료 처리·재방문 30일"
"93","our_med._room","국내 약사 인플루언서","374","2","완료","1","2026-08-06T23:59:00+09:00","릴스 없음; 큐 완료 처리·재방문 30일"
"94","pharmacy_nana","국내 약사 인플루언서","289","2","완료","1","2026-08-06T23:59:00+09:00","릴스 없음; 큐 완료 처리·재방문 30일"
"95","gangnam_yaksa","국내 약사 인플루언서","282","2","완료","1","2026-08-06T23:59:00+09:00","릴스 없음; 큐 완료 처리·재방문 30일"
"96","medi2388_","국내 약사 인플루언서","260","2","완료","1","2026-08-06T23:59:00+09:00","릴스 없음; 큐 완료 처리·재방문 30일"
"97","yy_yaksa","국내 약사 인플루언서","250","2","완료","1","2026-08-06T02:26:17.149Z",""
"98","choeunpharm","국내 약사 인플루언서","200","2","완료","1","2026-08-06T23:59:00+09:00","릴스 없음; 큐 완료 처리·재방문 30일"
"99","imagine_yaksa","국내 약사 인플루언서","102","2","완료","3","2026-08-06T11:16:25.872Z",""
"100","realpharm5","국내 약사 인플루언서","67","2","완료","1","2026-08-06T23:59:00+09:00","릴스 없음; 큐 완료 처리·재방문 30일"
"101","muse_yaksa","국내 약사 인플루언서","40","2","완료","1","2026-08-06T23:59:00+09:00","릴스 없음; 큐 완료 처리·재방문 30일"
"102","yakalofficial","국내 약사 인플루언서","14","2","완료","1","2026-08-06T23:59:00+09:00","릴스 없음; 큐 완료 처리·재방문 30일"
"103","kangsoyeon__","국내 메디컬 인접 계정","1530000","3","완료","1","2026-08-06T23:59:00+09:00","릴스 없음; 큐 완료 처리·재방문 30일"
"104","lilly_yaksa","국내 메디컬 인접 계정","275000","3","완료","1","2026-08-06T23:59:00+09:00","릴스 없음; 큐 완료 처리·재방문 30일"
"105","sani_and_haeng","국내 메디컬 인접 계정","212000","3","완료","1","2026-08-06T23:59:00+09:00","릴스 없음; 큐 완료 처리·재방문 30일"
"106","medical_newsroom","국내 메디컬 인접 계정","185000","3","완료","1","2026-08-06T23:59:00+09:00","릴스 없음; 큐 완료 처리·재방문 30일"
"107","knowledgeins_kr","국내 메디컬 인접 계정","164000","3","완료","1","2026-08-06T23:59:00+09:00","릴스 없음; 큐 완료 처리·재방문 30일"
"108","mohw_kr","국내 메디컬 인접 계정","148000","3","완료","1","2026-08-06T23:59:00+09:00","릴스 없음; 큐 완료 처리·재방문 30일"
"109","ssofit_yaksa","국내 메디컬 인접 계정","142000","3","완료","1","2026-08-06T02:30:52.376Z",""
"110","toad_pharm","국내 메디컬 인접 계정","123000","3","완료","1","2026-08-06T23:59:00+09:00","릴스 없음; 큐 완료 처리·재방문 30일"
"111","dr.jungsodam","국내 메디컬 인접 계정","118000","3","완료","1","2026-08-06T23:59:00+09:00","릴스 없음; 큐 완료 처리·재방문 30일"
"112","mfdskorea","국내 메디컬 인접 계정","55000","3","완료","1","2026-08-06T23:59:00+09:00","릴스 없음; 큐 완료 처리·재방문 30일"
"113","nhis_korea","국내 메디컬 인접 계정","49000","3","완료","1","2026-08-06T23:59:00+09:00","릴스 없음; 큐 완료 처리·재방문 30일"
"114","gimhae_city","국내 메디컬 인접 계정","42000","3","완료","1","2026-08-06T23:59:00+09:00","릴스 없음; 큐 완료 처리·재방문 30일"
"115","ckdhc__official","국내 메디컬 인접 계정","38000","3","완료","1","2026-08-06T23:59:00+09:00","릴스 없음; 큐 완료 처리·재방문 30일"
"116","dr.wongu","국내 메디컬 인접 계정","36000","3","완료","1","2026-08-06T23:59:00+09:00","릴스 없음; 큐 완료 처리·재방문 30일"
"117","medicalkoreaofficial","국내 메디컬 인접 계정","35000","3","완료","1","2026-08-06T23:59:00+09:00","릴스 없음; 큐 완료 처리·재방문 30일"
"118","bebememo_kr","국내 메디컬 인접 계정","34000","3","완료","1","2026-08-06T23:59:00+09:00","릴스 없음; 큐 완료 처리·재방문 30일"
"119","ok_hira","국내 메디컬 인접 계정","34000","3","완료","1","2026-08-06T23:59:00+09:00","릴스 없음; 큐 완료 처리·재방문 30일"
"120","doctor_hwany","국내 메디컬 인접 계정","32000","3","완료","1","2026-08-06T23:59:00+09:00","릴스 없음; 큐 완료 처리·재방문 30일"
"121","haeundae_official","국내 메디컬 인접 계정","30000","3","완료","1","2026-08-06T23:59:00+09:00","릴스 없음; 큐 완료 처리·재방문 30일"
"122","snuh_official","국내 메디컬 인접 계정","29000","3","완료","1","2026-08-06T23:59:00+09:00","릴스 없음; 큐 완료 처리·재방문 30일"
"123","usbukgu","국내 메디컬 인접 계정","28000","3","완료","1","2026-08-06T23:59:00+09:00","릴스 없음; 큐 완료 처리·재방문 30일"
"124","gunginam_tv","국내 메디컬 인접 계정","26000","3","완료","1","2026-08-06T23:59:00+09:00","릴스 없음; 큐 완료 처리·재방문 30일"
"125","dr.hair_lee","국내 메디컬 인접 계정","21000","3","완료","1","2026-08-06T23:59:00+09:00","릴스 없음; 큐 완료 처리·재방문 30일"
"126","humc_health","국내 메디컬 인접 계정","21000","3","완료","1","2026-08-06T23:59:00+09:00","릴스 없음; 큐 완료 처리·재방문 30일"
"127","k_health_promotion","국내 메디컬 인접 계정","21000","3","완료","1","2026-08-06T23:59:00+09:00","릴스 없음; 큐 완료 처리·재방문 30일"
"128","minish_dental.hospital","국내 메디컬 인접 계정","20000","3","완료","1","2026-08-06T23:59:00+09:00","릴스 없음; 큐 완료 처리·재방문 30일"
"129","somda.park","국내 메디컬 인접 계정","20000","3","완료","1","2026-08-06T23:59:00+09:00","릴스 없음; 큐 완료 처리·재방문 30일"
"130","dr_park_skin","국내 메디컬 인접 계정","18000","3","완료","1","2026-08-06T23:59:00+09:00","릴스 없음; 큐 완료 처리·재방문 30일"
"131","kumedicine_official","국내 메디컬 인접 계정","18000","3","완료","1","2026-08-06T23:59:00+09:00","릴스 없음; 큐 완료 처리·재방문 30일"
"132","korea_anti_doping_agency","국내 메디컬 인접 계정","17000","3","완료","1","2026-08-06T23:59:00+09:00","릴스 없음; 큐 완료 처리·재방문 30일"
"133","donghae.city","국내 메디컬 인접 계정","15000","3","완료","1","2026-08-06T23:59:00+09:00","릴스 없음; 큐 완료 처리·재방문 30일"
"134","hello_khidi","국내 메디컬 인접 계정","14000","3","완료","1","2026-08-06T23:59:00+09:00","릴스 없음; 큐 완료 처리·재방문 30일"
"135","ohshu_market","국내 메디컬 인접 계정","14000","3","완료","1","2026-08-06T23:59:00+09:00","릴스 없음; 큐 완료 처리·재방문 30일"
"136","ud_dental","국내 메디컬 인접 계정","13000","3","완료","1","2026-08-06T23:59:00+09:00","릴스 없음; 큐 완료 처리·재방문 30일"
"137","yesan_gun","국내 메디컬 인접 계정","12000","3","완료","1","2026-08-06T23:59:00+09:00","릴스 없음; 큐 완료 처리·재방문 30일"
"138","chosunich.official","국내 메디컬 인접 계정","11000","3","완료","1","2026-08-06T23:59:00+09:00","릴스 없음; 큐 완료 처리·재방문 30일"
"139","health_in_news","국내 메디컬 인접 계정","11000","3","완료","1","2026-08-06T23:59:00+09:00","릴스 없음; 큐 완료 처리·재방문 30일"
"140","akdskin_kr","국내 메디컬 인접 계정","10000","3","완료","1","2026-08-06T23:59:00+09:00","릴스 없음; 큐 완료 처리·재방문 30일"
"141","inha_uh","국내 메디컬 인접 계정","10000","3","완료","1","2026-08-06T23:59:00+09:00","릴스 없음; 큐 완료 처리·재방문 30일"
"142","cellmed.official","국내 메디컬 인접 계정","9821","3","완료","1","2026-08-06T23:59:00+09:00","릴스 없음; 큐 완료 처리·재방문 30일"
"143","bombit_medical","국내 메디컬 인접 계정","9393","3","완료","1","2026-08-06T02:44:07.841Z",""
"144","onnuripharmacy","국내 메디컬 인접 계정","9108","3","완료","1","2026-08-06T23:59:00+09:00","릴스 없음; 큐 완료 처리·재방문 30일"
"145","jilgyungyi_official","국내 메디컬 인접 계정","8798","3","완료","1","2026-08-06T23:59:00+09:00","릴스 없음; 큐 완료 처리·재방문 30일"
"146","owm.pharm.official","국내 메디컬 인접 계정","8602","3","완료","1","2026-08-06T23:59:00+09:00","릴스 없음; 큐 완료 처리·재방문 30일"
"147","drugsafe_official","국내 메디컬 인접 계정","8520","3","완료","1","2026-08-06T23:59:00+09:00","릴스 없음; 큐 완료 처리·재방문 30일"
"148","hello_health_pr","국내 메디컬 인접 계정","7657","3","완료","1","2026-08-06T23:59:00+09:00","릴스 없음; 큐 완료 처리·재방문 30일"
"149","readyyoungpharmacy_global","국내 메디컬 인접 계정","6934","3","완료","1","2026-08-06T23:59:00+09:00","릴스 없음; 큐 완료 처리·재방문 30일"
"150","jwtalk_official","국내 메디컬 인접 계정","6777","3","완료","1","2026-08-06T23:59:00+09:00","릴스 없음; 큐 완료 처리·재방문 30일"
"151","baropharm_official","국내 메디컬 인접 계정","6752","3","완료","1","2026-08-06T23:59:00+09:00","릴스 없음; 큐 완료 처리·재방문 30일"
"152","icmcseoul","국내 메디컬 인접 계정","6312","3","완료","1","2026-08-06T23:59:00+09:00","릴스 없음; 큐 완료 처리·재방문 30일"
"153","onyoubio","국내 메디컬 인접 계정","6107","3","완료","1","2026-08-06T23:59:00+09:00","릴스 없음; 큐 완료 처리·재방문 30일"
"154","modu_pharm","국내 메디컬 인접 계정","6092","3","완료","1","2026-08-06T23:59:00+09:00","릴스 없음; 큐 완료 처리·재방문 30일"
"155","kumedicine_guro","국내 메디컬 인접 계정","6073","3","완료","1","2026-08-06T23:59:00+09:00","릴스 없음; 큐 완료 처리·재방문 30일"
"156","hanshinmedipia","국내 메디컬 인접 계정","5937","3","완료","1","2026-08-06T23:59:00+09:00","릴스 없음; 큐 완료 처리·재방문 30일"
"157","ulsan_uuh","국내 메디컬 인접 계정","5881","3","완료","1","2026-08-06T23:59:00+09:00","릴스 없음; 큐 완료 처리·재방문 30일"
"158","dongsan_1899","국내 메디컬 인접 계정","5510","3","완료","1","2026-08-06T23:59:00+09:00","릴스 없음; 큐 완료 처리·재방문 30일"
"159","fitamin_official","국내 메디컬 인접 계정","5505","3","완료","1","2026-08-06T23:59:00+09:00","릴스 없음; 큐 완료 처리·재방문 30일"
"160","loveplan__","국내 메디컬 인접 계정","5215","3","완료","1","2026-08-06T23:59:00+09:00","릴스 없음; 큐 완료 처리·재방문 30일"
"161","snubh_official","국내 메디컬 인접 계정","5074","3","완료","1","2026-08-06T23:59:00+09:00","릴스 없음; 큐 완료 처리·재방문 30일"
"162","bodoc_official","국내 메디컬 인접 계정","5065","3","완료","1","2026-08-06T23:59:00+09:00","릴스 없음; 큐 완료 처리·재방문 30일"
"163","mariababy_official","국내 메디컬 인접 계정","5056","3","완료","1","2026-08-06T23:59:00+09:00","릴스 없음; 큐 완료 처리·재방문 30일"
"164","charmacist_official","국내 메디컬 인접 계정","4731","3","완료","1","2026-08-06T23:59:00+09:00","릴스 없음; 큐 완료 처리·재방문 30일"
"165","prief_official","국내 메디컬 인접 계정","4635","3","완료","1","2026-08-06T23:59:00+09:00","릴스 없음; 큐 완료 처리·재방문 30일"
"166","official_medicoach","국내 메디컬 인접 계정","4608","3","완료","1","2026-08-06T23:59:00+09:00","릴스 없음; 큐 완료 처리·재방문 30일"
"167","csuh_official","국내 메디컬 인접 계정","4382","3","완료","1","2026-08-06T23:59:00+09:00","릴스 없음; 큐 완료 처리·재방문 30일"
"168","cnuh_01","국내 메디컬 인접 계정","3905","3","완료","1","2026-08-06T23:59:00+09:00","릴스 없음; 큐 완료 처리·재방문 30일"
"169","heimish__h_","국내 메디컬 인접 계정","3835","3","완료","1","2026-08-06T23:59:00+09:00","릴스 없음; 큐 완료 처리·재방문 30일"
"170","doctorsnews2024","국내 메디컬 인접 계정","3625","3","완료","1","2026-08-06T23:59:00+09:00","릴스 없음; 큐 완료 처리·재방문 30일"
"171","pnuh_hongbo","국내 메디컬 인접 계정","3620","3","완료","1","2026-08-06T23:59:00+09:00","릴스 없음; 큐 완료 처리·재방문 30일"
"172","yongsanint","국내 메디컬 인접 계정","3328","3","완료","1","2026-08-06T23:59:00+09:00","릴스 없음; 큐 완료 처리·재방문 30일"
"173","gangdong_kyunghee","국내 메디컬 인접 계정","3199","3","완료","1","2026-08-06T23:59:00+09:00","릴스 없음; 큐 완료 처리·재방문 30일"
"174","pharmway","국내 메디컬 인접 계정","3133","3","완료","1","2026-08-06T23:59:00+09:00","릴스 없음; 큐 완료 처리·재방문 30일"
"175","kpanet_official","국내 메디컬 인접 계정","3110","3","완료","1","2026-08-06T23:59:00+09:00","릴스 없음; 큐 완료 처리·재방문 30일"
"176","yoshanchuen","국내 메디컬 인접 계정","3021","3","완료","1","2026-08-06T23:59:00+09:00","릴스 없음; 큐 완료 처리·재방문 30일"
"177","kuansanhospital","국내 메디컬 인접 계정","2990","3","완료","1","2026-08-06T23:59:00+09:00","릴스 없음; 큐 완료 처리·재방문 30일"
"178","connectcare_official","국내 메디컬 인접 계정","2933","3","완료","1","2026-08-06T23:59:00+09:00","릴스 없음; 큐 완료 처리·재방문 30일"
"179","shiny_jjeong","국내 메디컬 인접 계정","2889","3","완료","1","2026-08-06T23:59:00+09:00","릴스 없음; 큐 완료 처리·재방문 30일"
"180","ajoumc_","국내 메디컬 인접 계정","2699","3","완료","1","2026-08-06T23:59:00+09:00","릴스 없음; 큐 완료 처리·재방문 30일"
"181","anamhospital","국내 메디컬 인접 계정","2687","3","완료","1","2026-08-06T23:59:00+09:00","릴스 없음; 큐 완료 처리·재방문 30일"
"182","nowhospital","국내 메디컬 인접 계정","2682","3","완료","1","2026-08-06T23:59:00+09:00","릴스 없음; 큐 완료 처리·재방문 30일"
"183","cnuh_official","국내 메디컬 인접 계정","2680","3","완료","1","2026-08-06T23:59:00+09:00","릴스 없음; 큐 완료 처리·재방문 30일"
"184","ourpharm_official","국내 메디컬 인접 계정","2640","3","완료","1","2026-08-06T23:59:00+09:00","릴스 없음; 큐 완료 처리·재방문 30일"
"185","plusxp_official","국내 메디컬 인접 계정","2569","3","완료","1","2026-08-06T23:59:00+09:00","릴스 없음; 큐 완료 처리·재방문 30일"
"186","goodhospitals","국내 메디컬 인접 계정","2531","3","완료","1","2026-08-06T23:59:00+09:00","릴스 없음; 큐 완료 처리·재방문 30일"
"187","khis_insta","국내 메디컬 인접 계정","2515","3","완료","1","2026-08-06T23:59:00+09:00","릴스 없음; 큐 완료 처리·재방문 30일"
"188","nmc_official","국내 메디컬 인접 계정","2426","3","완료","1","2026-08-06T23:59:00+09:00","릴스 없음; 큐 완료 처리·재방문 30일"
"189","kpanews1968","국내 메디컬 인접 계정","2408","3","완료","3","2026-08-07T01:13:48+09:00",""
"190","ansimshop_","국내 메디컬 인접 계정","2262","3","완료","1","2026-08-06T23:59:00+09:00","릴스 없음; 큐 완료 처리·재방문 30일"
"191","himchanhospital","국내 메디컬 인접 계정","2166","3","완료","1","2026-08-06T23:59:00+09:00","릴스 없음; 큐 완료 처리·재방문 30일"
"192","spa_official2","국내 메디컬 인접 계정","2156","3","보류","55","2026-08-10T17:20:45+09:00","보류: 17:20 로그인 read-only 재확인에서도 프로필과 직접 /reels/ 모두 페이지 사용 불가 화면; 계정 지표·콘텐츠·릴스·recent12·등급·유료도달·포맷 소진도 미확인; 수치와 콘텐츠를 추정하지 않음; raw 관측과 known account ledger에 재확인 기록; 탭 종료·lease 반환"
"193","komef_official","국내 메디컬 인접 계정","2050","3","완료","1","2026-08-06T23:59:00+09:00","릴스 없음; 큐 완료 처리·재방문 30일"
"194","eumc_in","국내 메디컬 인접 계정","1934","3","완료","1","2026-08-06T23:59:00+09:00","릴스 없음; 큐 완료 처리·재방문 30일"
"195","shesmedi_hospital","국내 메디컬 인접 계정","1899","3","완료","1","2026-08-06T23:59:00+09:00","릴스 없음; 큐 완료 처리·재방문 30일"
"196","daewonpharm","국내 메디컬 인접 계정","1854","3","완료","1","2026-08-06T23:59:00+09:00","릴스 없음; 큐 완료 처리·재방문 30일"
"197","cauhospital","국내 메디컬 인접 계정","1834","3","완료","1","2026-08-06T23:59:00+09:00","릴스 없음; 큐 완료 처리·재방문 30일"
"198","zeroderma_official","국내 메디컬 인접 계정","1825","3","완료","1","2026-08-06T23:59:00+09:00","릴스 없음; 큐 완료 처리·재방문 30일"
"199","presolar_official","국내 메디컬 인접 계정","1748","3","완료","1","2026-08-06T23:59:00+09:00","릴스 없음; 큐 완료 처리·재방문 30일"
"200","hubase_yakguk_official","국내 메디컬 인접 계정","1704","3","완료","1","2026-08-06T23:59:00+09:00","릴스 없음; 큐 완료 처리·재방문 30일"
"201","segyero_dental","국내 메디컬 인접 계정","1562","3","완료","1","2026-08-06T23:59:00+09:00","릴스 없음; 큐 완료 처리·재방문 30일"
"202","kyuh.ac.kr","국내 메디컬 인접 계정","1559","3","완료","1","2026-08-06T23:59:00+09:00","릴스 없음; 큐 완료 처리·재방문 30일"
"203","_eoyeomo_official","국내 메디컬 인접 계정","1558","3","완료","1","2026-08-06T23:59:00+09:00","릴스 없음; 큐 완료 처리·재방문 30일"
"204","nids_korea","국내 메디컬 인접 계정","1526","3","완료","1","2026-08-06T23:59:00+09:00","릴스 없음; 큐 완료 처리·재방문 30일"
"205","khmcpr","국내 메디컬 인접 계정","1504","3","완료","1","2026-08-06T23:59:00+09:00","릴스 없음; 큐 완료 처리·재방문 30일"
"206","rehart_official","국내 메디컬 인접 계정","1452","3","완료","1","2026-08-06T23:59:00+09:00","릴스 없음; 큐 완료 처리·재방문 30일"
"207","yakin_magazine","국내 메디컬 인접 계정","1430","3","완료","1","2026-08-06T23:59:00+09:00","릴스 없음; 큐 완료 처리·재방문 30일"
"208","dreamhosp","국내 메디컬 인접 계정","1388","3","완료","1","2026-08-06T23:59:00+09:00","릴스 없음; 큐 완료 처리·재방문 30일"
"209","mypill_inc","국내 메디컬 인접 계정","1367","3","완료","1","2026-08-06T23:59:00+09:00","릴스 없음; 큐 완료 처리·재방문 30일"
"210","pillgram_official","국내 메디컬 인접 계정","1364","3","완료","1","2026-08-06T23:59:00+09:00","릴스 없음; 큐 완료 처리·재방문 30일"
"211","wkuh_org","국내 메디컬 인접 계정","1305","3","완료","1","2026-08-06T23:59:00+09:00","릴스 없음; 큐 완료 처리·재방문 30일"
"212","hyemin.hospital","국내 메디컬 인접 계정","1240","3","완료","1","2026-08-06T23:59:00+09:00","릴스 없음; 큐 완료 처리·재방문 30일"
"213","cellromax_official","국내 메디컬 인접 계정","1218","3","완료","1","2026-08-06T23:59:00+09:00","릴스 없음; 큐 완료 처리·재방문 30일"
"214","yonseiwoori_hospital","국내 메디컬 인접 계정","1174","3","완료","1","2026-08-06T23:59:00+09:00","릴스 없음; 큐 완료 처리·재방문 30일"
"215","foretskin_official","국내 메디컬 인접 계정","1172","3","완료","1","2026-08-06T23:59:00+09:00","릴스 없음; 큐 완료 처리·재방문 30일"
"216","seoulmizhospital","국내 메디컬 인접 계정","1171","3","완료","1","2026-08-06T23:59:00+09:00","릴스 없음; 큐 완료 처리·재방문 30일"
"217","pyunhanga_official","국내 메디컬 인접 계정","1133","3","완료","1","2026-08-06T23:59:00+09:00","릴스 없음; 큐 완료 처리·재방문 30일"
"218","vippharm","국내 메디컬 인접 계정","1132","3","완료","1","2026-08-06T23:59:00+09:00","릴스 없음; 큐 완료 처리·재방문 30일"
"219","yakmanager_official","국내 메디컬 인접 계정","1043","3","완료","1","2026-08-06T23:59:00+09:00","릴스 없음; 큐 완료 처리·재방문 30일"
"220","jsjshospital","국내 메디컬 인접 계정","1034","3","완료","1","2026-08-06T23:59:00+09:00","릴스 없음; 큐 완료 처리·재방문 30일"
"221","knjbio.official","국내 메디컬 인접 계정","1007","2","보류","54","2026-08-10T17:25:39+09:00","보류: 17:25 로그인 read-only 재확인; 프로필 게시물 245·팔로워 1005·팔로우 418, 건강/뷰티·건강기능식품 브랜드·www.knjbio.com·하이라이트 10개 확인; 계정 자체 정적 링크 10개와 태그 외부 게시물 2개는 모두 기존 raw; 직접 /reels/ 11개·조회수 1624·272·199·196·137·453·337·250·250·289·333도 기존 known; HTML meta 1007·438은 화면 1005·418과 충돌; recent12 미확인; 기존 B 등급·유료도달 불명·포맷 소진도 미판정 유지; canonical CSV 미변경; raw/known 재확인 기록"
"222","korea_pharmacy","국내 메디컬 인접 계정","999","2","완료","1","2026-08-06T19:10:30+09:00",""
"223","mizmedi_hospital","국내 메디컬 인접 계정","953","2","완료","1","2026-08-06T19:12:30+09:00",""
"224","ivywellness_official","국내 메디컬 인접 계정","886","2","완료","1","2026-08-06T19:12:30+09:00",""
"225","idjmpharm","국내 메디컬 인접 계정","839","2","완료","1","2026-08-06T19:12:30+09:00",""
"226","3paranmoon","국내 메디컬 인접 계정","826","2","완료","1","2026-08-06T19:12:30+09:00",""
"227","thebareun_clinic","국내 메디컬 인접 계정","810","2","완료","1","2026-08-06T19:12:30+09:00",""
"228","seoulteamdoctor","국내 메디컬 인접 계정","809","2","완료","1","2026-08-06T19:12:30+09:00",""
"229","pharmfriends","국내 메디컬 인접 계정","778","2","완료","1","2026-08-06T19:12:30+09:00",""
"230","kangnam_humc","국내 메디컬 인접 계정","755","2","완료","1","2026-08-06T19:12:30+09:00",""
"231","zion_womens","국내 메디컬 인접 계정","742","2","완료","1","2026-08-06T19:12:30+09:00",""
"232","madisesang","국내 메디컬 인접 계정","731","2","완료","1","2026-08-06T19:12:30+09:00",""
"233","gwangju_bohun","국내 메디컬 인접 계정","687","2","완료","1","2026-08-06T19:12:30+09:00",""
"234","baro2dc","국내 메디컬 인접 계정","675","2","완료","1","2026-08-06T19:12:30+09:00",""
"235","do_u.know.hs","국내 메디컬 인접 계정","670","2","완료","1","2026-08-06T19:12:30+09:00",""
"236","prhanyang","국내 메디컬 인접 계정","668","2","완료","1","2026-08-06T19:12:30+09:00",""
"237","knjbio.academy","국내 메디컬 인접 계정","639","2","완료","1","2026-08-06T19:12:30+09:00",""
"238","glucom_official","국내 메디컬 인접 계정","629","2","완료","1","2026-08-06T19:12:30+09:00",""
"239","cmcsvincent","국내 메디컬 인접 계정","624","2","완료","1","2026-08-06T19:12:30+09:00",""
"240","yusung_pharmacy","국내 메디컬 인접 계정","614","2","완료","1","2026-08-06T19:12:30+09:00",""
"241","nutrii_official","국내 메디컬 인접 계정","611","2","완료","1","2026-08-06T19:12:30+09:00",""
"242","pharmplay_official","국내 메디컬 인접 계정","597","2","완료","1","2026-08-06T19:12:30+09:00",""
"243","seoulacehospital","국내 메디컬 인접 계정","563","2","완료","1","2026-08-06T19:12:30+09:00",""
"244","mango._.baby","국내 메디컬 인접 계정","561","2","완료","1","2026-08-06T19:12:30+09:00",""
"245","ayak_official","국내 메디컬 인접 계정","546","2","완료","1","2026-08-06T19:12:30+09:00",""
"246","nutripharma_2019","국내 메디컬 인접 계정","542","2","완료","1","2026-08-06T19:12:30+09:00",""
"247","veteranhospital","국내 메디컬 인접 계정","524","2","완료","1","2026-08-06T19:12:30+09:00",""
"248","doremi.pharmacy.official","국내 메디컬 인접 계정","523","2","완료","1","2026-08-06T19:12:30+09:00",""
"249","medikingdom_pharmacy","국내 메디컬 인접 계정","506","2","완료","1","2026-08-06T19:12:30+09:00",""
"250","lemonpharmacy38","국내 메디컬 인접 계정","507","2","보류","53","2026-08-10T17:31:55+09:00","17:31 로그인 read-only 재확인; 프로필 6게시물·팔로워 511·팔로우 610, 건강/뷰티·맞춤형 영양제·피로·수면·장건강·AI 건강분석·Naver Place·Threads 확인; 프로필 릴스 6개와 직접 /reels/ 릴스 7개 확인; 모든 shortcode는 기존 raw/known과 일치; 조회수 59·113·132·127·146·124·156 확인; 기존 Db2cRtyTwFp 조회수 1→59로 contents.csv 갱신; recent12 미확인; HTML meta 509·632와 visible 511·610 충돌 유지; 계정 B·콘텐츠 F/미달·유료도달 의심 불명·포맷소진도 미판정; 시도 52→53"
"251","sam_hospital","국내 메디컬 인접 계정","452","2","완료","1","2026-08-06T19:12:30+09:00",""
"252","dana_pharmacy_","국내 메디컬 인접 계정","447","2","완료","1","2026-08-06T19:12:30+09:00",""
"253","cnchospital","국내 메디컬 인접 계정","444","2","완료","1","2026-08-06T19:12:30+09:00",""
"254","friendly_pharmabros_official","국내 메디컬 인접 계정","432","2","완료","1","2026-08-06T19:12:30+09:00",""
"255","amc_seoul_health","국내 메디컬 인접 계정","399","2","완료","1","2026-08-06T19:12:30+09:00",""
"256","hanwhapharm_official","국내 메디컬 인접 계정","397","2","완료","1","2026-08-06T19:12:30+09:00",""
"257","blessing.pharmacy","국내 메디컬 인접 계정","369","2","완료","1","2026-08-06T19:12:30+09:00",""
"258","urimedi1","국내 메디컬 인접 계정","340","2","완료","1","2026-08-06T19:12:30+09:00",""
"259","inbodypharm","국내 메디컬 인접 계정","298","2","완료","1","2026-08-06T19:12:30+09:00",""
"260","donga_onnuri","국내 메디컬 인접 계정","291","2","완료","1","2026-08-06T19:12:30+09:00",""
"261","innerdew.official","국내 메디컬 인접 계정","280","2","보류","54","2026-08-10T17:38:21+09:00","17:38 로그인 read-only 재확인; 프로필 8게시물·팔로워 280·팔로우 0, 약사 누나×이너뷰티 대표 남동생·협찬/광고 비판·다이어트·피부·영양제 정보·Threads 확인; 프로필 링크 8개(릴스 5·정적 게시물 3) 모두 기존 raw와 일치; 직접 /reels/ 릴스 5개 조회수 221·3.3만·294·316·2.3만, 모두 기존 exact known과 일치; 정적 게시물 3개는 raw-only 상태 유지; recent12 미확인; 계정 B·유료도달 의심 불명·포맷소진도 미판정; 시도 53→54"
"262","ysbonlove","국내 메디컬 인접 계정","273","2","완료","1","2026-08-06T19:12:30+09:00",""
"263","official_naproud","국내 메디컬 인접 계정","258","2","완료","1","2026-08-06T19:12:30+09:00",""
"264","papas.promise","국내 메디컬 인접 계정","240","2","완료","1","2026-08-06T19:12:30+09:00",""
"265","mokdong_samsung_top_im","국내 메디컬 인접 계정","219","2","완료","1","2026-08-06T19:12:30+09:00",""
"266","pharmacyinpalm_official","국내 메디컬 인접 계정","188","2","보류","54","2026-08-10T17:41:38+09:00","17:41 로그인 read-only 재확인; 프로필 10게시물·팔로워 188·팔로우 485, 제품/서비스·약국 플랫폼·건강지킴이·drxsolution.co.kr 확인; 프로필 링크 10개(릴스 1·정적 게시물 9) 모두 기존 raw와 일치; 직접 /reels/ 릴스 1개 Ce2MIsmvzVC 조회수 98로 exact known과 일치; 정적 게시물 9개는 raw-only 상태; HTML meta 팔로우 501과 화면 485 충돌; recent12 미확인; 계정 B·유료도달 의심 불명·포맷소진도 미판정; 시도 53→54"
"267","mbb.official__","국내 메디컬 인접 계정","145","2","완료","1","2026-08-06T19:12:30+09:00",""
"268","sspharm_apgujeong","국내 메디컬 인접 계정","142","2","완료","2","2026-08-07T10:39:36+09:00","릴스 탭 미노출; 릴스 없음 처리·재방문 30일; 기존 게시물만 확인하고 최근12 지표는 추정하지 않음"
"269","jsr032_","국내 메디컬 인접 계정","141","2","완료","1","2026-08-06T19:12:30+09:00",""
"270","swmedical_official","국내 메디컬 인접 계정","135","2","완료","1","2026-08-06T19:12:30+09:00",""
"271","urispine","국내 메디컬 인접 계정","132","2","완료","1","2026-08-06T19:12:30+09:00",""
"272","leehwanho_ent","국내 메디컬 인접 계정","115","2","완료","2","2026-08-07T10:39:36+09:00","릴스 탭 미노출; 릴스 없음 처리·재방문 30일; 기존 게시물만 확인하고 최근12 지표는 추정하지 않음"
"273","wiltse_suwon","국내 메디컬 인접 계정","83","2","완료","1","2026-08-06T19:12:30+09:00",""
"274","wellness_gn","국내 메디컬 인접 계정","68","2","완료","1","2026-08-06T19:12:30+09:00",""
"275","seokyoung.park1223","국내 메디컬 인접 계정","60","2","완료","1","2026-08-06T19:12:30+09:00",""
"276","bpa_antidrug","국내 메디컬 인접 계정","61","2","완료","2","2026-08-07T10:39:36+09:00","릴스 탭 미노출; 릴스 없음 처리·재방문 30일; 기존 게시물만 확인하고 최근12 지표는 추정하지 않음"
"277","36.5_pharm","국내 메디컬 인접 계정","48","2","완료","1","2026-08-06T19:12:30+09:00",""
"278","bestson_suwon","국내 메디컬 인접 계정","43","2","완료","1","2026-08-06T19:12:30+09:00",""
"279","peurajo","국내 메디컬 인접 계정","27","2","완료","1","2026-08-06T19:12:30+09:00",""
"280","k_phf.official","국내 메디컬 인접 계정","9","2","완료","1","2026-08-06T19:12:30+09:00",""
"281","korea2nt_official","국내 메디컬 인접 계정","8","2","완료","2","2026-08-07T10:39:36+09:00","릴스 탭 미노출; 릴스 없음 처리·재방문 30일; 기존 게시물만 확인하고 최근12 지표는 추정하지 않음"
"282","philsmypharmacist","해외 약사 인플루언서","1597000","4","완료","1","2026-08-06T23:59:00+09:00","릴스 없음; 큐 완료 처리·재방문 30일"
"283","wellness.pharm","해외 약사 인플루언서","346000","4","완료","1","2026-08-06T23:59:00+09:00","릴스 없음; 큐 완료 처리·재방문 30일"
"284","beautybynori_","해외 약사 인플루언서","196000","4","완료","1","2026-08-06T03:20:43.706Z",""
"285","eva.pharma","해외 메디컬 인접 계정","116000","3","완료","1","2026-08-06T19:12:30+09:00",""
"286","pharmfluency","해외 메디컬 인접 계정","41000","3","완료","1","2026-08-06T19:12:30+09:00",""
"287","dralishareed","해외 약사 인플루언서","27000","4","완료","1","2026-08-06T03:22:06.748Z",""
"288","ipsforg","해외 메디컬 인접 계정","26000","3","완료","1","2026-08-06T19:12:30+09:00",""
"289","thefulfilledpharmacist","해외 약사 인플루언서","25000","4","완료","1","2026-08-06T23:59:00+09:00","릴스 없음; 큐 완료 처리·재방문 30일"
"290","ashpofficial","해외 메디컬 인접 계정","16000","3","완료","1","2026-08-06T19:12:30+09:00",""
"291","healthwellnesspharmacist1","해외 약사 인플루언서","15000","4","완료","1","2026-08-06T23:59:00+09:00","릴스 없음; 큐 완료 처리·재방문 30일"
"292","melsmedicines","해외 약사 인플루언서","14000","4","완료","1","2026-08-06T23:59:00+09:00","릴스 없음; 큐 완료 처리·재방문 30일"
"293","nathan.wu","해외 약사 인플루언서","13000","4","완료","1","2026-08-06T23:59:00+09:00","릴스 없음; 큐 완료 처리·재방문 30일"
"294","thedoseclub","해외 약사 인플루언서","13000","4","완료","1","2026-08-06T23:59:00+09:00","릴스 없음; 큐 완료 처리·재방문 30일"
"295","unitysg","해외 약사 인플루언서","8884","4","완료","1","2026-08-06T23:59:00+09:00","릴스 없음; 큐 완료 처리·재방문 30일"
"296","lawpharm","해외 약사 인플루언서","7428","4","완료","1","2026-08-06T23:59:00+09:00","릴스 없음; 큐 완료 처리·재방문 30일"
"297","efficahealth","해외 메디컬 인접 계정","7374","3","완료","1","2026-08-06T19:12:30+09:00",""
"298","monashpharm","해외 메디컬 인접 계정","5857","3","완료","1","2026-08-06T19:12:30+09:00",""
"299","yaksawiki","해외 약사 인플루언서","5515","4","완료","1","2026-08-06T03:28:00.739Z",""
"300","tamuhealth","해외 메디컬 인접 계정","5502","3","완료","1","2026-08-06T19:12:30+09:00",""
"301","accp","해외 메디컬 인접 계정","5394","3","완료","1","2026-08-06T19:12:30+09:00",""
"302","uncpharmacy","해외 메디컬 인접 계정","5391","3","완료","1","2026-08-06T19:12:30+09:00",""
"303","um_radyfhs","해외 메디컬 인접 계정","5146","3","완료","1","2026-08-06T19:12:30+09:00",""
"304","fmhs_uoa","해외 메디컬 인접 계정","3781","3","완료","1","2026-08-06T19:12:30+09:00",""
"305","uwmadisonpharmacy","해외 메디컬 인접 계정","3529","3","완료","1","2026-08-06T19:12:30+09:00",""
"306","cph_qu","해외 메디컬 인접 계정","3257","3","완료","1","2026-08-06T19:12:30+09:00",""
"307","duquesnepharm","해외 메디컬 인접 계정","3151","3","완료","1","2026-08-06T19:12:30+09:00",""
"308","wellness.pharmacy.rx","해외 약사 인플루언서","3065","4","완료","1","2026-08-06T23:59:00+09:00","릴스 없음; 큐 완료 처리·재방문 30일"
"309","stg_wellness","해외 약사 인플루언서","2886","4","완료","1","2026-08-06T03:29:26.328Z",""
"310","leidenmedicine","해외 메디컬 인접 계정","2364","3","완료","1","2026-08-06T19:12:30+09:00",""
"311","healthcaredistrict","해외 메디컬 인접 계정","2000","3","완료","1","2026-08-06T19:12:30+09:00",""
"312","larkinuniversity","해외 메디컬 인접 계정","1886","3","완료","1","2026-08-06T19:12:30+09:00",""
"313","unm_pharmacy","해외 메디컬 인접 계정","1753","3","완료","1","2026-08-06T19:12:30+09:00",""
"314","dakota_rx","해외 메디컬 인접 계정","1664","3","완료","1","2026-08-06T19:12:30+09:00",""
"315","pharmacyatqub","해외 메디컬 인접 계정","1662","3","완료","1","2026-08-06T19:12:30+09:00",""
"316","masaryk_pharmacy","해외 메디컬 인접 계정","1613","3","완료","1","2026-08-06T19:12:30+09:00",""
"317","rfupharmacy","해외 메디컬 인접 계정","1593","3","완료","1","2026-08-06T19:12:30+09:00",""
"318","uclsopsu","해외 메디컬 인접 계정","1455","3","완료","1","2026-08-06T19:12:30+09:00",""
"319","uod_college_of_pharmacy","해외 메디컬 인접 계정","1393","3","완료","1","2026-08-06T19:12:30+09:00",""
"320","ucsfpharmacy","해외 메디컬 인접 계정","1163","3","완료","1","2026-08-06T19:12:30+09:00",""
"321","college.of.pharmacy.aau","해외 메디컬 인접 계정","1054","3","완료","1","2026-08-06T19:12:30+09:00",""
"322","ucpharmacy","해외 메디컬 인접 계정","919","3","완료","1","2026-08-06T19:12:30+09:00",""
"323","taylorssop","해외 메디컬 인접 계정","825","3","완료","1","2026-08-06T19:12:30+09:00",""
"324","innovationcompounding","해외 메디컬 인접 계정","804","3","완료","1","2026-08-06T19:12:30+09:00",""
"325","_college_of_pharmacy_","해외 메디컬 인접 계정","711","3","완료","1","2026-08-06T19:12:30+09:00",""
"326","gawande_college_of_pharmacy","해외 메디컬 인접 계정","689","3","완료","1","2026-08-06T19:12:30+09:00",""
"327","mbku_pharmadmissions","해외 메디컬 인접 계정","678","3","완료","1","2026-08-06T19:12:30+09:00",""
"328","unc_snpha","해외 메디컬 인접 계정","609","3","완료","1","2026-08-06T19:12:30+09:00",""
"329","mirandalouisechan","해외 약사 인플루언서","454","4","완료","1","2026-08-06T23:59:00+09:00","릴스 없음; 큐 완료 처리·재방문 30일"
"330","ceimpactrx","해외 메디컬 인접 계정","407","3","완료","1","2026-08-06T19:12:30+09:00",""
"331","uwcschoolofpharmacy","해외 메디컬 인접 계정","366","3","완료","1","2026-08-06T19:12:30+09:00",""
"332","tucapharmacy","해외 메디컬 인접 계정","344","3","완료","1","2026-08-06T19:12:30+09:00",""
"333","monadnockcommunityhospital","해외 메디컬 인접 계정","317","3","완료","1","2026-08-06T19:12:30+09:00",""
"334","broadwater.pharmacy","해외 메디컬 인접 계정","281","3","완료","1","2026-08-06T19:12:30+09:00",""
"335","mgm_pharmacy","해외 메디컬 인접 계정","166","3","완료","1","2026-08-06T19:12:30+09:00",""
"336","wellness_pharmacist_","해외 약사 인플루언서","157","4","완료","1","2026-08-06T03:30:39.572Z",""
"337","livunipharmacy","해외 메디컬 인접 계정","140","3","완료","1","2026-08-06T19:12:30+09:00",""
"338","lbscp0239","해외 메디컬 인접 계정","129","3","완료","1","2026-08-06T19:12:30+09:00",""
"339","pharmacist.jen","해외 약사 인플루언서","78","4","완료","1","2026-08-06T23:59:00+09:00","릴스 없음; 큐 완료 처리·재방문 30일"
"340","doseoframan","해외 약사 인플루언서","57","4","완료","1","2026-08-06T03:31:11.523Z",""
"341","thefitpharmacist","해외 약사 인플루언서","15","4","완료","1","2026-08-06T23:59:00+09:00","릴스 없음; 큐 완료 처리·재방문 30일"
"342","yu._.yak","국내 약사 인플루언서","13000","2","완료","1","2026-08-07T05:45:00+09:00","프로필·최근12 조회수 12건 확인; 대표 게시물 조회수 미노출 콘텐츠는 판정불가로 기록"
"343","tony71004","국내 약사 인플루언서","5002","2","보류","53","2026-08-10T17:51:52+09:00","17:51 로그인 read-only 재확인; 프로필 144게시물·팔로워 5002·팔로우 3480, 약사 10년차·약국 일상 만화·Threads·상담차트 하이라이트 확인; 프로필 정적 게시물 12개 모두 기존 raw/known; 직접 /reels/ 릴스 6개 중 5개 조회수 5579·1535·1840·1540·1519 노출, BmSKSVmhuH4 조회수 미노출; 6개 링크 모두 existing known; exact canonical 콘텐츠 행 추가 없음; HTML meta 팔로우 3589와 화면 3480 충돌; recent12 미확인; 기존 blank 등급·유료도달 의심 불명·포맷소진도 미판정 유지; 오프라인 시도 52→53"
"344","jjing_yaksa","국내 약사 인플루언서","1119","2","보류","53","2026-08-10T17:48:38+09:00","17:48 로그인 read-only 재확인; 프로필 43게시물·팔로워 1119·팔로우 376, 디지털 크리에이터·약사 크리에이터·연애툰 같은 약툰·하이라이트 6개 확인; 프로필 링크 12개(게시물 11·릴스 1)와 직접 /reels/ 릴스 3개가 모두 기존 raw/known과 일치; 조회수 1181·1970·845; HTML meta 팔로우 394와 화면 376 충돌; recent12 미확인; 기존 blank 등급·유료도달 의심 불명·포맷소진도 미판정 유지; 시도 52→53"
"345","anyaksa3","국내 약사 인플루언서","332","2","완료","2","2026-08-07T10:39:36+09:00","릴스 탭 미노출; 릴스 없음 처리·재방문 30일; 최근12 지표는 추정하지 않음"
"346","molti_yaksatoon","국내 약사 인플루언서","40","2","완료","2","2026-08-07T10:39:36+09:00","릴스 탭 미노출; 릴스 없음 처리·재방문 30일; 최근12 지표는 추정하지 않음"
"347","cheoeum_yaksa__toon","국내 약사 인플루언서","0","3","완료","2","2026-08-07T10:39:36+09:00","/reels/ 요청이 프로필로 리디렉션되고 릴스 탭 미노출; 릴스 없음 처리·재방문 30일; 최근12 지표는 추정하지 않음"
"348","woojjujju_yaksa","국내 약사 인플루언서","180","2","완료","1","2026-08-10T00:53:08.098Z","프로필·후보 게시물 직접 확인; 8주; 좋아요 187·댓글 21·리포스트 18; 조회수·최근12 중앙값·게시 연도 미확인; canonical 행 추가; 등급 F; 유료 도달 불명"
"349","mina_yaksa","국내 약사 인플루언서","7451","2","완료","1","2026-08-10T00:53:08.098Z","프로필·후보 게시물 직접 확인; 5주; 좋아요 90·댓글 131·리포스트 6; 조회수·최근12 중앙값·게시 연도 미확인; canonical 행 추가; 등급 F; 유료 도달 불명"
"350","dubu_yaksa","국내 약사 인플루언서","8412","2","완료","1","2026-08-10T00:53:08.098Z","프로필·후보 게시물 직접 확인; 2주; 좋아요 525·댓글 45·리포스트 95; 조회수·최근12 중앙값·게시 연도 미확인; canonical 행 추가; 등급 F; 유료 도달 불명"
"351","drjoshaxe","해외 메디컬 인접 계정","154.5만","3","완료","1","2026-08-10T00:53:08.098Z","프로필·후보 게시물 직접 확인; 1일; 좋아요 1.1천·댓글 536·리포스트 21; 조회수·최근12 중앙값·게시 연도 미확인; canonical 행 추가; 등급 A; 유료 도달 불명"
"352","jangsu_note","국내 메디컬 인접 계정","18000","2","완료","1","2026-08-10T10:00:10+09:00","프로필·후보 릴스 직접 확인; 11주·2026-05-21; 좋아요 2.7천·댓글 216·리포스트 265; 조회수·최근12 중앙값 미확인; canonical 행 추가; 등급 F; 프로필 쿠팡 파트너스 링크로 상업 맥락 보존; 유료 도달 불명"
"353","kimjejo_pharma","국내 약사 인플루언서","1536","2","완료","1","2026-08-10T10:32:21+09:00","프로필·후보 릴스 직접 확인; 3일; 좋아요 365·댓글 22·리포스트 58; 조회수·최근12 중앙값·게시 연도 미확인; canonical 행 추가; 등급 F; 광고·유료도달 불명"
"354","yaksa.park","국내 약사 인플루언서","2927","2","완료","1","2026-08-10T10:37:38+09:00","프로필·후보 릴스 직접 확인; 3주·7월 13일 표시; 좋아요 1.6천·댓글 44·리포스트 242; 조회수·최근12 중앙값·게시 연도 미확인; canonical 행 추가; 등급 F; 광고아님·유료도달 불명"
"355","onbomclinic","국내 메디컬 인접 계정","9387","3","완료","1","2026-08-10T10:43:47+09:00","프로필·후보 릴스 직접 확인; 29주; 좋아요 9.8천·댓글 343·리포스트 935; 조회수·게시 연도 미확인; 최근 90일 밖이라 콘텐츠 raw-only F 보류; 계정 canonical 추가; 콘텐츠 CSV 미추가"
"356","yak_minam","국내 약사 인플루언서","12000","2","완료","1","2026-08-10T10:58:48+09:00","프로필·후보 릴스 직접 확인; 6주·6월 24일 표시; 좋아요 226·댓글 5·리포스트 27; 조회수·최근12 중앙값·게시 연도 미확인; canonical 행 추가; 등급 F; 광고아님·유료도달 불명"
"357","buddy_yaksa","국내 약사 인플루언서","75000","2","완료","1","2026-08-10T11:07:09+09:00","프로필·후보 릴스 직접 확인; 134주·2024-01-10; 좋아요 76·댓글 21; 리포스트·조회수 미확인; 최근 90일 밖이라 콘텐츠 raw-only F 보류; 계정 canonical 추가; 콘텐츠 CSV 미추가"
"358","yaksa_tips","국내 약사 인플루언서","10000","2","완료","1","2026-08-10T11:15:48+09:00","프로필·후보 릴스 직접 확인; 59주·2025-06-19; 좋아요 3.8천·댓글 104·리포스트 291; 조회수·최근12 중앙값 미확인; 프로필 공동구매 일정·외부 링크 확인; 최근 90일 밖이라 콘텐츠 raw-only F 보류; 계정 canonical 추가; 콘텐츠 CSV 미추가"
"359","yakstagram_","국내 건강 인접 계정","187000","3","완료","1","2026-08-10T11:21:31+09:00","프로필·후보 릴스 직접 확인; 149주·2023-09-29; 좋아요 875·댓글 60·리포스트 2; 조회수·최근12 중앙값 미확인; 프로필 영양제 상담 DM·단독할인 링크와 게시물 최저가 공구 일정 확인; 광고·공구·유료도달 의심 있음; 최근 90일 밖이라 콘텐츠 raw-only F 보류; 계정 canonical 추가; 콘텐츠 CSV 미추가"
"360","salt.yaksa","국내 약사 인플루언서","35000","2","완료","1","2026-08-10T11:23:20+09:00","프로필·후보 릴스 직접 확인; 10주·6월 5일 표시; 좋아요 3.5천·댓글 9.7천·리포스트 85; 조회수·최근12 중앙값 미확인; #파트너스·댓글 영양제 키워드 CTA·프로필 상품 링크 확인; 광고·제휴 콘텐츠로 canonical 콘텐츠 미추가; 계정 canonical 추가"
"361","yuni__yaksa","국내 약사 인플루언서","213000","2","완료","1","2026-08-10T11:58:15+09:00","프로필·후보 릴스 직접 확인; 21주·3월 15일 표시; 좋아요 2.4천·댓글 1.3천·리포스트 212; 조회수·최근12 중앙값 미확인; 프로필 장건강 유산균 open·상품 링크와 게시물 공구·구매완료 이벤트 확인; 광고·공구·유료도달 의심 있음; 최근 90일 밖이라 콘텐츠 raw-only F 보류; 기존 canonical 계정 행이 있어 계정 지표는 덮어쓰지 않아야 했으나 신규 이력 행이 중복 추가됨; 행 삭제 금지로 보존·감사; 콘텐츠 CSV 미추가"
"362","good.yaksa","국내 약사 인플루언서","289000","1","완료","1","2026-08-10T12:07:15+09:00","기존 canonical 계정 직접 대조; 후보 릴스 18주·4월 1일 표시; 좋아요 2.7천·댓글 775·리포스트 344; 조회수 미확인; 성분별 영양제·다이어트·피부·간건강·피로회복 정리; 최근 90일 밖이라 콘텐츠 raw-only F 보류; 기존 계정 행 유지; 콘텐츠 CSV 미추가"
"363","very_good_tip","국내 건강 인접 계정","361000","3","보류","3","2026-08-10T17:05:59+09:00","보류: 17:05 로그인 read-only 재확인; 프로필 게시물 1.3만·팔로워 36.1만·팔로우 0·꿀팁 저장소·카카오톡 홍보/제휴 링크 확인; 최신 프로필 링크 12개 중 새 정적 게시물 11개(DaEs5e1DZt6·DafJeJzjV0E·DaU2T7pCDrK·Db2evqhGuSX·Db2ZCxLD6OR·Db2UeERjn5P·Db2QCF4GjCp·Db12MjeGirP·Dbwr-ajjzQW·DbvE_Iwj08w·Dbu9Q31mhVy)는 raw/known ledger에 기록; 직접 /reels/ 12개는 기존 항목과 일치하고 조회수 283.7만·422.8만·425.2만·5269·5.1만·6.4만·6만·5.3만·2.7만·1만·1.8만·3.1만 노출; Db1_Gn5gPBd는 (광고)·판매 기간·판매가·구성 명시; 일반 생활정보·여행·엑셀·청년혜택 중심 비의료라 F/미달·account/content CSV 미추가; 유료도달 불명·포맷 소진도 미판정; raw-only 보류"
"364","iam_yaksa","국내 약사 인플루언서","227000","2","완료","1","2026-08-10T12:16:12+09:00","기존 canonical 계정 직접 대조; 후보 릴스 18주·4월 1일 표시; 좋아요 352·댓글 75·리포스트 17; 조회수 미확인; 유산균 선택 기준·균주번호·보장균수 체크리스트; 최근 90일 밖이라 콘텐츠 raw-only F 보류; 기존 계정 행 유지; 콘텐츠 CSV 미추가"
"365","little_yaksa","국내 약사 인플루언서","60000","2","완료","1","2026-08-10T12:20:10+09:00","기존 canonical 계정 직접 대조; 후보 릴스 19주·3월 25일 표시; 좋아요 9.5천·댓글 206·리포스트 1천; 조회수 미확인; 올리브영 영양제 순위·성분 분석; 본문에 제품 광고·협찬 없음 명시; 최근 90일 밖이라 콘텐츠 raw-only F 보류; 기존 계정 행 유지; 콘텐츠 CSV 미추가"
"366","yakstory119","국내 약사 인플루언서","","2","완료","1","2026-08-10T12:23:29+09:00","기존 canonical 계정 직접 대조; 후보 릴스 150주·2023년 9월 19일 표시; 좋아요 4.7천·댓글 453·리포스트 12; 조회수 미확인; 관리된 유산균 5가지 추천; 최근 90일 밖이라 콘텐츠 raw-only F 보류; 기존 계정 행 유지; 콘텐츠 CSV 미추가"
"367","ssofit_yaksa","국내 메디컬 인접 계정","142000","2","완료","1","2026-08-10T12:30:23+09:00","기존 canonical 계정 직접 대조; 후보 게시물 11주·5월 18일 표시; 좋아요 211·댓글 339·리포스트 19; 조회수 미확인; 유산균 라벨 6항목 체크리스트; 최근 90일 안이라 F급 콘텐츠·신규 포맷 canonical 추가; 계정 행 유지"
"368","dr.microbiome","국내 메디컬 인접 계정","7083","2","완료","1","2026-08-10T12:43:00+09:00","신규 공식 R&D 센터 계정 직접 대조; 프로필 게시물 40·팔로워 7083·외부 blog 링크; 후보 릴스 27주·1월 29일 표시; 좋아요 비정량·댓글 8·리포스트 1·조회수 미확인; CJLP133 균주 기능성 홍보 내용; 최근 90일 밖이라 콘텐츠 raw-only F 보류; 계정 행 추가"
"369","jasin_yaksa","국내 약사 인플루언서","88000","2","완료","1","2026-08-10T12:49:00+09:00","기존 canonical 계정 직접 대조; 후보 릴스 121주·2024년 4월 9일 표시; 좋아요 2.6천·댓글 1.5만·리포스트 2·조회수 미확인; 유산균 제품 선택 기준 4개와 DM 제품 문의 CTA; 최근 90일 밖이라 콘텐츠 raw-only F 보류; 계정 행 유지"
"370","gureumpharm","국내 약사 인플루언서","98000","2","완료","1","2026-08-10T12:53:00+09:00","기존 canonical 계정 직접 대조; 후보 릴스 119주·2024년 4월 24일 표시; 좋아요 458·댓글 189·리포스트·조회수 미확인; 포스트바이오틱스 기능성·농축도·섭취법 설명; 최근 90일 밖이라 콘텐츠 raw-only F 보류; 계정 행 유지"
"371","lilly_yaksa","국내 메디컬 인접 계정","275000","2","완료","1","2026-08-10T12:57:00+09:00","기존 canonical 계정 직접 대조; 후보 릴스 39주·2025년 11월 3일 표시; 좋아요 270·댓글 372·리포스트 5·조회수 미확인; 유산균 정착·장 건강 효과 주장; 최근 90일 밖이라 콘텐츠 raw-only F 보류; 계정 행 유지"
"372","eunha__yak","국내 약사 인플루언서","113000","2","완료","1","2026-08-10T13:06:26+09:00","기존 canonical 계정 직접 대조; 후보 게시물 58주·2025년 6월 28일 표시; 좋아요 94·댓글 45·리포스트 1·조회수 미확인; 유산균·항생제·장-뇌축 관련 설명과 댓글·DM 상담 CTA; 최근 90일 밖이라 콘텐츠 raw-only F 보류; 기존 중복 canonical 계정 행 유지"
"373","buddy_yaksa","국내 약사 인플루언서","75000","2","완료","1","2026-08-10T13:16:18+09:00","기존 canonical 계정 직접 대조; 후보 릴스 112주·2024년 6월 12일 표시; 좋아요 1.7만·댓글 774·리포스트 2·조회수 미확인; 영양제 댓글·DM 상담 CTA 중심; 최근 90일 밖이라 콘텐츠 raw-only F 보류; 계정 행 유지"
"374","simple.yaksa","국내 약사 인플루언서","136000","2","완료","1","2026-08-10T13:21:34+09:00","기존 canonical 계정 직접 대조; 후보 릴스 21주·3월 15일 표시; 좋아요 1.5천·댓글 336·리포스트 39·조회수 미확인; 오메가3 10문답·광고 아님 표기; 최근 90일 밖이라 콘텐츠 raw-only F 보류; 계정 행 유지"
"375","iam_yaksa","국내 약사 인플루언서","227000","2","완료","1","2026-08-10T13:21:34+09:00","기존 canonical 계정 직접 대조; 후보 릴스 30주·1월 9일 표시; 좋아요 5.8천·댓글 428·리포스트 494·조회수 미확인; 6개월 이상 영양제 복용 주의; 최근 90일 밖이라 콘텐츠 raw-only F 보류; 계정 행 유지"
"376","hisutamine","국내 약사 인플루언서","14000","2","완료","1","2026-08-10T13:21:34+09:00","기존 canonical 계정 직접 대조; 후보 릴스 17시간 전 표시; 좋아요 669·댓글 30·리포스트 141·조회수 미확인; 다이소 영양제 사요·안 사요 비교와 성분·함량·원료사 기준; 최근 90일 안이라 contents.csv F·게이트 통과; 기존 계정 행 유지"
"377","yak_minam","국내 약사 인플루언서","12000","2","완료","1","2026-08-10T13:21:34+09:00","기존 canonical 계정 직접 대조; 후보 릴스 17주·4월 8일 표시; 좋아요 44·댓글 130·리포스트 3·조회수 미확인; 영양제 티어표 댓글 키워드·DM CTA; 최근 90일 밖이라 콘텐츠 raw-only F 보류; 계정 행 유지"
