핸들,이름,계정유형,국가,팔로워,게시물수,최근30일게시수,최근12개중앙조회수,최고조회수,배수상위3개,평소좋아요율,주력카테고리,최근20개중광고수,공구·판매링크운영,배정적합(김·오·선),등급(S·A·B·제외),허수판정,허수사유,마지막정면채굴일시,마지막확인shortcode,재방문예정일,발굴경로(엔진·시드계정),이계정채택수,사람검토,사람메모
o2yaksa,산소약사 김정현,국내 약사 인플루언서,,2.4만,268,,,,,,건강/뷰티,,,오약·선영,,실계정,,,DRoaqIXCaxm,,E1 #약사추천,0,,
beautiful_yaksa,뷰약사 ㅣ Healthy life Style l,국내 약사 인플루언서,,2.3만,231,,,,,,뷰티·다이어트·일반영양제,,있음,오약·선영,,실계정,,,DOfKAu0EygQ,,E1 #약사추천,0,,
oyakstory,오약 | 영양제 • 이너뷰티 | 오주헌 약사,국내 약사 인플루언서,,2935,29,,,,,,영양제·이너뷰티·증상,,,김주성·오약,,실계정,,,DbVMg0nvMtU,,E1 #약사추천,0,,
eunha__yak,은하약사 | 손혜림,국내 약사 인플루언서,한국,11.3만,491,,,,,,여성건강·가족건강·어린이건강·임신,,있음,김주성·오약·선영,B,실계정,,2026-08-05T04:20:28+09:00,,,E1 공개 웹 후보·Instagram 직접 확인,0,,공개 프로필에서 인증·약사엄마·의사아빠·아이 건강·여성 건강·건강 상담과 전담약사 하이라이트를 확인; 게시물 본문은 별도 검토 대기
on.yaksa,건강을 ON💡약사 이강미,국내 약사 인플루언서,,2751,152,,,,,,항노화·영양제·피부루틴,,있음,오약·선영,,실계정,,,DYMxNgBP848,,E1 #약사추천,0,,
joy_pharm1212,조이약사 | 수지 조이약국 | 맞춤 건강상담,국내 약사 인플루언서,,157,32,,,,,,약물상호작용·영양제·육아건강,,있음,오약·선영,,실계정,,,DZEOaxNPCMa,,E1 #약사추천,0,,
gangnam_kimyaksa,강남김약사,국내 약사 인플루언서,,944,27,,,,,,건강·뷰티·다이어트·대사,,,김주성·선영,,실계정,,,DYi1ECIvAeJ,,E1 #약사추천,0,,
ej_yaksa,슈가팁스 | 당 관리 루틴 공유하는 약사 김은정,국내 약사 인플루언서,,1455,52,,,,,,혈당·대사·피부·다이어트,,,김주성·선영,,실계정,,,DVGgD6wk1Y8,,E1 #약사추천,0,,
yak.golnam,약골라주는남자 | 약사 박준형,국내 약사 인플루언서,,7911,123,,,,,,의약품·약국템·영양제,,있음,오약·공용,,실계정,,,DXT6okcDyaI,,E1 #약사추천,0,,
hisutamine,오희수｜약사 히수타민,국내 약사 인플루언서,,1.4만,121,,,,,,건강·뷰티·다이어트·영양제,,,김주성·선영,,실계정,,,DXQWklDDxvD,,E1 #약사추천,0,,
oneul_pharmacy,오늘부터 같이 시작해요!ㅣ오늘약사 김세희,국내 약사 인플루언서,,3.2만,289,,,,,,육아·약국템·영양제,,있음,선영·김주성·공용,,실계정,,2026-08-04T20:15:50+09:00,DTUORcskgAp,,E1 #약사추천,0,,
jessi_yaksa,제씨약사 | 뷰티•웰니스•건강 | 제선영,국내 약사 인플루언서,,6725,42,,,,,,피부·뷰티·영양제·여성건강·약국템,,,선영·김주성·오약·공용,,실계정,,2026-08-04T21:26:00+09:00,DbngSZoAnr_,,E1 공개 홈 스토리 후보,0,,
medimantv,약사 메디슨맨 | 장무현,국내 약사 인플루언서,,9만,318,,,,,,영양제·약물안전·여행상비약·피부,,있음,김주성·오약·선영,,실계정,,2026-08-04T21:43:19+09:00,DbRqt7dgKsn,,E1 공개 웹 후보·Instagram 직접 확인,0,,
yakstory119,약들약/고상온,국내 약사 인플루언서,,35.9만,2279,,,,,,영양제·대사·약물안전,,있음,김주성·오약·선영·공용,,실계정,,2026-08-04T22:00:11+09:00,DbnhRjhE-WW,,E1 공개 웹 후보·Instagram 직접 확인,0,,
little_yaksa,리틀약사,국내 약사 인플루언서,,6만,577,,,,,,영양제·약물안전·다이어트·피부,,있음,김주성·오약·선영·공용,,실계정,,2026-08-04T22:11:50+09:00,DbnHipfyF7W,,E1 Instagram 공개 검색·프로필 직접 확인,0,,
yaksa__bubu,육아정보 건강정보 | 약사부부,국내 약사 인플루언서,,9.8만,270,,,,,,건강·뷰티·영양제·육아,,있음,김주성·오약·선영·공용,,실계정,,2026-08-04T22:29:29+09:00,DbkMb9DvqfU,,E1 공개 웹 후보·Instagram 직접 확인,0,,
bbubbu_yaksa,뿌뿌약사 | 김다영,국내 약사 인플루언서,,16.8만,735,,,,,,건강관리·영양제·육아·다이어트,,있음,김주성·오약·선영·공용,,실계정,,2026-08-04T22:47:30+09:00,DbjzceJvqpf,,E1 공개 웹 후보·Instagram 직접 확인,0,,
dasik.yaksa,다식 약사 | 박약다식·박소윤,국내 약사 인플루언서,,10.8만,821,,,,,,영양제·약물안전·다이어트·여성건강·피부,,있음,김주성·오약·선영·공용,,실계정,,2026-08-04T22:57:30+09:00,DbnLUMED-eL,,E1 공개 웹 후보·Instagram 직접 확인,0,,
myo_yaksa,다정한 건강 묘약은 묘약사·김미나,국내 약사 인플루언서,,8.6만,526,,,,,,여성건강·피부·임신준비·생활용품,,있음,김주성·오약·선영·공용,B,,,2026-08-04T23:06:35+09:00,DbnSe7bPVMK,,E1 공개 웹 후보·Instagram 직접 확인,0,,
slowpharmacy,요가강사 슬로우약사 | 아이영양·엄마웰니스,국내 약사 인플루언서,,7445,298,,,,,,아이영양·엄마웰니스·영양제,,있음,김주성·오약·선영·공용,B,실계정,,2026-08-04T23:16:46+09:00,DbgVUFJh7-g,,E1 공개 웹 후보·Instagram 직접 확인,0,,
iam_yaksa,약상담 해드리는 약사임당 | 약사 이수찬,국내 약사 인플루언서,,22.7만,725,,,,,,약상담·영양제·여름철 건강·비타민C,,있음,김주성·오약·선영·공용,B,실계정,,2026-08-04T23:26:37+09:00,DbniqwRz4jS,,E1 공개 웹 후보·Instagram 직접 확인,0,,
byak_yaksa,삐약 약사 | 여성건강 1타 약사 | 임나현,국내 약사 인플루언서,,12.3만,768,,,,,,여성건강·피부·생리·약사교육,,있음,김주성·오약·선영·공용,B,실계정,,2026-08-04T23:30:39+09:00,DbmVHPVmNfA,,E1 공개 웹 후보·Instagram 직접 확인,0,,
awesomeyaksa,어떤약사 | 약사 박지인,국내 약사 인플루언서,,2.3만,221,,,,,,건강·뷰티·혈당·다이어트·아이영양,,있음,김주성·오약·선영·공용,B,실계정,,2026-08-04T23:37:54+09:00,Dbh7e3SibuM,,E1 공개 웹 후보·Instagram 직접 확인,0,,
donggong_yak,동공이 약사,국내 약사 인플루언서,,14.5만,505,,,,,,약국·피부·수면·건강상식·브랜드 협업,,있음,김주성·오약·선영·공용,B,실계정,,2026-08-04T23:46:02+09:00,DbmF-D_To9c,,E1 공개 웹 후보·Instagram 직접 확인,0,,
yaksa_nam,남약사 남기헌 l 임신·난임·출산,국내 약사 인플루언서,,5.4만,464,,,,,,임신·난임·출산·임신 영양제,,있음,김주성·오약·선영·공용,B,실계정,,2026-08-04T23:51:19+09:00,,,E1 공개 웹 후보·Instagram 직접 확인,0,,
jasin_yaksa,자신있는 약상담ㅣ자신약사ㅣ허자신,국내 약사 인플루언서,,8.8만,721,,,,,,건강·뷰티·육아정보·영양제,,,공용,B,실계정,,2026-08-04T23:54:58+09:00,,,E1 공개 웹 후보·Instagram 직접 확인,0,,
good.yaksa,바른약ㅣ약사ㅣ최길문,국내 약사 인플루언서,,28.9만,290,,,,,,건강·뷰티·영양제·성분분석,,,오약·선영·공용,B,실계정,,2026-08-04T23:54:58+09:00,,,E1 공개 웹 후보·Instagram 직접 확인,0,,
gureumpharm,구름약사 박하늘 | 가까이 있는 약사친구,국내 약사 인플루언서,,9.8만,860,,,,,,약국·건강·영양제·심리학,,,오약·선영·공용,B,실계정,,2026-08-05T00:00:46+09:00,,,E1 공개 웹 후보·Instagram 직접 확인,0,,
ggogi_yaksa,꼬기약사 ☆ 고기현,국내 약사 인플루언서,,1.2만,2313,,,,,,건강 큐레이션·영양제·건강정보·스마힐,,,김주성·오약·선영·공용,B,실계정,,2026-08-05T00:00:46+09:00,,,E1 공개 웹 후보·Instagram 직접 확인,0,,
shine_yaksa,샤인약사ㅣ염증 관리 전문 약사ㅣ김혜란,국내 약사 인플루언서,,11.1만,496,,,,,,염증·뱃살·여드름·영양제·건강상담,,,김주성·오약·선영·공용,B,실계정,,2026-08-05T00:00:46+09:00,,,E1 공개 웹 후보·Instagram 직접 확인,0,,
lee_pharmacy_,약빵약사 | Health & Wellness | 서울대 약사,국내 약사 인플루언서,,13.8만,1921,,,,,,건강·뷰티·영양제·쉬운 레시피,,,김주성·오약·선영·공용,B,실계정,,2026-08-05T00:00:46+09:00,,,E1 공개 웹 후보·Instagram 직접 확인,0,,
pharmacist_bin,약사 안효빈,국내 약사 인플루언서,,1609,76,,,,,,약국 건강팁·의료건강·약사 마케팅,,,김주성·오약·선영·공용,B,실계정,,2026-08-05T00:00:46+09:00,,,E1 공개 웹 후보·Instagram 직접 확인,0,,
yak_secret,약사비책 | 약사 고신형,국내 약사 인플루언서,,12.9만,1194,,,,,,혈당·염증·뱃살·영양제·다이어트,,,김주성·오약·선영·공용,B,실계정,,2026-08-05T00:04:50+09:00,,,E1 공개 웹 후보·Instagram 직접 확인,0,,
kkamang_yacksa,스포츠약사·까망약사,국내 약사 인플루언서,,3836,1010,,,,,,스포츠약학·스포츠영양·운동 퍼포먼스,,,김주성·오약·공용,B,실계정,,2026-08-05T00:04:50+09:00,,,E1 공개 웹 후보·Instagram 직접 확인,0,,
dreamyaksa_,이종우 | 드림약사,국내 약사 인플루언서,,15만,487,,,,,,영양제·피부·자기관리·식이섬유,,,김주성·오약·선영·공용,B,실계정,,2026-08-05T00:04:50+09:00,,,E1 공개 웹 후보·Instagram 직접 확인,0,,
wikiyaksa,위키약사 · 이평화,국내 약사 인플루언서,,25.3만,226,,,,,,영양제·가족건강·아빠건강·리포좀,,,김주성·오약·선영·공용,B,실계정,,2026-08-05T00:04:50+09:00,,,E1 공개 웹 후보·Instagram 직접 확인,0,,
realofh2o,약사 이진수💊,국내 약사 인플루언서,,6955,28,,,,,,약물안전·감기·소화·피부,,,김주성·오약·선영·공용,B,실계정,,2026-08-05T00:04:50+09:00,,,E1 공개 웹 후보·Instagram 직접 확인,0,,
hongsee_yaksa,홍시약사 l 홍신영,국내 약사 인플루언서,,1.8만,64,,,,,,영양정보·글루타치온·콜라겐·비타민B·마그네슘,,,김주성·오약·선영·공용,B,실계정,,2026-08-05T00:04:50+09:00,,,E1 공개 웹 후보·Instagram 직접 확인,0,,
charmacist_official,약국체인•약사플랫폼 참약사,국내 메디컬 인접 계정,,4731,438,,,,,,약국·약사플랫폼·약국인테리어·건강기능식품,,,공용,B,실계정,,2026-08-05T00:04:50+09:00,,,E1 공개 웹 후보·Instagram 직접 확인,0,,
friendly_pharmabros_official,친한약사,국내 메디컬 인접 계정,,432,116,,,,,,약사상담 플랫폼·약국·건강정보,,,공용,B,실계정,,2026-08-05T00:09:58+09:00,,,E1 공개 웹 후보·Instagram 직접 확인,0,,
spring_pharmy,봄약사ㅣ 항노화관리 동안 약사,국내 약사 인플루언서,,7.5만,666,,,,,,항노화·운동·식습관·영양제,,있음,김주성·오약·선영·공용,B,실계정,,2026-08-05T00:09:58+09:00,,,E1 공개 웹 후보·Instagram 직접 확인,0,,
lilly_yaksa,릴리 김소정 | 쉽고 정직한 건강정보,국내 메디컬 인접 계정,,27.5만,1683,,,,,,건강정보·영양제·맞춤상담,,,공용,B,실계정,,2026-08-05T00:09:58+09:00,,,E1 공개 웹 후보·Instagram 직접 확인,0,,
yaksawiki,김현영,해외 약사 인플루언서,,5515,17,,,,,,호주·한국 약사·유튜브·건강정보,,,공용,B,실계정,,2026-08-05T00:09:58+09:00,,,E1 공개 웹 후보·Instagram 직접 확인,0,,
onnuripharmacy,온누리약국 공식 인스타그램,국내 메디컬 인접 계정,,9108,763,,,,,,약국체인·약국영양제·건강정보,,,공용,B,실계정,,2026-08-05T00:12:37+09:00,,,E1 공개 웹 후보·Instagram 직접 확인,0,,
cellmed.official,셀메드,국내 메디컬 인접 계정,,9821,137,,,,,,약국전용 영양제·약국찾기·건강정보,,,공용,B,실계정,,2026-08-05T00:12:37+09:00,,,E1 공개 웹 후보·Instagram 직접 확인,0,,
choeunpharm,조은영,국내 약사 인플루언서,,200,83,,,,,,약국영양제·영양정보·약국상담·건강정보,,있음,김주성·오약·선영·공용,B,실계정,,2026-08-05T00:12:37+09:00,,,E1 공개 웹 후보·Instagram 직접 확인,0,,
medi2388_,약사가든,국내 약사 인플루언서,,260,241,,,,,,약국·영양·운동·마인드,,,김주성·오약·선영·공용,B,실계정,,2026-08-05T00:12:37+09:00,,,E1 공개 웹 후보·Instagram 직접 확인,0,,
swmedical_official,수원메디칼약국,국내 메디컬 인접 계정,,135,143,,,,,,지역 약국·약국영양제·건강정보,,,공용,B,실계정,,2026-08-05T00:12:37+09:00,,,E1 공개 웹 후보·Instagram 직접 확인,0,,
connectcare_official,커넥트케어-약·올바르게 복용하자,국내 메디컬 인접 계정,,2933,323,,,,,,복약관리·맞춤영양제·약사상담,,,공용,B,실계정,,2026-08-05T00:16:39+09:00,,,E1 공개 웹 후보·Instagram 직접 확인,0,,
vippharm,약사의마을,국내 메디컬 인접 계정,,1132,157,,,,,,건강 큐레이션·약국·영양정보,,,공용,B,실계정,,2026-08-05T00:16:39+09:00,,,E1 공개 웹 후보·Instagram 직접 확인,0,,
sani_and_haeng,사니엘블랑 𝑠𝑎𝑛𝑖 𝐿 / 르메이엘 𝑙𝑒 𝑚𝑒𝑖𝑙𝑙,국내 메디컬 인접 계정,,21.2만,7857,,,,,,문제성피부·체중관리·뷰티브랜드·건강기능식품,,,공용,B,실계정,,2026-08-05T00:16:39+09:00,,,E1 공개 웹 후보·Instagram 직접 확인,0,,
official_medicoach,맞춤영양제 메디코치 | MEDICOACH,국내 메디컬 인접 계정,,4608,201,,,,,,맞춤영양제·건강데이터·약사상담,,,공용,B,실계정,,2026-08-05T00:16:39+09:00,,,E1 공개 웹 후보·Instagram 직접 확인,0,,
simple.yaksa,심플약사 | 이상민,국내 약사 인플루언서,,13.6만,203,,,,,,영양제·마그네슘·생활건강·유튜브,,있음,김주성·오약·선영·공용,B,실계정,,2026-08-05T00:16:39+09:00,,,E1 공개 웹 후보·Instagram 직접 확인,0,,
_eoyeomo_official,어여모,국내 메디컬 인접 계정,,1558,201,,,,,,어린이·여성건강·약사모임·임산부상담,,,공용,B,실계정,,2026-08-05T00:20:29+09:00,,,E1 공개 웹 후보·Instagram 직접 확인,0,,
myyaksa,장세경 마이약사 | 건강·피부·일상,국내 약사 인플루언서,,2.8만,115,,,,,,건강·피부·영양제·약국,,,김주성·오약·선영·공용,B,실계정,,2026-08-05T00:20:29+09:00,,,E1 공개 웹 후보·Instagram 직접 확인,0,,
dobi_yaksa,당신의 건강습관 메이커 | 도비약사 | 정인지,국내 약사 인플루언서,,15.5만,1468,,,,,,영양제·먹거리·육아·건강습관,,있음,김주성·오약·선영·공용,B,실계정,,2026-08-05T00:20:29+09:00,,,E1 공개 웹 후보·Instagram 직접 확인,0,,
jy_yaksa,주연약사 | 피부&건강&관리,국내 약사 인플루언서,,7.7만,188,,,,,,피부·상비약·영양제·여드름,,,김주성·오약·선영·공용,B,실계정,,2026-08-05T00:20:29+09:00,,,E1 공개 웹 후보·Instagram 직접 확인,0,,
ssok_yaksa,여성건강에 필요한정보만 쏙! | 쏙약사,국내 약사 인플루언서,,2.3만,168,,,,,,여성건강·임신준비·영양제·식재료,,있음,김주성·오약·선영·공용,B,실계정,,2026-08-05T00:20:29+09:00,,,E1 공개 웹 후보·Instagram 직접 확인,0,,
woojoobe.yak,우주비 | 약사엄마ㆍ건강 육아,국내 약사 인플루언서,,2.1만,255,,,,,,육아·키즈건강·영양제·엄마건강,,있음,김주성·오약·선영·공용,B,실계정,,2026-08-05T00:24:10+09:00,,,E1 공개 웹 후보·Instagram 직접 확인,0,,
ggnn_yaksa,정세운약사의 건강나눔,국내 약사 인플루언서,,1.1만,310,,,,,,면역·탈모·장건강·피부건강·건강기능식품,,있음,김주성·오약·선영·공용,B,실계정,,2026-08-05T00:24:10+09:00,,,E1 공개 웹 후보·Instagram 직접 확인,0,,
yak.filter,필터약사 신동호ㅣ딸에게 꼭 알려주고싶은 여성건강 tmi,국내 약사 인플루언서,,4.2만,159,,,,,,여성건강·임신준비·출산·육아·아이영양제,,있음,김주성·오약·선영·공용,B,실계정,,2026-08-05T00:24:10+09:00,,,E1 공개 웹 후보·Instagram 직접 확인,0,,
dani_yaksa,다니 약사 | 강단 | 육아 건강 정보,국내 약사 인플루언서,,2.1만,87,,,,,,육아·영양제·워킹맘·건강정보,,있음,김주성·오약·선영·공용,B,실계정,,2026-08-05T00:24:10+09:00,,,E1 공개 웹 후보·Instagram 직접 확인,0,,
yaksasum,약사슴 | 약사 박혜지,국내 약사 인플루언서,,1.2만,325,,,,,,웰니스·피부·다이어트·가족건강,,있음,김주성·오약·선영·공용,B,실계정,,2026-08-05T00:24:10+09:00,,,E1 공개 웹 후보·Instagram 직접 확인,0,,
run.pharmacist,런약사,국내 약사 인플루언서,,9820,795,,,,,,러닝·운동·약국·가족건강,,,김주성·오약·공용,B,실계정,,2026-08-05T00:27:51+09:00,,,E1 공개 웹 후보·Instagram 직접 확인,0,,
yaksamom,약사맘 👩🏻‍⚕️ 박신영 | 건강·피부에 진심인 약사,국내 약사 인플루언서,,12.9만,5617,,,,,,피부·영양제·여성건강·약국,,있음,김주성·오약·선영·공용,B,실계정,,2026-08-05T00:27:51+09:00,,,E1 공개 웹 후보·Instagram 직접 확인,0,,
peurajo,프라조,국내 메디컬 인접 계정,,27,326,,,,,,영양제·비타민·칼슘·유산균·블로그,,,공용,B,실계정,,2026-08-05T00:27:51+09:00,,,E1 공개 웹 후보·Instagram 직접 확인,0,,
kangsoyeon__,강소연 Kang So Yeon,국내 메디컬 인접 계정,,153만,290,,,,,,건강뷰티·뷰티브랜드·글로벌 아티스트,,,공용,B,실계정,,2026-08-05T00:27:51+09:00,,,E1 공개 웹 후보·Instagram 직접 확인,0,,
teri_yaksa,온가족 건강 지킴이ㅣ태리약사 김경은,국내 약사 인플루언서,,15.6만,1687,,,,,,가족건강·면역·다이어트·여성건강·피로회복,,있음,김주성·오약·선영·공용,B,실계정,,2026-08-05T00:31:08+09:00,,,E1 공개 웹 후보·Instagram 직접 확인,0,,
cellromax_official,셀로맥스 | 약국 건기식·화장품·OTC,국내 메디컬 인접 계정,,1218,27,,,,,,약국건기식·화장품·OTC·라이프케어,,,공용,B,실계정,,2026-08-05T00:31:08+09:00,,,E1 공개 웹 후보·Instagram 직접 확인,0,,
veteranhospital,베테랑병원,국내 메디컬 인접 계정,,524,348,,,,,,정형외과·신경외과·내과·건강검진,,,공용,B,실계정,,2026-08-05T00:31:08+09:00,,,E1 공개 웹 후보·Instagram 직접 확인,0,,
woori_yaksa,빼자언니 💗 우리약사 | 배혜정,국내 약사 인플루언서,,6.3만,463,,,,,,혈당·염증·뱃살·웰니스·영양제,,있음,김주성·오약·선영·공용,B,실계정,,2026-08-05T00:31:08+09:00,,,E1 공개 웹 후보·Instagram 직접 확인,0,,
ayak_official,아약,국내 메디컬 인접 계정,,546,64,,,,,,약사상담·영양제·약국·건강/뷰티,,,공용,B,실계정,,2026-08-05T00:31:08+09:00,,,E1 공개 웹 후보·Instagram 직접 확인,0,,
ivywellness_official,아이비웰니스 | 서울대 약사개발 영양제 브랜드,국내 메디컬 인접 계정,,886,397,,,,,,약사개발 영양제 브랜드·커큐민·오메가3·혈당,,,공용,B,실계정,,2026-08-05T00:34:43+09:00,,,E1 공개 웹 후보·Instagram 직접 확인,0,,
korea_anti_doping_agency,한국도핑방지위원회(공식 계정),국내 메디컬 인접 계정,,1.7만,936,,,,,,스포츠·도핑방지·선수건강·약물안전,,,공용,B,실계정,,2026-08-05T00:34:43+09:00,,,E1 공개 웹 후보·Instagram 직접 확인,0,,
bbuuu_yaksa,쀼약사 l 변종석,국내 약사 인플루언서,,9.8만,728,,,,,,임신준비·출산·육아·임신영양제,,있음,김주성·오약·선영·공용,B,실계정,,2026-08-05T00:37:46+09:00,,,E1 공개 웹 후보·Instagram 직접 확인,0,,
liz_yaksa,리즈약사 | 박보람,국내 약사 인플루언서,,9.6만,1175,,,,,,어린이영양제·가족건강·영양제,,있음,김주성·오약·선영·공용,B,실계정,,2026-08-05T00:37:46+09:00,,,E1 공개 웹 후보·Instagram 직접 확인,0,,
ddib_yaksa,띱약사 조연서 | 영양제 • 이너뷰티 약사,국내 약사 인플루언서,한국,2.7만,296,,,,,,영양제·이너뷰티·건강/뷰티,,있음,김주성·오약·선영,B,실계정,,2026-08-05T04:11:27+09:00,,,E1 공개 웹 후보·Instagram 직접 확인,0,,공개 프로필에서 인증·약사·영양제와 이너뷰티 검증 기준·공구 일정 하이라이트를 확인; 게시물 본문은 별도 검토 대기
bro_yaksa,𝗕𝗿𝗼 𝗛𝗲𝗮𝗹𝘁𝗵 𝗖𝗮𝗿𝗲 | 형제약사 | 최형재,국내 약사 인플루언서,,11.3만,1058,,,,,,만성염증·영양제·웰니스·약사상담,,있음,김주성·오약·선영·공용,B,실계정,,2026-08-05T00:37:46+09:00,,,E1 공개 웹 후보·Instagram 직접 확인,0,,
do_u.know.hs,두유노건기식,국내 메디컬 인접 계정,,670,136,,,,,,약대생·건강기능식품·학술·교육,,,공용,B,실계정,,2026-08-05T00:37:46+09:00,,,E1 공개 웹 후보·Instagram 직접 확인,0,,
health_in_news,헬스인뉴스 health_in_news,국내 메디컬 인접 계정,,1.1만,277,,,,,,건강전문매체·정신건강·건강검진·수면,,,공용,B,실계정,,2026-08-05T00:37:46+09:00,,,E1 공개 웹 후보·Instagram 직접 확인,0,,
zion_womens,시온여성병원,국내 메디컬 인접 계정,,742,785,,,,,,산부인과·임신·출산·여성건강,,,공용,B,실계정,,2026-08-05T00:37:46+09:00,,,E1 공개 웹 후보·Instagram 직접 확인,0,,
pill_yaksa,필약사 · 염증·순환·저속노화,국내 약사 인플루언서,,3.5만,181,,,,,,염증·순환·저속노화·영양제·여성건강,,있음,김주성·오약·선영·공용,B,실계정,,2026-08-05T00:44:26+09:00,,,E1 공개 웹 후보·Instagram 직접 확인,0,,
jenny_yaksa,몸짱약사민재원 · 제니약사,국내 약사 인플루언서,,4.9만,3903,,,,,,건강·뷰티·영양제,,있음,김주성·오약·선영·공용,B,실계정,,2026-08-05T00:44:26+09:00,,,E1 공개 웹 후보·Instagram 직접 확인,0,,
pharmway,팜웨이 · 약사전문 학술도서,국내 메디컬 인접 계정,,3133,164,,,,,,약사 전문 도서·학술·스포츠영양,,있음,공용,B,실계정,,2026-08-05T00:44:26+09:00,,,E1 공개 웹 후보·Instagram 직접 확인,0,,
fitamin_official,핏타민,국내 메디컬 인접 계정,,5505,225,,,,,,맞춤영양제·건강·뷰티,,있음,공용,B,실계정,,2026-08-05T00:44:26+09:00,,,E1 공개 웹 후보·Instagram 직접 확인,0,,
ohshu_market,오슈마켓 · 믿쓰오,국내 메디컬 인접 계정,,1.4만,5335,,,,,,건강식품·마켓·영양제,,있음,공용,B,실계정,,2026-08-05T00:44:26+09:00,,,E1 공개 웹 후보·Instagram 직접 확인,0,,
beige_yaksa,베이지약사 · 베스트 & 이지 · 우수빈,국내 약사 인플루언서,,11.2만,601,,,,,,영양제·가족건강·아이성장·맞춤상담,,있음,김주성·오약·선영·공용,B,실계정,,2026-08-05T00:51:07+09:00,,,E1 공개 웹 후보·Instagram 직접 확인,0,,
strawberry_yaksa,유선영(딸기약사),국내 약사 인플루언서,한국,8.7만,1498,,,,,,어린이건강·엄마건강·여성건강·영양제,,있음,김주성·오약·선영,B,실계정,,2026-08-05T04:11:27+09:00,,,E1 공개 웹 후보·Instagram 직접 확인,0,,공개 프로필에서 인증·엄마 약사·아이와 가족 건강·상담 채널을 확인; 게시물 본문은 별도 검토 대기
supermom_yaksa,슈퍼맘약사 · 임유미,국내 약사 인플루언서,,17.6만,2391,,,,,,엄마건강·건강검증·영양제·오메가3,,있음,김주성·오약·선영·공용,B,실계정,,2026-08-05T00:51:07+09:00,,,E1 공개 웹 후보·Instagram 직접 확인,0,,
ggul_yaksa,꿀약사 · 건강 꿀팁,국내 약사 인플루언서,,1014,27,,,,,,건강정보·약 이야기·여성건강·육아,,,김주성·오약·선영·공용,B,실계정,,2026-08-05T00:51:07+09:00,,,E1 공개 웹 후보·Instagram 직접 확인,0,,
yewon.bak,약사 박예원,국내 약사 인플루언서,,5.5만,81,,,,,,아이 성장·성장식단·영양·약국일상,,있음,김주성·오약·선영·공용,B,실계정,,2026-08-05T00:51:07+09:00,,,E1 공개 웹 후보·Instagram 직접 확인,0,,
salt.yaksa,소금약사 · 정소민,국내 약사 인플루언서,,3.5만,237,,,,,,성분중심·약국템·뷰티템·영양제,,있음,김주성·오약·선영·공용,B,실계정,,2026-08-05T00:51:07+09:00,,,E1 공개 웹 후보·Instagram 직접 확인,0,,
lemonpharmacy38,참약사 레몬약국,국내 메디컬 인접 계정,,500,2,,,,,,맞춤영양제·피로·수면·장건강,,있음,공용,B,실계정,,2026-08-05T01:03:22+09:00,,,E1 공개 웹 후보·Instagram 직접 확인,0,,
yusung_pharmacy,유성약국 · 종로약국,국내 메디컬 인접 계정,,614,50,,,,,,약국·의약품·건강기능식품·피부미용,,있음,공용,B,실계정,,2026-08-05T01:03:22+09:00,,,E1 공개 웹 후보·Instagram 직접 확인,0,,
hyemin.hospital,혜민병원,국내 메디컬 인접 계정,,1240,756,,,,,,병원·건강정보·의료서비스,,있음,공용,B,실계정,,2026-08-05T01:03:22+09:00,,,E1 공개 웹 후보·Instagram 직접 확인,0,,
glucom_official,온누리Health 글루콤,국내 메디컬 인접 계정,,629,46,,,,,,피로회복·의약품·영양제 브랜드,,,공용,B,실계정,,2026-08-05T01:03:22+09:00,,,E1 공개 웹 후보·Instagram 직접 확인,0,,
gachiyaksa,가치약사 · 가치로운 건강 영양제 상담,국내 약사 인플루언서,,8111,551,,,,,,복약지도·영양제·건강검진·건강기능식품·상담,,있음,김주성·오약·선영·공용,B,실계정,,2026-08-05T01:06:36+09:00,,,E1 공개 웹 후보·Instagram 직접 확인,0,,
ssofit_yaksa,"쏘핏 소 윤ㅣ건강꿀팁, 활력, 염증타파",국내 메디컬 인접 계정,한국,14.2만,964,,,,,,웰니스·이너뷰티·영양제·염증관리,,있음,김주성·오약·선영,B,실계정,,2026-08-05T04:11:27+09:00,,,E1 공개 웹 후보·Instagram 직접 확인,0,,공개 프로필에서 건강·에너지·이노시톨·글루타치온·리버클렌즈 상품 소개를 확인했으나 약사 직함이 없어 인접 계정으로 분류; 게시물 본문은 별도 검토 대기
somda.park,다니맘 · 박다솜,국내 메디컬 인접 계정,,2만,406,,,,,,임신·육아·수면·여성건강·공구,,있음,공용,B,실계정,,2026-08-05T01:06:36+09:00,,,E1 공개 웹 후보·Instagram 직접 확인,0,,
mariababy_official,마리아병원,국내 메디컬 인접 계정,,5056,282,,,,,,난임·임신·출산·여성건강·병원,,있음,공용,B,실계정,,2026-08-05T01:06:36+09:00,,,E1 공개 웹 후보·Instagram 직접 확인,0,,
loveplan__,러브플랜,국내 메디컬 인접 계정,,5215,337,,,,,,성건강·피임·임신·출산·상담·공공기관,,있음,공용,B,실계정,,2026-08-05T01:06:36+09:00,,,E1 공개 웹 후보·Instagram 직접 확인,0,,
presolar_official,프리솔라 PRESOLAR,국내 메디컬 인접 계정,,1748,268,,,,,,여성건강·임신·수유·건강기능식품·약사설계,,있음,공용,B,실계정,,2026-08-05T01:13:59+09:00,,,E1 공개 웹 후보·Instagram 직접 확인,0,,
mango._.baby,예비 엄마 임신 준비 일기,국내 메디컬 인접 계정,,561,30,,,,,,임신준비·임신·예비엄마·정보공유,,있음,공용,B,실계정,,2026-08-05T01:13:59+09:00,,,E1 공개 웹 후보·Instagram 직접 확인,0,,
dr.jungsodam,정소담,국내 메디컬 인접 계정,,11.8만,6767,,,,,,건강·뷰티·스킨케어·이너뷰티·의사,,있음,공용,B,실계정,,2026-08-05T01:13:59+09:00,,,E1 공개 웹 후보·Instagram 직접 확인,0,,
mypill_inc,마이필,국내 메디컬 인접 계정,,1367,296,,,,,,맞춤영양·임산부·건강관리·헬스케어,,있음,공용,B,실계정,,2026-08-05T01:13:59+09:00,,,E1 공개 웹 후보·Instagram 직접 확인,0,,
timepharm,염혜진약사|타임팜|인생약사,국내 약사 인플루언서,,5112,1360,,,,,,약학·영양제·건강수명·장수식사,,있음,김주성·오약·선영·공용,B,실계정,,2026-08-05T01:22:46+09:00,,,E1 공개 웹 후보·Instagram 직접 확인,0,,
jay_yaksa,제이약사 ㅣ 전종열,국내 약사 인플루언서,,5.1만,89,,,,,,약학·영양제·화장품·상담,,있음,김주성·오약·선영·공용,B,실계정,,2026-08-05T01:22:46+09:00,,,E1 공개 웹 후보·Instagram 직접 확인,0,,
kpanet_official,대한약사회,국내 메디컬 인접 계정,,3110,172,,,,,,약사공공기관·공공심야약국·휴일지킴이약국·건강정보,,있음,공용,B,실계정,,2026-08-05T01:22:46+09:00,,,E1 공개 웹 후보·Instagram 직접 확인,0,,
yak_father,아빠약사 | 아이영양정보 & 육아정보 | 고운현,국내 약사 인플루언서,,5.3만,193,,,,,,어린이영양·육아·약정보·수면·면역,,있음,김주성·오약·선영·공용,B,실계정,,2026-08-05T01:25:50+09:00,,,E1 공개 웹 후보·Instagram 직접 확인,0,,
icmcseoul,가톨릭대학교 서울성모병원,국내 메디컬 인접 계정,,6312,2045,,,,,,병원·건강정보·영양·서울성모병원,,있음,공용,B,실계정,,2026-08-05T01:25:50+09:00,,,E1 공개 웹 후보·Instagram 직접 확인,0,,
ez_yaksa,이지부부약사,국내 약사 인플루언서,,500,24,,,,,,의료·건강정보·약국·가족건강,,있음,김주성·오약·선영·공용,B,실계정,,2026-08-05T01:39:56+09:00,,,E1 공개 웹 후보·Instagram 직접 확인,0,,
papas.promise,아빠의 약속,국내 메디컬 인접 계정,,240,16,,,,,,키즈웰니스·어린이건강·약사브랜드·육아,,있음,공용,B,실계정,,2026-08-05T01:39:56+09:00,,,E1 공개 웹 후보·Instagram 직접 확인,0,,
alpaca_yaksa,알파카약사 | 윤유현 | 영양제·건강 상담,국내 약사 인플루언서,,6.1만,374,,,,,,약학·영양제·건강상담·엄마건강·공구,,있음,김주성·오약·선영·공용,B,실계정,,2026-08-05T01:39:56+09:00,,,E1 공개 웹 후보·Instagram 직접 확인,0,,
nutrii_official,뉴트리아이,국내 메디컬 인접 계정,,611,752,,,,,,어린이영양·건기식·약국브랜드·영양제,,있음,공용,B,실계정,,2026-08-05T01:39:56+09:00,,,E1 공개 웹 후보·Instagram 직접 확인,0,,
ourpharm_official,아워팜 Ourpharm.,국내 메디컬 인접 계정,,2640,30,,,,,,약국·건강기능식품·제약회사·원료·기능성,,있음,공용,B,실계정,,2026-08-05T01:39:56+09:00,,,E1 공개 웹 후보·Instagram 직접 확인,0,,
dana_pharmacy_,평택시약사 / 평택다나약국,국내 메디컬 인접 계정,,447,211,,,,,,약국·지역건강·복약지도·지역의료,,있음,공용,B,실계정,,2026-08-05T01:43:04+09:00,,,E1 공개 웹 후보·Instagram 직접 확인,0,,
bebememo_kr,베베메모,국내 메디컬 인접 계정,,3.4만,483,,,,,,영유아·육아·배변훈련·가족건강·앱,,있음,공용,B,실계정,,2026-08-05T01:43:04+09:00,,,E1 공개 웹 후보·Instagram 직접 확인,0,,
heimish__h_,헤이미쉬에이치_H언니의 선물템들,국내 메디컬 인접 계정,,3835,1124,,,,,,건강·육아·공구·생활용품·영양제,,있음,공용,B,실계정,,2026-08-05T01:43:04+09:00,,,E1 공개 웹 후보·Instagram 직접 확인,0,,
time4pharm,약먹을시간,국내 약사 인플루언서,,2838,388,,,,,,약정보·건강·약사듀오·복약상담,,있음,김주성·오약·선영·공용,B,실계정,,2026-08-05T01:43:04+09:00,,,E1 공개 웹 후보·Instagram 직접 확인,0,,
official_naproud,naproud 나프라우드,국내 메디컬 인접 계정,,258,61,,,,,,건강정보·어린이건강·피부·성분표·가족건강,,있음,공용,B,실계정,,2026-08-05T01:51:33+09:00,,,E1 공개 웹 후보·Instagram 직접 확인,0,,
yakdangdang,약당당 | 약사 이현정,국내 약사 인플루언서,,10.9만,611,,,,,,피부·이너뷰티·영양제·약사,,있음,김주성·오약·선영,B,실계정,,2026-08-05T01:55:28+09:00,,,E1 공개 웹 후보·Instagram 직접 확인,0,,
gunginam_tv,건기남,국내 메디컬 인접 계정,,2.6만,283,,,,,,건강기능식품·영양제·의학영양·제조·유통,,있음,공용,B,실계정,,2026-08-05T01:55:28+09:00,,,E1 공개 웹 후보·Instagram 직접 확인,0,,
jaedol_yaksa,재돌약사 이재연 | 제대로 돌아가는 건강루틴✨,국내 약사 인플루언서,,1.9만,344,,,,,,임신·출산·영양제·여성건강·혈당·웰에이징,,있음,김주성·오약·선영,B,실계정,,2026-08-05T01:58:24+09:00,,,E1 공개 웹 후보·Instagram 직접 확인,0,,
yeogi_yaksa,여기약사 박현지 | 여성건강·임신준비·노산·난임,국내 약사 인플루언서,한국,7309,119,,,,,,여성건강·임신준비·난임·임산부영양제·약국,,있음,김주성·오약·선영,B,실계정,,2026-08-05T04:20:28+09:00,,,E1 공개 웹 후보·Instagram 직접 확인,0,,공개 프로필에서 인증·연세대 출신 약사·여성병원 옆 약사와 여성건강·임신준비 소개·관련 하이라이트를 확인; 게시물 본문은 별도 검토 대기
ummayaksa,엄마약사,국내 약사 인플루언서,,1537,780,,,,,,어린이건강·여성건강·임산부상담·약사모임,,있음,김주성·오약·선영,B,실계정,,2026-08-05T02:01:59+09:00,,,E1 공개 웹 후보·Instagram 직접 확인,0,,
miyu_pharm,비행약사,국내 약사 인플루언서,,1531,34,,,,,,여행·일상·자기관리·약국·영양제,,없음,김주성·오약·선영,B,실계정,,2026-08-05T02:04:19+09:00,,,E1 공개 웹 후보·Instagram 직접 확인,0,,
yakin_magazine,yakin_magazine,국내 메디컬 인접 계정,,1430,151,,,,,,건강·영양제·디지털 콘텐츠,,있음,공용,B,실계정,,2026-08-05T02:04:19+09:00,,,E1 공개 웹 후보·Instagram 직접 확인,0,,
dongne__yaksa,동네약사 김학용,국내 약사 인플루언서,,5.6만,169,,,,,,혈당·염증·다이어트·직장인 건강관리·약국,,있음,김주성·오약·선영,B,실계정,,2026-08-05T02:07:04+09:00,,,E1 공개 웹 후보·Instagram 직접 확인,0,,
__kang.yaksa,강약사 • Pharmacist • 강정이,국내 약사 인플루언서,,5.7만,1148,,,,,,영양제·여성건강·다이어트·혈당·웰니스,,있음,김주성·오약·선영,B,실계정,,2026-08-05T02:10:10+09:00,,,E1 공개 웹 후보·Instagram 직접 확인,0,,
sonyaksa_lab,손약사의 건강연구소 I 약사 손민수,국내 약사 인플루언서,,2.5만,113,,,,,,만성염증·혈당·소화·피부·여성건강·수면,,있음,김주성·오약·선영,B,실계정,,2026-08-05T02:12:40+09:00,,,E1 공개 웹 후보·Instagram 직접 확인,0,,
thefitpharmacist,The Fit Pharmacist | GYM | Supplements | Nutrition,해외 약사 인플루언서,,15,71,,,,,,피트니스·영양·보충제·약사+영양사,,,공용,B,실계정,,2026-08-05T01:32:31+09:00,,,E1 공개 웹 후보·Instagram 직접 확인,0,,
thefulfilledpharmacist,Lisa Anne King,해외 약사 인플루언서,,2.5만,2479,,,,,,여성건강·폐경·약사·웰니스,,있음,공용,B,실계정,,2026-08-05T01:32:31+09:00,,,E1 공개 웹 후보·Instagram 직접 확인,0,,
pharmacist.jen,Pharmacist Jen,해외 약사 인플루언서,,78,24,,,,,,스킨케어·웰니스·온라인 약사상담,,있음,공용,B,실계정,,2026-08-05T01:32:31+09:00,,,E1 공개 웹 후보·Instagram 직접 확인,0,,
cho_yak,"쪼약사, 조수진",국내 약사 인플루언서,,4.9만,364,,,,,,소아건강·여성건강·탈모·피부·약국,,있음,김주성·오약·선영,B,실계정,,2026-08-05T02:16:09+09:00,,,E1 공개 웹 후보·Instagram 직접 확인,0,,
time_yaksa,타임약사ㅣ최준혁,국내 약사 인플루언서,,1.9만,134,,,,,,복약지도·영양제·소화·탈모·약국,,있음,김주성·오약·선영,B,실계정,,2026-08-05T02:16:09+09:00,,,E1 공개 웹 후보·Instagram 직접 확인,0,,
kkumyak,약사 | 이동섭,국내 약사 인플루언서,,8.9만,300,,,,,,약·영양제·피부·여성건강·소화,,있음,김주성·오약·선영,B,실계정,,2026-08-05T02:21:35+09:00,,,E1 공개 웹 후보·Instagram 직접 확인,0,,
dr.hair_lee,압구정 헤어닥터 이건민,국내 메디컬 인접 계정,,2.1만,256,,,,,,탈모·피부과·모발이식·두피,,있음,김주성·오약·선영,B,실계정,,2026-08-05T02:25:33+09:00,,,E1 공개 웹 후보·Instagram 직접 확인,0,,
doctor_hwany,이동환,국내 메디컬 인접 계정,,3.2만,477,,,,,,기능의학·항노화·영양·비만·건강,,있음,김주성·오약·선영,B,실계정,,2026-08-05T02:28:21+09:00,,,E1 공개 웹 후보·Instagram 직접 확인,0,,
onda_pharmacist,온다약사,국내 약사 인플루언서,,1.3만,221,,,,,,해독·순환·뷰티·영양제·약국,,있음,김주성·오약·선영,B,실계정,,2026-08-05T02:28:21+09:00,,,E1 공개 웹 후보·Instagram 직접 확인,0,,
zeroderma_official,강남역피부과 | 피부과전문의 | 제로피부과의원,국내 메디컬 인접 계정,,1825,173,,,,,,피부과·여드름·피부시술·진료,,있음,김주성·오약·선영,B,실계정,,2026-08-05T02:31:13+09:00,,,E1 공개 웹 후보·Instagram 직접 확인,0,,
pink_yak_,핑크약 | 약사 박지현 | 여성건강·임신준비,국내 약사 인플루언서,,6.5만,164,,,,,,여성건강·임신준비·난소·유방·자궁,,있음,김주성·오약·선영,B,실계정,,2026-08-05T02:32:53+09:00,,,E1 공개 웹 후보·Instagram 직접 확인,0,,
muse_yaksa,뮤즈약사 은지,국내 약사 인플루언서,,40,16,,,,,,뷰티·다이어트·약국·영양제,,없음,김주성·오약·선영,B,실계정,,2026-08-05T02:35:17+09:00,,,E1 공개 웹 후보·Instagram 직접 확인,0,,
dr_park_skin,솔직한 의사 파크 | K-뷰티 | 영양제,국내 메디컬 인접 계정,,1.8만,86,,,,,,피부·영양제·K-뷰티·화장품,,있음,김주성·오약·선영,B,실계정,,2026-08-05T02:37:45+09:00,,,E1 공개 웹 후보·Instagram 직접 확인,0,,
knjbio.official,김남주바이오,국내 메디컬 인접 계정,,1008,245,,,,,,건강기능식품·장건강·소화·유산균,,있음,김주성·오약·선영,B,실계정,,2026-08-05T02:39:57+09:00,,,E1 공개 웹 후보·Instagram 직접 확인,0,,
innerdew.official,InnerDew 이너듀,국내 메디컬 인접 계정,,280,8,,,,,,이너뷰티·다이어트·피부·영양제,,없음,김주성·오약·선영,B,실계정,,2026-08-05T02:41:18+09:00,,,E1 공개 웹 후보·Instagram 직접 확인,0,,
daewonpharm,대원제약 (Daewon Pharm),국내 메디컬 인접 계정,,1854,133,,,,,,제약회사·건강정보·수면·고혈압·영양관리,,있음,김주성·오약·선영,B,실계정,,2026-08-05T02:43:10+09:00,,,E1 공개 웹 후보·Instagram 직접 확인,0,,
ana_yaksa,아나약사 | 김진아 • 건강 • 뷰티,국내 약사 인플루언서,,4.5만,274,,,,,,호르몬·만성염증·인슐린저항성·다이어트·여성건강,,있음,김주성·오약·선영,B,실계정,,2026-08-05T02:46:26+09:00,,,E1 공개 웹 후보·Instagram 직접 확인,0,,
onyoubio,온유 | 온유바이오 | 온유약국 비오틴 | 침향 | 파인애플효소,국내 메디컬 인접 계정,,6107,337,,,,,,온유약국·건강기능식품·비오틴·침향·효소·약사상담,,있음,김주성·오약·선영,B,실계정,,2026-08-05T02:52:03+09:00,,,E1 공개 웹 후보·Instagram 직접 확인,0,,
baropharm_official,바로팜 공식계정 약사 커뮤니티ㅣ팜올플러스,국내 메디컬 인접 계정,,6752,167,,,,,,약사커뮤니티·전문가상담·약국생활·학술·건강기능식품·약사교육,,있음,김주성·오약·선영,B,실계정,,2026-08-05T02:54:52+09:00,,,E1 공개 웹 후보·Instagram 직접 확인,0,,
yy_yaksa,잉양약사 이종률 | 유·소아·어린이 영양제 상담 전문,국내 약사 인플루언서,,250,46,,,,,,유·소아·어린이 영양제·소아과 약국·영양상담·한방·약국운영,,있음,김주성·오약·선영,B,실계정,,2026-08-05T02:57:34+09:00,,,E1 공개 웹 후보·Instagram 직접 확인,0,,
jjukku_min.yaksa,쭈꾸민 약사 | 석민,국내 약사 인플루언서,,1137,22,,,,,,복약지도·약정보·다이어트·피부·약사일상,,없음,김주성·오약·선영,B,실계정,,2026-08-05T03:00:13+09:00,,,E1 공개 웹 후보·Instagram 직접 확인,0,,
yak_guide,별약사의 약슐랭가이드,국내 약사 인플루언서,,2158,25,,,,,,피부·화장품·영양제·약국템·보충제,,없음,김주성·오약·선영,B,실계정,,2026-08-05T03:03:40+09:00,,,E1 공개 웹 후보·Instagram 직접 확인,0,,
toad_pharm,영양제 디자이너 두꺼비팜,국내 메디컬 인접 계정,,12.3만,914,,,,,,건강정보·영양상담·건강기능식품·어린이 영양제·혈압·혈당·중성지방,,있음,김주성·오약·선영,B,실계정,,2026-08-05T03:06:00+09:00,,,E1 공개 웹 후보·Instagram 직접 확인,0,,
unitysg,Unity,해외 약사 인플루언서,,8884,894,,,,,,해외 약국·건강상담·영양제·웰니스·피부,,있음,김주성·오약·선영,B,실계정,,2026-08-05T03:08:43+09:00,,,E1 공개 웹 후보·Instagram 직접 확인,0,,
yakalofficial,약알 l 약사·영양제·건강 정보,국내 약사 인플루언서,,14,30,,,,,,영양제·건강정보·의약품 비교,,있음,김주성·오약·선영,B,실계정,,2026-08-05T03:28:41+09:00,,,E1 공개 웹 후보·Instagram 직접 확인,0,,프로필 공개값만 기록; 비교·추천 플랫폼 링크 확인; 릴스 본문은 확인하지 않음
pharmacy_nana,나나약국 💫나나약사,국내 약사 인플루언서,,289,28,,,,,,약국·임상약학·영양상담·동물의약품,,있음,김주성·오약·선영,B,실계정,,2026-08-05T03:31:36+09:00,,,E1 공개 웹 후보·Instagram 직접 확인,0,,프로필 공개값만 기록; 서울대 약대·임상약학 박사수료·약국 운영 확인; 릴스 본문은 확인하지 않음
malang.yaksa,말랑약사 | 인생·건강을 말랑하게 푸는 박병태 약학박사,국내 약사 인플루언서,,4838,84,,,,,,건강정보·약국·일반의약품,,,김주성·오약·선영,B,실계정,,2026-08-05T03:31:36+09:00,,,E1 공개 웹 후보·Instagram 직접 확인,0,,프로필 공개값만 기록; 약학박사·약국 대표 약사·대학 강의 경력 확인; 릴스 본문은 별도 검토 대기
dang.dang_yaksa,당당약사 | 혈당케어 전문가 남윤성 의학박사,국내 약사 인플루언서,,1만,118,,,,,,혈당·대사·건강기능식품,,있음,김주성·오약·선영,B,실계정,,2026-08-05T03:31:36+09:00,,,E1 공개 웹 후보·Instagram 직접 확인,0,,프로필 공개값만 기록; 인증·의학박사·대표약사·상담 링크 확인; 릴스 본문은 별도 검토 대기
mentor_pharm,멘토약사,국내 약사 인플루언서,,1만,58,,,,,,여성건강·교육·약사상담,,있음,김주성·오약·선영,B,실계정,,2026-08-05T03:31:36+09:00,,,E1 공개 웹 후보·Instagram 직접 확인,0,,프로필 공개값만 기록; 인증·여성건강·약사상담 소개 확인; 릴스 본문은 별도 검토 대기
verdepharmacy1,베르데라이프 정숙희약사,국내 약사 인플루언서,,652,1534,,,,,,건강정보·개인건강상담·아로마테라피,,있음,김주성·오약·선영,B,실계정,,2026-08-05T03:34:17+09:00,,,E1 공개 웹 후보·Instagram 직접 확인,0,,프로필 공개값만 기록; 49년차 시니어약사·아로마테라피스트·개인건강상담 확인; 게시물 본문은 확인하지 않음
juny_yaksa,35년상담 쭈니약사ㅣ한방+영양의학,국내 약사 인플루언서,,12.2만,1097,,,,,,피부·혈당·갑상선·암케어·갱년기·난임·영양의학,,있음,김주성·오약·선영,B,실계정,,2026-08-05T03:34:17+09:00,,,E1 공개 웹 후보·Instagram 직접 확인,0,,프로필 공개값만 기록; 35년 상담·약국상담 사례 기반 건강정보·여성건강·영양의학 확인; 게시물 본문은 확인하지 않음
yulbang_counseling,김훈하 약사의 열방 약국(상담소),국내 약사 인플루언서,,1727,25,,,,,,약국·건강상담·암환자·식이습관,,있음,김주성·오약·선영,B,실계정,,2026-08-05T03:34:17+09:00,,,E1 공개 웹 후보·Instagram 직접 확인,0,,프로필 공개값만 기록; 김훈하 약사·열방약국·약사상담 확인; 공식 약국 상담 계정이며 게시물 본문은 별도 검토 대기
gmpharmacist,전윤식약사,국내 약사 인플루언서,,782,183,,,,,,건강기능식품·약사상담·약국,,있음,김주성·오약·선영,B,실계정,,2026-08-05T03:37:10+09:00,,,E1 공개 웹 후보·Instagram 직접 확인,0,,프로필 공개값만 기록; 건강기능식품 회사 대표약사·카카오톡 1:1 상담 확인; 게시물 본문은 별도 검토 대기
pharmacyinpalm_official,내손안의약국,국내 메디컬 인접 계정,,188,10,,,,,,약국 플랫폼·건강서비스,,있음,김주성·오약·선영,B,실계정,,2026-08-05T03:37:10+09:00,,,E1 공개 웹 후보·Instagram 직접 확인,0,,약국 플랫폼·건강지킴이 소개와 drxsolution.co.kr 링크 확인; 개인 약사 계정이 아닌 인접 계정
modu_pharm,모약ㅣ약사님을 위한 플랫폼,국내 메디컬 인접 계정,,6092,449,,,,,,약사 플랫폼·복약지도·교육,,있음,김주성·오약·선영,B,실계정,,2026-08-05T03:37:10+09:00,,,E1 공개 웹 후보·Instagram 직접 확인,0,,약사님을 위한 플랫폼·복약지도·교육 소개와 litt.ly 링크 확인; 프로필만 기록
wellness.pharm,Ariana Medizade,해외 약사 인플루언서,미국,34.6만,661,,,,,,Functional health·supplements·wellness,,있음,김주성·오약·선영,B,실계정,,2026-08-05T03:39:23+09:00,,,E7 해외 공개 웹 후보·Instagram 직접 확인,0,,프로필 공개값만 기록; NYC Doctor of Pharmacy·Functional Health & Supplement Expert·스탠드 링크 확인; 게시물 본문은 별도 검토 대기
wellness_pharmacist_,The Wellness Pharmacist,해외 약사 인플루언서,,157,66,,,,,,wellness·low-tox living·motherhood,,있음,김주성·오약·선영,B,실계정,,2026-08-05T03:39:23+09:00,,,E7 해외 공개 웹 후보·Instagram 직접 확인,0,,프로필 공개값만 기록; Pharmacist·low-tox living·Links/Products 하이라이트 확인; 국가와 게시물 본문은 미확인
philsmypharmacist,Phil Cowley | Philsmypharmacist,해외 약사 인플루언서,미국,159.7만,2044,,,,,,health tips·supplements·wellness,,있음,김주성·오약·선영,B,실계정,,2026-08-05T03:39:23+09:00,,,E7 해외 공개 웹 후보·Instagram 직접 확인,0,,프로필 공개값만 기록; Licensed Pharmacist·ID & AK·supplements·wellness 소개 확인; 게시물 본문은 별도 검토 대기
wellness.pharmacy.rx,Wellness Pharmacy,해외 약사 인플루언서,,3065,52,,,,,,meds·health·herbs·beauty·supplements,,,김주성·오약·선영,B,실계정,,2026-08-05T03:39:23+09:00,,,E7 해외 공개 웹 후보·Instagram 직접 확인,0,,프로필 공개값만 기록; Pharmacist’s Personal Blog·meds·health·supplements·prescriptions 하이라이트 확인; 국가와 게시물 본문은 미확인
readyyoungpharmacy_global,readyyoungpharmacy_global,국내 메디컬 인접 계정,한국,6934,148,,,,,,약국 브랜드·미용·건강·의약품,,있음,김주성·오약·선영,B,실계정,,2026-08-05T03:39:23+09:00,,,E7 해외 공개 웹 후보·Instagram 직접 확인,0,,한국 약국 브랜드의 글로벌 계정으로 분류; medicines·cosmetics·tax free·English support 확인; 해외 개인 약사로 세지 않음
k_phf.official,K-PHF 한국건기식 약사연구회,국내 메디컬 인접 계정,,9,16,,,,,,건강기능식품·약사연구·건강정보,,,김주성·오약·선영,B,실계정,,2026-08-05T03:45:42+09:00,,,E1 공개 웹 후보·Instagram 직접 확인,0,,프로필 공개값만 기록; 약사 연구회·커뮤니티 계정으로 확인해 개인 약사 계정이 아닌 인접 계정으로 분류; 게시물 본문은 확인하지 않음
plusxp_official,"건강기능식품 약사설계 플랫폼, 플러스엑스팜",국내 메디컬 인접 계정,한국,2569,142,,,,,,약사설계 건기식·유산균·건강정보,,있음,김주성·오약·선영,B,실계정,,2026-08-05T03:45:42+09:00,,,E1 공개 웹 후보·Instagram 직접 확인,0,,프로필 공개값만 기록; 약사설계 건강기능식품 플랫폼과 판매 링크를 확인해 인접 브랜드 계정으로 분류; 게시물 본문은 확인하지 않음
mbb.official__,엠비비(MBB) l 국내 최대 H&B 드럭스토어,국내 메디컬 인접 계정,한국,145,66,,,,,,의약품·뷰티·건강기능식품·드럭스토어,,있음,김주성·오약·선영,B,실계정,,2026-08-05T03:45:42+09:00,,,E1 공개 웹 후보·Instagram 직접 확인,0,,프로필 공개값만 기록; 의약품·뷰티·건강기능식품을 취급하는 공식 드럭스토어 계정으로 확인; 게시물 본문은 확인하지 않음
zzin__yaksa,약사 박세진 | 찐약사,국내 약사 인플루언서,,2.4만,87,,,,,,소아건강·부모건강·영양제·복약정보,,있음,김주성·오약·선영,B,실계정,,2026-08-05T03:51:45+09:00,,,E1 공개 웹 후보·Instagram 직접 확인,0,,프로필 공개값만 기록; 인증·약사·아동과 3040 부모 건강·영양제 상담 소개 확인; 게시물 본문은 별도 검토 대기
beautybynori_,Nori Moteirek,해외 약사 인플루언서,영국,19.6만,552,,,,,,뷰티·스킨케어·웰니스·MUA,,있음,김주성·오약·선영,B,실계정,,2026-08-05T03:55:56+09:00,,,E7 해외 공개 웹 후보·Instagram 직접 확인,0,,프로필 공개값만 기록; Manchester 기반 Pharmacist & MUA와 뷰티·웰니스 소개 확인; 게시물 본문은 별도 검토 대기
dakota_rx,Dakota Pharmacy & Compounding,해외 메디컬 인접 계정,미국,1664,576,,,,,,조제약·영양·스킨케어·약국,,있음,김주성·오약·선영,B,실계정,,2026-08-05T03:55:56+09:00,,,E7 해외 공개 웹 후보·Instagram 직접 확인,0,,프로필 공개값만 기록; 미국 중서부 맞춤 조제약국 사업자로 확인해 개인 약사로 세지 않음
innovationcompounding,Innovation Compounding,해외 메디컬 인접 계정,미국,804,380,,,,,,맞춤 조제약·의료건강·약국,,있음,김주성·오약·선영,B,실계정,,2026-08-05T03:55:56+09:00,,,E7 해외 공개 웹 후보·Instagram 직접 확인,0,,프로필 공개값만 기록; 미국 맞춤 조제약 사업자로 확인해 개인 약사로 세지 않음
pharmfriends,팜프렌즈,국내 메디컬 인접 계정,한국,778,519,,,,,,온라인 드럭스토어·건강기능식품·화장품·반려동물용품·의료기기,,있음,김주성·오약·선영,B,실계정,,2026-08-05T04:02:06+09:00,,,E1 공개 웹 후보·Instagram 직접 확인,0,,프로필 공개값만 기록; 건강기능식품·화장품·반려동물용품·가정용 의료기기 온라인 드럭스토어로 확인; 개인 약사 계정이 아님
idjmpharm,이준우,국내 메디컬 인접 계정,한국,839,58,,,,,,약국·건강/뷰티·복약상담,,있음,김주성·오약·선영,B,실계정,,2026-08-05T04:02:06+09:00,,,E1 공개 웹 후보·Instagram 직접 확인,0,,프로필 공개값만 기록; 포항 이동정문약국 운영과 약국 상담 링크를 확인해 지역 약국 인접 계정으로 분류; 개인 약사 콘텐츠는 별도 검토 대기
pyunhanga_official,편한가 PYUNHANGA,국내 메디컬 인접 계정,한국,1133,199,,,,,,건강·액티브 라이프스타일·헬스 어드바이저 플랫폼,,,김주성·오약·선영,B,실계정,,2026-08-05T04:02:06+09:00,,,E1 공개 웹 후보·Instagram 직접 확인,0,,프로필 공개값만 기록; Healthy & Active Lifestyle Platform과 입점 약국 관련 하이라이트 확인; 개인 약사 계정이 아님
nutripharma_2019,뉴트리파마,국내 메디컬 인접 계정,한국,542,133,,,,,,약국전용 건강기능식품·건강/뷰티,,있음,김주성·오약·선영,B,실계정,,2026-08-05T04:02:06+09:00,,,E1 공개 웹 후보·Instagram 직접 확인,0,,프로필 공개값만 기록; 약사가 취급하는 약국전용 건강기능식품 브랜드 소개와 제품 게시물을 확인; 개인 약사 계정이 아님
shiny_jjeong,약국언니l Good Better Best l마켓굿베베,국내 메디컬 인접 계정,한국,2889,481,,,,,,소아과 약국·약국 건강템·가족건강·공구,,있음,김주성·오약·선영,B,실계정,,2026-08-05T04:05:16+09:00,,,E1 공개 웹 후보·Instagram 직접 확인,0,,프로필 공개값만 기록; 소아과 약국 근무와 약국 건강템·가족 생활용품·공구 소개를 확인해 개인 약사 계정이 아닌 인접 계정으로 분류
drugsafe_official,한국의약품안전관리원,국내 메디컬 인접 계정,한국,8520,484,,,,,,의약품안전·공공건강·어린이 의약품,,공용,,B,실계정,,2026-08-05T04:05:16+09:00,,,E1 공개 웹 후보·Instagram 직접 확인,0,,프로필 공개값만 기록; 한국의약품안전관리원 KIDS 공식 공공기관 계정으로 확인; 개인 약사 계정이 아님
ansimshop_,안심Shop,국내 메디컬 인접 계정,한국,2262,56,,,,,,가족안전·건강제품·어린이용품·의료기기,,있음,김주성·오약·선영,B,실계정,,2026-08-05T04:05:16+09:00,,,E1 공개 웹 후보·Instagram 직접 확인,0,,프로필 공개값만 기록; 가족·어린이 건강 제품과 제품 링크를 확인해 인접 커머스 계정으로 분류
seoulmizhospital,서울미즈병원,국내 메디컬 인접 계정,한국,1171,495,,,,,,여성병원·난임센터·건강증진·가족건강,,,김주성·오약·선영,B,실계정,,2026-08-05T04:11:27+09:00,,,E1 공개 웹 후보·Instagram 직접 확인,0,,프로필 공개값만 기록; 여성병원·건강증진센터·난임센터 공식 계정으로 확인; 개인 약사 계정이 아님
pharm_mison,약잘알 파미손 | 영양제 건강식품 잘 알려주는 약사,국내 약사 인플루언서,한국,1701,309,,,,,,의약품·영양제·건강식품·팩트체크,,있음,김주성·오약·선영,B,실계정,,2026-08-05T04:31:52+09:00,,,E1 공개 웹 후보·Instagram 직접 확인,0,,공개 프로필에서 약사 직함과 의약품·영양제 팩트 체크·30여 종 영양제 기획·검증 소개를 확인; 게시물 본문은 별도 검토 대기
doseoframan,Raman | Pharmacist,해외 약사 인플루언서,호주,57,12,,,,,,스킨케어·뷰티·라이프스타일·약학,,,김주성·오약·선영,B,실계정,,2026-08-05T04:35:06+09:00,,,E7 해외 공개 웹 후보·Instagram 직접 확인,0,,공개 프로필에서 Pharmacist·Melbourne Australia 근무 소개와 스킨케어·뷰티·라이프스타일 콘텐츠를 확인; 게시물 본문은 별도 검토 대기
melsmedicines,Melissa • London Pharmacist,해외 약사 인플루언서,영국,1.4만,346,,,,,,여성건강·피부·의약품·영양제,,,김주성·오약·선영,B,실계정,,2026-08-05T04:35:06+09:00,,,E7 해외 공개 웹 후보·Instagram 직접 확인,0,,공개 프로필에서 London Pharmacist·NHS Pharmacist·Prescriber·Women’s Health & Skin Writer와 의약품·영양제 소개를 확인; 게시물 본문은 별도 검토 대기
efficahealth,Effica Health,해외 메디컬 인접 계정,,7374,66,,,,,,여성건강·폐경·근거기반 케어,,있음,김주성·오약·선영,B,실계정,,2026-08-05T04:40:23+09:00,,,E7 해외 공개 웹 후보·Instagram 직접 확인,0,,공개 프로필에서 의료·건강 카테고리와 폐경 관리·근거기반 케어·무료 상담 예약·Meno Myths·Our Team 하이라이트를 확인; 개인 약사 계정이 아닌 여성건강 케어 계정으로 분류
mfdskorea,식품의약품안전처 (식약처),국내 메디컬 인접 계정,한국,5.5만,5320,,,,,,의약품·식품안전·공공보건·건강정보,,공용,,B,실계정,,2026-08-05T04:46:20+09:00,,,E1 공개 웹 후보·Instagram 직접 확인,0,,공개 프로필에서 식품의약품안전처 공식 인증 계정과 식품·의약품 안전·영양정보·식중독 예방·어린이 의약정보 콘텐츠를 확인; 개인 약사 계정이 아닌 공공기관 계정으로 분류
yes_yaksa,예스약사 Yes Yaksa,국내 약사 인플루언서,한국,742,9,,,,,,약국·약국화장품·영양제·복약상담,,,김주성·오약·선영,B,실계정,,2026-08-05T04:58:12+09:00,,,E1 공개 웹 후보·Instagram 직접 확인,0,,공개 프로필에서 Pharmacist based in Seoul과 건강·뷰티 카테고리를 확인; 최근 게시물에서 약국화장품·영양제·마그네슘·감기약·복약량 정보를 확인; 국내 약사 인플루언서로 추가
mirandalouisechan,Miranda Chan,해외 약사 인플루언서,호주,454,36,,,,,,임상종양약학·여성건강·피부·근거기반 케어,,있음,김주성·오약·선영,B,실계정,,2026-08-05T05:02:06+09:00,,,E7 해외 공개 웹 후보·Instagram 직접 확인,0,,공개 프로필에서 Clinical Oncology Pharmacist·Pretty Proven 창업자·Sunseal COO를 확인; 여성건강·피부·근거기반 케어 관련 계정 운영으로 분류
spa_official2,38대 서울시약사회 공식계정,국내 메디컬 인접 계정,한국,2156,103,,,,,,서울시약사회·약물안전·공공심야약국·건강광고 판독,,,공용,B,실계정,,2026-08-05T05:04:26+09:00,,,E1 공개 웹 후보·Instagram 직접 확인,0,,서울시약사회 공식 계정에서 안전상비의약품·약사 상담·공공심야약국·건강광고 판독 콘텐츠를 확인; 개인 약사 계정이 아닌 협회 계정으로 분류
medikingdom_pharmacy,메디킹덤약국 | 용산 약국,국내 메디컬 인접 계정,한국,506,54,,,,,,대형 약국·의약품·건강기능식품·더마화장품·펫케어·맞춤상담,,있음,공용,B,실계정,,2026-08-05T05:04:26+09:00,,,E1 공개 웹 후보·Instagram 직접 확인,0,,공개 프로필에서 용산 800평 규모 약국과 약사 1:1 맞춤 상담·의약품·건강기능식품·더마화장품·펫케어·한방제품을 확인; 개인 약사 계정이 아닌 약국 계정으로 분류
nhis_korea,국민건강보험,국내 메디컬 인접 계정,한국,4.9만,2057,,,,,,국민건강보험공단·공공건강·건강보험·금연·폭염·의료비,,,공용,B,실계정,,2026-08-05T05:07:49+09:00,,,E1 공개 웹 후보·Instagram 직접 확인,0,,공개 인증 프로필에서 국민건강보험공단 공식 공공 및 정부 기관 계정·폭염·금연치료·의료비·건강보험 콘텐츠를 확인; 개인 약사 계정이 아닌 공공기관 계정으로 분류
bodoc_official,보닥 공식 인스타그램,국내 메디컬 인접 계정,한국,5065,123,,,,,,의료·건강·생활건강·복약·영양정보,,,공용,B,실계정,,2026-08-05T05:07:49+09:00,,,E1 공개 웹 후보·Instagram 직접 확인,0,,공개 프로필에서 의료 및 건강 카테고리와 약·처방전·식품 보관·카페인·생활 건강 카드뉴스를 확인; 개인 약사 계정이 아닌 건강정보 계정으로 분류
broadwater.pharmacy,Broadwater Pharmacy,해외 메디컬 인접 계정,호주,281,80,,,,,,약국·처방전·일상 돌봄·여성건강 약사상담,,,공용,B,실계정,,2026-08-05T05:15:03+09:00,,,E7 공개 웹 후보·Instagram 직접 확인,0,,호주 Busselton–Dunsborough 지역 독립 약국 공개 프로필에서 처방전·일상 돌봄·여성건강 약사상담 콘텐츠와 약국 운영 정보를 확인; 개인 약사 계정이 아닌 약국 계정으로 분류
stg_wellness,Sandra Tadros Guirguis | Holistic Wellness Pharmacist,해외 약사 인플루언서,캐나다,2886,442,,,,,,폐경·여성건강·약사상담·운동·근거기반 웰니스,,,공용,A,실계정,,2026-08-05T05:15:03+09:00,,,E7 공개 웹 후보·Instagram 직접 확인,0,,공개 프로필에서 약사·Menopause Society Certified Practitioner·Clinical Pharmacist·작가·공개강연자 자격 신호를 확인; 폐경과 여성건강 교육 중심의 개인 약사 계정으로 분류
hayu_pharmacist,하유약사 | 이지영 | 염증 & 혈당,국내 약사 인플루언서,한국,5.4만,250,,,,,,염증·혈당·항염증·영양제·약사상담,,있음,김주성·오약·선영·공용,B,실계정,,2026-08-05T05:24:47+09:00,,,E1 공개 웹 후보·Instagram 직접 확인,0,,공개 인증 프로필에서 염증·혈당 전문 약사와 10년 만성염증 경험을 확인; 컬리케일·오메가3·혈당 프로젝트 하이라이트 및 제품 링크를 확인해 국내 약사 인플루언서로 분류
jilgyungyi_official,질경이 JILGYUNGYI,국내 메디컬 인접 계정,한국,8798,741,,,,,,여성청결제·여성건강 정보·여성 케어,,,공용,B,실계정,,2026-08-05T05:24:47+09:00,,,E1 공개 웹 후보·Instagram 직접 확인,0,,여성청결제 전문 브랜드 공개 프로필에서 여성 고민과 여성 케어 정보 콘텐츠 및 공식 판매 링크를 확인; 개인 약사 계정이 아닌 브랜드 계정으로 분류
ggultip_yaksa,꿀팁약사 | 혈당·혈압·고지혈증 | 하정봉,국내 약사 인플루언서,한국,6.1만,470,,,,,,혈당·혈압·고지혈증·대사·영양제·약사상담,,있음,김주성·오약·선영·공용,B,실계정,,2026-08-05T05:30:32+09:00,,,E1 공개 웹 후보·Instagram 직접 확인,0,,인증된 공개 프로필에서 18년차 약사와 혈당·혈압·고지혈증·대사성 여성질환 소개 및 연속혈당측정기 하이라이트를 확인; 공구와 맞춤 상담 링크가 있어 콘텐츠별 광고 판정을 별도로 관리
yaksa_mh,명훈 약사 | 약사피셜·최명훈,국내 약사 인플루언서,한국,5만,433,,,,,,약사상담·혈당·영양제·비타민D·오메가3·수면,있음,있음,김주성·오약·선영·공용,B,실계정,,2026-08-05T05:30:32+09:00,,,E1 공개 웹 후보·Instagram 직접 확인,0,,인증된 공개 프로필에서 약사 소개와 당뇨약·혈당 영양제·비타민D·오메가3·수면 제품 콘텐츠 및 공구 링크를 확인; 개인 약사 계정으로 분류하고 콘텐츠별 광고 판정을 별도로 관리
ewha_yaksa,이화약사 | 피부미용·건강상담·다이어트,국내 약사 인플루언서,한국,1709,800,,,,,,피부미용·건강상담·다이어트·운동,,,공용,B,실계정,,2026-08-05T05:37:41+09:00,,,E1 공개 웹 후보·Instagram 직접 확인,0,,공개 프로필에서 이화약사 이름과 약사·건강·미용 소개 및 피부미용·건강상담·다이어트 콘텐츠를 확인; 수원 망포 뷰티온의원 링크를 함께 기록
yourhsis,약사동생,국내 약사 인플루언서,한국,7710,103,,,,,,영양제·다이어트·피부·약사상담,,,공용,B,실계정,,2026-08-05T05:37:41+09:00,,,E1 공개 웹 후보·Instagram 직접 확인,0,,6년차 약사가 직접 확인한다는 공개 소개와 영양제·다이어트·피부 정보·1:1 상담 링크를 확인해 국내 약사 인플루언서로 분류
3paranmoon,3층파란문약국,국내 메디컬 인접 계정,한국,826,343,,,,,,지역 약국·일반의약품·복약상담·수면·소화,,,공용,B,실계정,,2026-08-05T05:46:47+09:00,,,E1 공개 웹 후보·Instagram 직접 확인,0,,용산 3층파란문약국 공개 프로필에서 약국 운영과 일반의약품·수면·소화·진통제 안내 콘텐츠를 확인; 개인 약사 계정이 아닌 약국 계정으로 분류
kmom_yaksa,케이맘약사 | 김일하,국내 약사 인플루언서,한국,6.6만,195,,,,,,온가족 영양제·약국템·수면·약사상담,,,공용,B,실계정,,2026-08-05T05:46:47+09:00,,,E1 공개 웹 후보·Instagram 직접 확인,0,,인증된 공개 프로필에서 12년차 약사와 온가족 영양제 선택 기준·약국 수면템·약사 하이라이트를 확인해 국내 약사 인플루언서로 분류
medical_newsroom,메디컬뉴스룸,국내 메디컬 인접 계정,한국,18.5만,4532,,,,,,건강·의학·의학뉴스·건강제품·건강상식,,,공용,A,실계정,,2026-08-05T05:51:49+09:00,,,E1 공개 웹 후보·Instagram 직접 확인,0,,인증된 공개 프로필에서 의료 및 건강 카테고리와 건강·의학 최신 트렌드·의학뉴스·건강제품 콘텐츠를 확인; 개인 의료인 계정이 아닌 건강정보 미디어 계정으로 분류
jsr032_,더편한장사랑내과 종합건강검진센터,국내 메디컬 인접 계정,한국,141,154,,,,,,소화기내과·건강검진·내시경·5대암검진·건강정보,,,공용,A,실계정,,2026-08-05T05:51:49+09:00,,,E1 공개 웹 후보·Instagram 직접 확인,0,,인천 남동구 소화기내시경 세부전문의 검진센터 공개 프로필에서 위·대장·간·유방·자궁경부암 검진과 내시경 준비·건강정보 콘텐츠를 확인; 병원 계정으로 분류
gangnam_yaksa,강남약사 | 탈모 다이어트 피부 상담,국내 약사 인플루언서,한국,282,13,,,,,,탈모·다이어트·피부·임산부건강·동물약·약국상담,,,공용,B,실계정,,2026-08-05T05:58:30+09:00,,,E1 공개 웹 후보·Instagram 직접 확인,0,,강남스퀘어약국 대표약사 공개 프로필에서 임산부건강·동물약·강남역 탈모·다이어트·피부 상담 소개를 확인해 국내 약사 인플루언서로 분류
malti_yaksa,말티약사 | 약사 김근형,국내 약사 인플루언서,한국,1.9만,143,,,,,,약물안전·안구건조·탈모·피로회복·복약상담,,,공용,A,실계정,,2026-08-05T05:58:30+09:00,,,E1 공개 웹 후보·Instagram 직접 확인,0,,인증된 의료 및 건강 카테고리에서 약사 김근형 소개와 인공눈물·구충제·피로회복·탈모·약상담 콘텐츠를 확인해 국내 약사 인플루언서로 분류
heung_di,흥디약사 | 화장품성분분석 3040 피부,국내 약사 인플루언서,한국,4392,333,,,,,,피부·화장품성분·피부장벽·약사Q&A·생활건강,,,김주성·오약·선영,B,실계정,,2026-08-05T06:11:02+09:00,,,E1 공개 웹 후보·Instagram 직접 확인,0,,공개 프로필에서 약사·대한약사회 KPA 수상·3040 피부 성분표·루틴 분석을 확인해 국내 약사 인플루언서로 분류
ceci_yaksa,쎄씨약사 최혜은 | 세포들의 시간,국내 약사 인플루언서,한국,12.7만,564,,,,,,피부장벽·화장품성분·약사상담·피부루틴·여성건강,,,김주성·선영·오약,B,실계정,,2026-08-05T06:11:02+09:00,,,E1 공개 웹 후보·Instagram 직접 확인,0,,인증된 공개 프로필에서 18년차 약사·피부장벽 루틴 브랜드 창업자·피부루틴 하이라이트와 화장품 성분 콘텐츠를 확인해 국내 약사 인플루언서로 분류
dralishareed,Dr. Alisha Reed | Pharmacist & Wellness Educator,해외 약사 인플루언서,미국,2.7만,2221,,,,,,여성건강·심장건강·웰니스교육·건강문해력·약사관점,,,공용,B,실계정,,2026-08-05T06:16:22+09:00,,,E1 공개 웹 후보·Instagram 직접 확인,0,,인증된 공개 프로필에서 Pharmacist & Wellness Educator 소개와 40대 여성 대상 REFILL 전략·심장건강·모성 웰니스·약사 관점 콘텐츠를 확인해 해외 약사 인플루언서로 분류
seokyoung.park1223,푸른나무약국 | 피부·다이어트·영양제·건강 상담 약사,국내 메디컬 인접 계정,한국,60,16,,,,,,피부·다이어트·영양제·면역·동물약·약사상담,,,공용,B,실계정,,2026-08-05T06:20:57+09:00,,,E1 공개 웹 후보·Instagram 직접 확인,0,,푸른나무약국 공개 프로필에서 약사 직접응대·피부·다이어트·영양제·동물약 상담과 365일 약국 운영을 확인해 국내 메디컬 인접 계정으로 분류
youjin_yaksa,유진약사💊 | 하유진,국내 약사 인플루언서,한국,3만,211,,,,,,건강·뷰티·여성건강·피부장벽·영양제·약국약정보,,,김주성·선영·오약,B,실계정,,2026-08-05T06:20:57+09:00,,,E1 공개 웹 후보·Instagram 직접 확인,0,,인증된 공개 프로필에서 서울대 약대·11년차 약사 소개와 건강·뷰티·여성건강·피부장벽·영양제 하이라이트를 확인해 국내 약사 인플루언서로 분류
bada_yaksa,바다약사ㅣ염증·혈당·다이어트ㅣ약보다 습관 먼저,국내 약사 인플루언서,한국,1.6만,115,,,,,,혈당·염증·다이어트·건강습관·시니어건강·아이건강,,,공용,B,실계정,,2026-08-05T06:31:16+09:00,,,E1 공개 웹 후보·Instagram 직접 확인,0,,인증된 공개 프로필에서 약사가 검증한 근거 기반 건강 루틴·10년 현장 상담 경험·혈당·염증·다이어트·아이건강 하이라이트를 확인해 국내 약사 인플루언서로 분류
healthy.yaksa,헬씨약사 | 약사의 “진짜” 건강 다이어트,국내 약사 인플루언서,한국,1.1만,69,,,,,,혈당·다이어트·성분분석·레시피·건강습관,,,김주성·선영·오약,B,실계정,,2026-08-05T06:31:16+09:00,,,E1 공개 웹 후보·Instagram 직접 확인,0,,인증된 공개 프로필에서 혈당 실험·약사의 건강 선택 기준·다이어트 레시피·혈당·성분 리뷰 하이라이트를 확인해 국내 약사 인플루언서로 분류
yaksa_hwanghaeyeon_,황해연 푸드닥터,국내 약사 인플루언서,한국,2121,480,,,,,,다이어트·대사·혈압·신장건강·건강관리,,있음,김주성·오약·선영·공용,B,실계정,,2026-08-05T06:42:42+09:00,,,E1 공개 웹 후보·Instagram 직접 확인,0,,공개 프로필에서 30년 경력 약사·중앙대 약학과 전공·다이어트·대사·혈압·신장건강 콘텐츠와 죽염 다이어트 링크를 확인해 국내 약사 인플루언서로 분류
manyjjju_yaksa,마니쭈 약사👩🏻‍⚕️ 손은주 | 다이어트 • 저속노화,국내 약사 인플루언서,한국,5766,99,,,,,,다이어트·저속노화·약물부작용·광고판별·건강관리·영양제,,있음,김주성·오약·선영·공용,B,실계정,,2026-08-05T06:42:42+09:00,,,E1 공개 웹 후보·Instagram 직접 확인,0,,인증된 공개 프로필에서 인증 배지·39년차 약사·다이어트·저속노화·제품 부작용·과대광고 판별 소개와 약·화장품·영양제 하이라이트를 확인해 국내 약사 인플루언서로 분류
hi_kim_yaksa,하이킴약사 ㅣ 마인드스낵 대표인플루언서,국내 약사 인플루언서,한국,2.2만,750,,,,,,뷰티·건강관리·피부·영양제·약물안전,,있음,김주성·오약·선영·공용,B,실계정,,2026-08-05T06:49:45+09:00,,,E1 공개 웹 후보·Instagram 직접 확인,0,,인증된 공개 프로필에서 인증 배지·18년차 약사·뷰티 건강관리·피부·영양제·약물안전 상담과 월별 하이라이트를 확인해 국내 약사 인플루언서로 분류
healthwellnesspharmacist1,Muhammad Javaid,해외 약사 인플루언서,국가 미상,1.5만,2738,,,,,,약물상담·건강교육·치료약물·웰니스,,,공용,B,실계정,,2026-08-05T06:54:32+09:00,,,E1 공개 웹 후보·Instagram 직접 확인,0,,공개 프로필에서 Pharmacist·Educator·Health Expert·Therapeutic Drug Consultant 소개와 건강교육·치료약물 상담 계정을 확인해 해외 약사 인플루언서로 분류; 국가 정보는 프로필에 없어 미상으로 유지
inbodypharm,InBodyPharmacy,국내 메디컬 인접 계정,한국,298,60,,,,,,약국 솔루션·상담약국·약사교육·인바디·건강상담,,있음,공용,B,실계정,,2026-08-05T07:00:42+09:00,,,E1 공개 웹 후보·Instagram 직접 확인,0,,공개 프로필에서 인바디 공식 약국 솔루션·상담약국·약사 가능 사업과 약국현장·약사학회·약사님 리얼후기 하이라이트를 확인해 국내 메디컬 인접 계정으로 분류
doremi.pharmacy.official,도레미약국 | DOREMI PHARMACY,국내 메디컬 인접 계정,한국,523,16,,,,,,약국·의약품·웰니스·K-beauty·외국인 방문·약사추천,,있음,공용,B,실계정,,2026-08-05T07:00:42+09:00,,,E1 공개 웹 후보·Instagram 직접 확인,0,,인증된 공식 약국 프로필에서 Korean Pharmacy·Medicine·Wellness·K-beauty·외국인 방문과 약사추천 게시물을 확인해 국내 메디컬 인접 계정으로 분류
pharmplay_official,약사들의놀이터 PharmPLAY [💊팜플레이],국내 메디컬 인접 계정,한국,597,47,,,,,,약사교육·복약상담·해외약국실무,,있음,공용,B,실계정,,2026-08-05T07:08:44+09:00,,,E1 공개 웹 후보·Instagram 직접 확인,0,,공개 프로필에서 약사들의놀이터 PharmPLAY와 캐나다 약사 플랫폼 소개 및 복약상담·약사교육·북미약국 실무 게시물을 확인해 국내 메디컬 인접 계정으로 분류
prief_official,약사 교육 플랫폼 PRIEF(프리프),국내 메디컬 인접 계정,한국,4635,174,,,,,,약사교육·신규약사·스터디,,있음,공용,B,실계정,,2026-08-05T07:08:44+09:00,,,E1 공개 웹 후보·Instagram 직접 확인,0,,공개 프로필에서 짧고 실용적인 약사 교육 플랫폼 소개와 신규약사가이드·스터디·이벤트 하이라이트를 확인해 국내 메디컬 인접 계정으로 분류
yakmanager_official,약매니저,국내 메디컬 인접 계정,한국,1043,911,,,,,,약국업무·재고관리·의약품주문,,있음,공용,B,실계정,,2026-08-05T07:08:44+09:00,,,E1 공개 웹 후보·Instagram 직접 확인,0,,공개 프로필에서 계수촬영·재고관리·마약류점검부·의약품주문 등 약국 업무 관리 서비스를 확인해 국내 메디컬 인접 계정으로 분류
lawpharm,Pharmacist Thorrun Health Lawyer,해외 약사 인플루언서,영국,7428,1400,,,,,,건강의사결정·약사·법률·미디어,,있음,공용,B,실계정,,2026-08-05T07:22:11+09:00,,,E1 공개 웹 후보·Instagram 직접 확인,0,,공개 프로필에서 인증된 Pharmacist Thorrun과 건강 의사결정·약사·Health Lawyer 소개 및 thorrun.co.uk 링크를 확인해 영국 해외 약사 인플루언서로 분류
nathan.wu,Nathan Wu,해외 약사 인플루언서,캐나다,1.3만,326,,,,,,약학·공부·생산성·웰니스,,있음,공용,B,실계정,,2026-08-05T07:22:11+09:00,,,E1 공개 웹 후보·Instagram 직접 확인,0,,공개 프로필에서 Doctor of Pharmacy·Study and Productivity YouTuber·Toronto 소개와 웰니스·생산성 콘텐츠 신호를 확인해 캐나다 해외 약사 인플루언서로 분류
pharmacyatqub,The School of Pharmacy at Queens University Belfast,해외 메디컬 인접 계정,영국,1662,464,,,,,,약학 교육·의학·진로,,있음,공용,B,실계정,,2026-08-05T07:22:11+09:00,,,E1 공개 웹 후보·Instagram 직접 확인,0,,Queen’s University Belfast 약학대학 공식 프로필에서 Future Medicines 약학·바이오테크 진로 행사와 의약학 교육 게시물을 확인해 영국 해외 메디컬 인접 계정으로 분류
hubase_yakguk_official,휴베이스 공식 인스타그램,국내 메디컬 인접 계정,한국,1704,677,,,,,,약국체인·건강문화·약사교육·웰니스,,있음,공용,B,실계정,,2026-08-05T07:27:50+09:00,,,E1 공개 웹 후보·Instagram 직접 확인,0,,공개 프로필에서 약과 사람을 잇는 건강문화플랫폼 휴베이스 약국 소개와 hubasekorea.co.kr 링크 및 약사·건강 하이라이트를 확인해 국내 메디컬 인접 계정으로 분류
kpanews1968,약사공론,국내 메디컬 인접 계정,한국,2400,666,,,,,,의약품·건강·약국뉴스·약사사회,,있음,공용,B,실계정,,2026-08-05T07:27:50+09:00,,,E1 공개 웹 후보·Instagram 직접 확인,0,,공개 프로필에서 대한약사회 기관지 약사공론과 의약품·건강·약국 이야기 소개 및 kpanews.co.kr 링크를 확인해 국내 메디컬 인접 계정으로 분류
ok_hira,건강보험심사평가원,국내 메디컬 인접 계정,한국,3.4만,1445,,,,,,건강보험·공공의료·건강정보,,없음,공용,B,실계정,,2026-08-05T07:33:49+09:00,,,E1 공개 웹 후보·Instagram 직접 확인,0,,공개 프로필에서 건강보험심사평가원과 공공 및 정부 기관 분류를 확인했고 건강놀이터 소개와 건강정보 하이라이트를 확인해 국내 메디컬 인접 계정으로 분류
gwangju_bohun,보훈공단 광주보훈병원,국내 메디컬 인접 계정,한국,687,215,,,,,,공공병원·진료정보·건강상담,,없음,공용,B,실계정,,2026-08-05T07:33:49+09:00,,,E1 공개 웹 후보·Instagram 직접 확인,0,,광주보훈병원 공식 인스타그램과 국민에게 열린 공공의료기관 소개 및 전문 간호사 무료 건강상담 안내를 확인해 국내 메디컬 인접 계정으로 분류
doctorsnews2024,의협신문 뉴스,국내 메디컬 인접 계정,한국,3625,760,,,,,,의학뉴스·근거중심 의료정보·의료정책,,없음,공용,B,실계정,,2026-08-05T07:33:49+09:00,,,E1 공개 웹 후보·Instagram 직접 확인,0,,대한의사협회가 만드는 근거중심 의학 전문 언론 소개와 의료·의약품·건강 이슈 하이라이트를 확인해 국내 메디컬 인접 계정으로 분류
accp,ACCP,해외 메디컬 인접 계정,미국,5394,945,,,,,,임상약학·약학 교육·연구,,없음,공용,B,실계정,,2026-08-05T07:45:16+09:00,,,E1 공개 웹 후보·Instagram 직접 확인,0,,ACCP 공식 프로필에서 American College of Clinical Pharmacy와 임상약학 실무 연구 교육 소개 및 accp.com 링크를 확인해 해외 메디컬 인접 계정으로 분류
uwcschoolofpharmacy,UWC School of Pharmacy,해외 메디컬 인접 계정,국가 미상,366,118,,,,,,약학대학·약학교육·보건인식,,없음,공용,B,실계정,,2026-08-05T07:45:16+09:00,,,E1 공개 웹 후보·Instagram 직접 확인,0,,UWC School of Pharmacy 공개 프로필에서 Research Events HealthAwareness Conferences Exp Learning PGx 하이라이트를 확인해 해외 메디컬 인접 계정으로 분류
pharmfluency,Clinical Pharmacy Education,해외 메디컬 인접 계정,국가 미상,4.1만,188,,,,,,임상약학 교육·약사교육·헬스케어 학생,,있음,공용,B,실계정,,2026-08-05T07:45:16+09:00,,,E1 공개 웹 후보·Instagram 직접 확인,0,,Clinical Pharmacy Education 공개 프로필에서 foundation pharmacists와 pharmacy healthcare students 대상 교육 소개 및 pharmfluency.co 링크를 확인해 해외 메디컬 인접 계정으로 분류
thedoseclub,Adwoa | Clinical Pharmacist,해외 약사 인플루언서,국가 미상,1.3만,102,,,,,,의약품 교육·임상약학·약사 크리에이터,,있음,공용,B,실계정,,2026-08-05T07:45:16+09:00,,,E1 공개 웹 후보·Instagram 직접 확인,0,,Clinical Pharmacist 표기와 medications together 교육 소개 및 linktr.ee 링크를 확인해 해외 약사 인플루언서로 분류
khis_insta,한국보건의료정보원,국내 메디컬 인접 계정,한국,2515,171,,,,,,디지털헬스케어·보건의료정보·공공기관,,없음,공용,B,실계정,,2026-08-05T07:51:09+09:00,,,E1 공개 웹 후보·Instagram 직접 확인,0,,한국보건의료정보원 공식 공공기관 프로필에서 디지털 헬스케어 플랫폼 전문기관 소개와 k-his.or.kr 링크를 확인해 국내 메디컬 인접 계정으로 분류
mohw_kr,대한민국 보건복지부(복지부),국내 메디컬 인접 계정,한국,14.8만,2367,,,,,,보건·복지 정책·건강정보·정부기관,,없음,공용,B,실계정,,2026-08-05T07:51:09+09:00,,,E1 공개 웹 후보·Instagram 직접 확인,0,,대한민국 보건복지부 인증 프로필에서 정부 기관 분류와 건강·보건복지 정책 소식 소개를 확인해 국내 메디컬 인접 계정으로 분류
k_health_promotion,한국건강증진개발원,국내 메디컬 인접 계정,한국,2.1만,1580,,,,,,건강증진·건강정보·공공기관,,없음,공용,B,실계정,,2026-08-05T07:51:09+09:00,,,E1 공개 웹 후보·Instagram 직접 확인,0,,한국건강증진개발원 정부 기관 프로필에서 건강정보와 허위정보·과장광고 구별 안내 및 KHEPI 공식 SNS 링크를 확인해 국내 메디컬 인접 계정으로 분류
gimhae_city,김해시 공식 인스타그램,국내 메디컬 인접 계정,한국,4.2만,5766,,,,,,지방정부·지역건강·공공정보,,없음,공용,B,실계정,,2026-08-05T07:51:09+09:00,,,E1 공개 웹 후보·Instagram 직접 확인,0,,김해시 공식 인스타그램 공공 및 정부 기관 프로필에서 시청 공식 링크와 지역 건강사업 안내 신호를 확인해 국내 메디컬 인접 계정으로 분류
ceimpactrx,CEImpact | Pharmacy Education,해외 메디컬 인접 계정,국가 미상,407,290,,,,,,약학교육·continuing education·임상약학,,있음,공용,B,실계정,,2026-08-05T07:56:01+09:00,,,E1 공개 웹 후보·Instagram 직접 확인,0,,CEImpact 공개 교육 프로필에서 약사·약무기술자·학생 대상 Continuing Pharmacy Education과 Advanced Training Programs 소개 및 링크를 확인해 해외 메디컬 인접 계정으로 분류
unc_snpha,UNC SNPhA,해외 메디컬 인접 계정,미국,609,870,,,,,,약학대학·학생단체·약사교육,,없음,공용,B,실계정,,2026-08-05T07:56:01+09:00,,,E1 공개 웹 후보·Instagram 직접 확인,0,,UNC Eshelman School of Pharmacy SNPhA chapter 공식 소개와 약학대학 학생단체 하이라이트 및 링크를 확인해 해외 메디컬 인접 계정으로 분류
leidenmedicine,Leiden Medicine,해외 메디컬 인접 계정,네덜란드,2364,259,,,,,,의학교육·의료대학·보건정보,,없음,공용,B,실계정,,2026-08-05T07:56:01+09:00,,,E1 공개 웹 후보·Instagram 직접 확인,0,,Leiden University Faculty of Medicine 및 LUMC 공식 프로필과 네덜란드 Leiden 주소 및 의학교육 하이라이트를 확인해 해외 메디컬 인접 계정으로 분류
tamuhealth,Texas A&M Health,해외 메디컬 인접 계정,미국,5502,935,,,,,,대학 보건의료교육·건강정보,,없음,공용,B,실계정,,2026-08-05T07:56:01+09:00,,,E1 공개 웹 후보·Instagram 직접 확인,0,,Texas A&M Health 공식 프로필과 미국 Texas 주소 및 보건의료교육 기관 소개를 확인해 해외 메디컬 인접 계정으로 분류
snuh_official,서울대학교병원 SNUH,국내 메디컬 인접 계정,한국,2.9만,1682,,,,,,의료·건강정보·대학병원,,없음,공용,B,실계정,,2026-08-05T08:01:21+09:00,,,E1 공개 웹 후보·Instagram 직접 확인,0,,서울대학교병원 공식 인스타그램과 정확한 건강정보 소개 및 의료 및 건강 분류를 확인해 국내 메디컬 인접 계정으로 분류
kumedicine_guro,고대구로병원ㅣ공식 인스타그램,국내 메디컬 인접 계정,한국,6073,583,,,,,,대학병원·건강정보·의료소식,,없음,공용,B,실계정,,2026-08-05T08:01:21+09:00,,,E1 공개 웹 후보·Instagram 직접 확인,0,,고대구로병원 공식 프로필과 구로구 서울 주소 및 건강매거진·건강정보 하이라이트를 확인해 국내 메디컬 인접 계정으로 분류
inha_uh,인하대병원 공식 인스타그램,국내 메디컬 인접 계정,한국,1만,368,,,,,,대학병원·건강정보·병원소식,,없음,공용,B,실계정,,2026-08-05T08:01:21+09:00,,,E1 공개 웹 후보·Instagram 직접 확인,0,,인하대병원 공식 프로필과 건강정보·병원소식 소개 및 인천 주소를 확인해 국내 메디컬 인접 계정으로 분류
prhanyang,한양대학교병원,국내 메디컬 인접 계정,한국,668,248,,,,,,대학병원·건강·의료정보,,없음,공용,B,실계정,,2026-08-05T08:01:21+09:00,,,E1 공개 웹 후보·Instagram 직접 확인,0,,한양대학교병원 공식 인스타그램 소개와 hyumc.com 링크 및 의료정보 주의 안내를 확인해 국내 메디컬 인접 계정으로 분류
gangdong_kyunghee,강동경희대학교병원,국내 메디컬 인접 계정,한국,3199,441,,,,,,대학병원·헬스케어 매거진·건강정보,,없음,공용,B,실계정,,2026-08-05T08:01:21+09:00,,,E1 공개 웹 후보·Instagram 직접 확인,0,,강동경희대학교병원 공식 프로필과 헬스케어 매거진 소개 및 건강정보 콘텐츠 운영 신호를 확인해 국내 메디컬 인접 계정으로 분류
khmcpr,경희의료원 공식 계정,국내 메디컬 인접 계정,한국,1504,776,,,,,,대학병원·의료정보·건강정보,,없음,공용,B,실계정,,2026-08-05T08:15:48+09:00,,,E1 공개 웹 후보·Instagram 직접 확인,0,,경희의료원 공식 계정과 희귀·난치·중증질환 병원 소개 및 교수 건강정보 릴스를 확인해 국내 메디컬 인접 계정으로 분류
nmc_official,국립중앙의료원,국내 메디컬 인접 계정,한국,2426,361,,,,,,국가중심병원·의료·건강정보,,없음,공용,B,실계정,,2026-08-05T08:15:48+09:00,,,E1 공개 웹 후보·Instagram 직접 확인,0,,국립중앙의료원 공식 프로필과 국가중심병원 소개 및 소아장염·병원소식 건강정보 콘텐츠를 확인해 국내 메디컬 인접 계정으로 분류
komef_official,한국의료재단 종합검진센터(여의도IFC) 공식 인스타그램,국내 메디컬 인접 계정,한국,2050,288,,,,,,건강검진센터·종합검진·의료관광,,없음,공용,B,실계정,,2026-08-05T08:15:48+09:00,,,E1 공개 웹 후보·Instagram 직접 확인,0,,한국의료재단 종합검진센터 공식 프로필과 서울 여의도 주소·검진 프로그램 링크 및 건강검진 하이라이트를 확인해 국내 메디컬 인접 계정으로 분류
cmcsvincent,가톨릭대학교 성빈센트병원,국내 메디컬 인접 계정,한국,624,95,,,,,,대학병원·환자안내·병원소식,,없음,공용,B,실계정,,2026-08-05T08:15:48+09:00,,,E1 공개 웹 후보·Instagram 직접 확인,0,,가톨릭대학교 성빈센트병원 공식 프로필과 최상의 진료·치유 소개 및 공식 유튜브 링크를 확인해 국내 메디컬 인접 계정으로 분류
wellness_gn,강남웰니스건강검진센터,국내 메디컬 인접 계정,한국,68,123,,,,,,건강검진센터·내과·웰니스,,없음,공용,B,실계정,,2026-08-05T08:15:48+09:00,,,E1 공개 웹 후보·Instagram 직접 확인,0,,강남웰니스건강검진센터 공식 프로필과 국가검진·종합검진·내과진료 소개 및 병원소개·진료시간 하이라이트를 확인해 국내 메디컬 인접 계정으로 분류
chosunich.official,조선대학교병원 | Chosun university hospital,국내 메디컬 인접 계정,한국,1.1만,366,,,,,,대학병원·의료정보·병원소식,,없음,공용,B,실계정,,2026-08-05T08:15:48+09:00,,,E1 공개 웹 후보·Instagram 직접 확인,0,,조선대학교병원 공식 프로필과 광주 소재 대학병원 소개 및 Doctors·Guide·Information 하이라이트를 확인해 국내 메디컬 인접 계정으로 분류
eva.pharma,EVA Pharma,해외 메디컬 인접 계정,미상,11.6만,1131,,,,,,제약·의약품·건강정보,,없음,공용,B,실계정,,2026-08-05T08:23:56+09:00,,,E1 공개 웹 후보·Instagram 직접 확인,0,,EVA Pharma 공식 프로필과 제약 카테고리·건강과 웰빙을 위한 의약품 기업 소개 및 공식 웹사이트 링크를 확인해 해외 메디컬 인접 계정으로 분류
ipsforg,IPSF - International Pharmaceutical Students’ Federation.,해외 메디컬 인접 계정,네덜란드,2.6만,2183,,,,,,약학교육·약학대학생·국제보건,,없음,공용,B,실계정,,2026-08-05T08:23:56+09:00,,,E1 공개 웹 후보·Instagram 직접 확인,0,,국제 약학학생연맹 공식 프로필과 The Hague 주소 및 약학대학생 글로벌 커뮤니티·교육·옹호 소개를 확인해 해외 메디컬 인접 계정으로 분류
ashpofficial,ASHP,해외 메디컬 인접 계정,미국,1.6만,1666,,,,,,약사전문단체·병원약학·의료교육,,없음,공용,B,실계정,,2026-08-05T08:23:56+09:00,,,E1 공개 웹 후보·Instagram 직접 확인,0,,ASHP 공식 프로필과 Pharmacists Advancing Healthcare 소개 및 Bethesda 주소·공식 링크를 확인해 해외 메디컬 인접 계정으로 분류
healthcaredistrict,Health Care District of Palm Beach County,해외 메디컬 인접 계정,미국,2000,1315,,,,,,공공의료·지역보건·의료접근,,없음,공용,B,실계정,,2026-08-05T08:23:56+09:00,,,E1 공개 웹 후보·Instagram 직접 확인,0,,Palm Beach County 지역보건기관 공식 프로필과 안전망 의료체계·의료접근 소개 및 Florida 주소를 확인해 해외 메디컬 인접 계정으로 분류
um_radyfhs,Rady Faculty of Health Sciences,해외 메디컬 인접 계정,캐나다,5146,1137,,,,,,보건의료교육·대학·의학교육,,없음,공용,B,실계정,,2026-08-05T08:23:56+09:00,,,E1 공개 웹 후보·Instagram 직접 확인,0,,University of Manitoba Rady Faculty of Health Sciences 공식 프로필과 보건의료대학 소개 및 교육 링크를 확인해 해외 메디컬 인접 계정으로 분류
monadnockcommunityhospital,Monadnock Community Hospital,해외 메디컬 인접 계정,미국,317,814,,,,,,지역병원·환자정보·건강교육,,없음,공용,B,실계정,,2026-08-05T08:23:56+09:00,,,E1 공개 웹 후보·Instagram 직접 확인,0,,Monadnock Community Hospital 공식 프로필과 1923년부터의 비영리 지역병원 소개 및 공식 웹사이트 링크를 확인해 해외 메디컬 인접 계정으로 분류
ucpharmacy,UC College of Pharmacy,해외 메디컬 인접 계정,미국,919,142,,,,,,약학교육·약학연구·PharmD,,없음,공용,B,실계정,,2026-08-05T08:32:55+09:00,,,E1 공개 웹 후보·Instagram 직접 확인,0,,UC James L. Winkle College of Pharmacy 공식 프로필과 University of Cincinnati 주소·PharmD·암 연구·약학 교육 게시물을 확인해 해외 메디컬 인접 계정으로 분류
uncpharmacy,Eshelman School of Pharmacy,해외 메디컬 인접 계정,미국,5391,1730,,,,,,약학교육·약학연구·약사전문성,,없음,공용,B,실계정,,2026-08-05T08:32:55+09:00,,,E1 공개 웹 후보·Instagram 직접 확인,0,,UNC Eshelman School of Pharmacy 공식 프로필과 공식 계정 설명·약학 교육·연구 게시물을 확인해 해외 메디컬 인접 계정으로 분류
uclsopsu,UCL SoP Society,해외 메디컬 인접 계정,영국,1455,172,,,,,,약학교육·약학대학생·학생사회,,없음,공용,B,실계정,,2026-08-05T08:32:55+09:00,,,E1 공개 웹 후보·Instagram 직접 확인,0,,UCL School of Pharmacy Society 공식 프로필과 UCL 약학대학 학과 사회·약학대학생 커뮤니티 소개를 확인해 해외 메디컬 인접 계정으로 분류
fmhs_uoa,Faculty of Medical and Health Sciences UoA,해외 메디컬 인접 계정,뉴질랜드,3781,814,,,,,,의과대학·보건의료교육·의료연구,,없음,공용,B,실계정,,2026-08-05T08:32:55+09:00,,,E1 공개 웹 후보·Instagram 직접 확인,0,,University of Auckland Faculty of Medical and Health Sciences 공식 프로필과 Auckland 주소·의과대학 및 보건의료교육 소개를 확인해 해외 메디컬 인접 계정으로 분류
cauhospital,중앙대학교의료원,국내 메디컬 인접 계정,한국,1834,352,,,,,,의료원·대학병원·건강정보,,없음,공용,B,실계정,,2026-08-05T08:45:50+09:00,,,E1 공개 웹 후보·Instagram 직접 확인,0,,중앙대학교의료원 공식 계정과 병원 공식 소개를 직접 확인해 국내 메디컬 인접 계정으로 분류
kumedicine_official,고려대학교병원,국내 메디컬 인접 계정,한국,1.8만,908,,,,,,대학병원·미래의학·의료정보,,없음,공용,B,실계정,,2026-08-05T08:45:50+09:00,,,E1 공개 웹 후보·Instagram 직접 확인,0,,고려대학교병원 공식 계정과 미래의학·의료정보 소개를 직접 확인해 국내 메디컬 인접 계정으로 분류
ajoumc_,아주대학교병원,국내 메디컬 인접 계정,한국,2699,1042,,,,,,대학병원·건강상식·의료정보,,없음,공용,B,실계정,,2026-08-05T08:45:50+09:00,,,E1 공개 웹 후보·Instagram 직접 확인,0,,아주대학교병원 공식 계정과 건강 상식 제공·병원 게시물 공개 신호를 직접 확인해 국내 메디컬 인접 계정으로 분류
cnuh_official,전남대학교병원,국내 메디컬 인접 계정,한국,2680,712,,,,,,대학병원·의료정보·병원소식,,없음,공용,B,실계정,,2026-08-05T08:45:50+09:00,,,E1 공개 웹 후보·Instagram 직접 확인,0,,전남대학교병원 공식 계정과 광주 본원 주소·의료정보·병원소식 공개 신호를 직접 확인해 국내 메디컬 인접 계정으로 분류
dongsan_1899,계명대학교 동산병원,국내 메디컬 인접 계정,한국,5510,355,,,,,,병원·대학병원·건강정보,,없음,공용,B,실계정,,2026-08-05T08:54:25+09:00,,,E1 공개 웹 후보·Instagram 직접 확인,0,,계명대학교 동산병원 공식 계정과 미래 의료·병원 공식 소개를 직접 확인해 국내 메디컬 인접 계정으로 분류
kyuh.ac.kr,건양대학교병원,국내 메디컬 인접 계정,한국,1559,298,,,,,,대학병원·건강강좌·병원소식,,없음,공용,B,실계정,,2026-08-05T08:54:25+09:00,,,E1 공개 웹 후보·Instagram 직접 확인,0,,건양대학교병원 공식 계정과 건강강좌·병원소식·공식 유튜브 소개를 직접 확인해 국내 메디컬 인접 계정으로 분류
humc_health,한림대의료원,국내 메디컬 인접 계정,한국,2.1만,211,,,,,,의료원·의료연구·건강정보,,없음,공용,B,실계정,,2026-08-05T08:54:25+09:00,,,E1 공개 웹 후보·Instagram 직접 확인,0,,한림대학교의료원 공식 계정과 의료연구·건강정보·병원소식 게시물 공개 신호를 직접 확인해 국내 메디컬 인접 계정으로 분류
kangnam_humc,한림대학교강남성심병원,국내 메디컬 인접 계정,한국,755,124,,,,,,병원·건강정보·병원소식,,없음,공용,B,실계정,,2026-08-05T08:54:25+09:00,,,E1 공개 웹 후보·Instagram 직접 확인,0,,한림대학교강남성심병원 공식 계정과 서울 주소·건강강좌·건강정보·병원소식 소개를 직접 확인해 국내 메디컬 인접 계정으로 분류
sam_hospital,효산의료재단 샘병원,국내 메디컬 인접 계정,한국,452,426,,,,,,병원·건강정보·진료안내,,없음,공용,B,실계정,,2026-08-05T09:03:09+09:00,,,E1 공개 웹 후보·Instagram 직접 확인,0,,효산의료재단 샘병원 공식 프로필과 병원·진료안내·건강정보 공개 게시물 신호를 직접 확인해 분류
hello_health_pr,국민건강보험 일산병원,국내 메디컬 인접 계정,한국,7657,2587,,,,,,공공병원·건강정보·병원소식,,없음,공용,B,실계정,,2026-08-05T09:03:09+09:00,,,E1 공개 웹 후보·Instagram 직접 확인,0,,국민건강보험 일산병원 공식 프로필과 의료 및 건강 분류·건강정보 게시물 공개 신호를 직접 확인해 분류
medicalkoreaofficial,Medical Korea,국내 메디컬 인접 계정,한국,3.5만,963,,,,,,의료서비스 홍보·의료관광,,없음,공용,B,실계정,,2026-08-05T09:03:09+09:00,,,E1 공개 웹 후보·Instagram 직접 확인,0,,Medical Korea 공식 기관 소개와 한국 의료서비스 홍보 공개 프로필을 직접 확인해 분류
anamhospital,고려대학교 안암병원 ｜공식 인스타그램,국내 메디컬 인접 계정,한국,2687,,,,,,,대학병원·건강정보·병원소식,,없음,공용,B,실계정,,2026-08-05T09:03:09+09:00,,,E1 공개 웹 후보·Instagram 직접 확인,0,,고려대학교 안암병원 공식 프로필명·대표전화·서울 주소 공개 신호와 건강정보 검색 결과를 확인해 분류
cnuh_01,충남대학교병원,국내 메디컬 인접 계정,한국,3905,1595,,,,,,병원·대학병원·의료정보,,없음,공용,B,실계정,,2026-08-05T09:16:47+09:00,,,E1 공개 웹 후보·Instagram 직접 확인,0,,충남대학교병원 공식 인스타그램 소개·대전 주소·공식 YouTube 링크를 직접 확인해 국내 메디컬 인접 계정으로 분류
kuansanhospital,고려대학교 안산병원 | 공식 인스타그램,국내 메디컬 인접 계정,한국,2990,439,,,,,,병원·대학병원·의학정보,,없음,공용,B,실계정,,2026-08-05T09:16:47+09:00,,,E1 공개 웹 후보·Instagram 직접 확인,0,,고려대학교 안산병원 공식 프로필·안산 공식 웹사이트 링크·병원뉴스·의학정보·강좌안내 하이라이트를 직접 확인해 분류
snubh_official,분당서울대학교병원,국내 메디컬 인접 계정,한국,5074,53,,,,,,대학병원·건강정보·의료 및 건강,,없음,공용,B,실계정,,2026-08-05T09:16:47+09:00,,,E1 공개 웹 후보·Instagram 직접 확인,0,,분당서울대학교병원 공식 페이지·의료 및 건강 분류·공식 linktr.ee 링크를 직접 확인해 분류
duquesnepharm,Duquesne School of Pharmacy,해외 메디컬 인접 계정,미국,3151,1095,,,,,,약학교육·PharmD·약사전문성,,없음,공용,B,실계정,,2026-08-05T09:26:14+09:00,,,E1 공개 웹 후보·Instagram 직접 확인,0,,Duquesne University School of Pharmacy 공식 계정 소개·Pittsburgh 주소·공식 linktr.ee 링크를 직접 확인해 분류
monashpharm,Monash Pharmacy and Pharmaceutical Sciences,해외 메디컬 인접 계정,호주,5857,1048,,,,,,약학·의약과학·약학교육,,없음,공용,B,실계정,,2026-08-05T09:26:14+09:00,,,E1 공개 웹 후보·Instagram 직접 확인,0,,Monash Pharmacy and Pharmaceutical Sciences 공식 계정·호주 주소·약학교육 하이라이트를 직접 확인해 분류
livunipharmacy,School of pharmacy and pharmaceutical sciences,해외 메디컬 인접 계정,영국,140,36,,,,,,약학교육·약학·MPharm,,없음,공용,B,실계정,,2026-08-05T09:26:14+09:00,,,E1 공개 웹 후보·Instagram 직접 확인,0,,University of Liverpool School of Pharmacy and Pharmaceutical Sciences 공식 계정·MPharm 소개·공식 과정 링크를 직접 확인해 분류
uwmadisonpharmacy,UW–Madison School of Pharmacy,해외 메디컬 인접 계정,미국,3529,921,,,,,,약학교육·PharmD·보건의료,,없음,공용,B,실계정,,2026-08-05T09:26:14+09:00,,,E1 공개 웹 후보·Instagram 직접 확인,0,,UW–Madison School of Pharmacy 공식 계정·PharmD·보건의료 소개·Madison 주소를 직접 확인해 분류
ucsfpharmacy,UCSF School of Pharmacy,해외 메디컬 인접 계정,미국,1163,225,,,,,,약학교육·약학연구·학생정보,,없음,공용,B,실계정,,2026-08-05T09:26:14+09:00,,,E1 공개 웹 후보·Instagram 직접 확인,0,,UCSF School of Pharmacy 공식 계정·학생·교직원·약학 커뮤니티 소개·공식 linktr.ee 링크를 직접 확인해 분류
taylorssop,Taylor's School of Pharmacy,해외 메디컬 인접 계정,말레이시아,825,190,,,,,,약학교육·Pharmacy·Pharmaceutical Sciences,,없음,공용,B,실계정,,2026-08-05T09:26:14+09:00,,,E1 공개 웹 후보·Instagram 직접 확인,0,,Taylor's School of Pharmacy 공식 계정·말레이시아 약학 학위 소개·공식 과정 링크를 직접 확인해 분류
mgm_pharmacy,MGM School of Pharmacy,해외 메디컬 인접 계정,인도,166,139,,,,,,약학교육·보건의료진로·Pharmacy,,없음,공용,B,실계정,,2026-08-05T09:31:57+09:00,,,E1 공개 웹 후보·Instagram 직접 확인,0,,MGM School of Pharmacy 공식 계정·Navi Mumbai 위치·글로벌 보건의료 진로 소개를 직접 확인해 분류
larkinuniversity,Larkin University,해외 메디컬 인접 계정,미국,1886,817,,,,,,약학교육·Biomedical Sciences·보건의료,,없음,공용,B,실계정,,2026-08-05T09:31:57+09:00,,,E1 공개 웹 후보·Instagram 직접 확인,0,,Larkin University College of Pharmacy·College of Biomedical Sciences 공식 계정 소개·Miami 주소·공식 링크를 직접 확인해 분류
unm_pharmacy,UNM Pharmacy,해외 메디컬 인접 계정,말레이시아,1753,660,,,,,,약학교육·BPharm·MPharm·보건과학,,없음,공용,B,실계정,,2026-08-05T09:31:57+09:00,,,E1 공개 웹 후보·Instagram 직접 확인,0,,University of Nottingham Malaysia School of Pharmacy 공식 계정·BPharm·MPharm·Pharm Health Sci 소개·공식 linktr.ee 링크를 직접 확인해 분류
rfupharmacy,Rosalind Franklin Pharmacy,해외 메디컬 인접 계정,미국,1593,732,,,,,,약학교육·PharmD·의학·보건과학,,없음,공용,B,실계정,,2026-08-05T09:31:57+09:00,,,E1 공개 웹 후보·Instagram 직접 확인,0,,Rosalind Franklin University College of Pharmacy 공식 계정·Medicine and Science 소개·North Chicago 주소·공식 링크를 직접 확인해 분류
masaryk_pharmacy,Faculty of Pharmacy MU,해외 메디컬 인접 계정,체코,1613,287,,,,,,약학교육·Pharmaceutical studies·BioPharma,,없음,공용,B,실계정,,2026-08-05T09:31:57+09:00,,,E1 공개 웹 후보·Instagram 직접 확인,0,,Masaryk University Faculty of Pharmacy 공식 계정·체코 Brno 주소·Pharmaceutical studies·BioPharma Hub 하이라이트를 직접 확인해 분류
cph_qu,College of Pharmacy,해외 메디컬 인접 계정,카타르,3257,982,,,,,,약학교육·Pharmacy·보건의료교육,,없음,공용,B,실계정,,2026-08-05T09:38:35+09:00,,,E1 공개 웹 후보·Instagram 직접 확인,0,,Qatar University College of Pharmacy 공식 계정·CCAPP 인증 문구·공식 pharmacy 링크를 직접 확인해 분류
_college_of_pharmacy_,College of Pharmacy,해외 메디컬 인접 계정,이라크,711,105,,,,,,약학교육·Pharmacy·대학,,없음,공용,B,실계정,,2026-08-05T09:38:35+09:00,,,E1 공개 웹 후보·Instagram 직접 확인,0,,Cihan University Erbil College of Pharmacy 공식 계정 소개와 2022년 이후 운영 문구를 직접 확인해 분류
college.of.pharmacy.aau,College of pharmacy (Pharmaholics Team),해외 메디컬 인접 계정,요르단,1054,162,,,,,,약학교육·Pharmacy·대학,,없음,공용,B,실계정,,2026-08-05T09:38:35+09:00,,,E1 공개 웹 후보·Instagram 직접 확인,0,,Amman Arab University College of Pharmacy 공식 계정·요르단 약학대학 소개·공식 링크를 직접 확인해 분류
tucapharmacy,Touro University California College of Pharmacy,해외 메디컬 인접 계정,미국,344,355,,,,,,약학교육·Pharmacy·보건의료교육,,없음,공용,B,실계정,,2026-08-05T09:38:35+09:00,,,E1 공개 웹 후보·Instagram 직접 확인,0,,Touro University California College of Pharmacy 공식 계정·학생 운영 문구·공식 pharmacy 과정 링크를 직접 확인해 분류
gawande_college_of_pharmacy,𝙂𝘾𝙊𝙋 𝙎𝘼𝙆𝙃𝘼𝙍𝙆𝙃𝙀𝙍𝘿𝘼,해외 메디컬 인접 계정,인도,689,31,,,,,,약학교육·DPharm·BPharm·MPharm,,없음,공용,B,실계정,,2026-08-05T09:38:35+09:00,,,E1 공개 웹 후보·Instagram 직접 확인,0,,Gawande College of Pharmacy 공식 계정·D.Pharm·B.Pharm·M.Pharm 교육 소개를 직접 확인해 분류
mbku_pharmadmissions,Marshall B. Ketchum University College of Pharmacy,해외 메디컬 인접 계정,미국,678,328,,,,,,약학교육·Pharmacy Admissions·보건의료,,없음,공용,B,실계정,,2026-08-05T09:38:35+09:00,,,E1 공개 웹 후보·Instagram 직접 확인,0,,Marshall B. Ketchum University College of Pharmacy Admissions 공식 계정·입학 안내·공식 linktr.ee 링크를 직접 확인해 분류
uod_college_of_pharmacy,UOD- college of pharmacy,해외 메디컬 인접 계정,이라크,1393,69,,,,,,약학교육·Pharmacy·대학,,없음,공용,B,실계정,,2026-08-05T09:38:35+09:00,,,E1 공개 웹 후보·Instagram 직접 확인,0,,UOD College of Pharmacy 공식 계정·pharmacy college 소개와 공식 계정 문구를 직접 확인해 분류
lbscp0239,laxmi bai sahu ji college of pharmacy,해외 메디컬 인접 계정,인도,129,27,,,,,,약학교육·Pharmacy Department·대학,,없음,공용,B,실계정,,2026-08-05T09:40:48+09:00,,,E1 공개 웹 후보·Instagram 직접 확인,0,,laxmi bai sahu ji college of pharmacy 공식 계정·Pharmacy Department 소개·공식 웹사이트 링크·입학 하이라이트를 직접 확인해 분류
usbukgu,울산북구,국내 메디컬 인접 계정,한국,2.8만,3579,,,,,,지방정부·공공건강·건강정보,없음,없음,공용,B,실계정,,2026-08-05T09:50:36+09:00,,,E1 공개 웹 후보·Instagram 직접 확인,0,,울산북구 공식 Instagram 프로필·공공 및 정부 기관 카테고리·공식 SNS 채널 문구·건강정보 게시물을 직접 확인해 국내 메디컬 인접 계정으로 분류
yesan_gun,예산군,국내 메디컬 인접 계정,한국,1.2만,2760,,,,,,지방정부·공공건강·건강정보,없음,없음,공용,B,실계정,,2026-08-05T09:50:36+09:00,,,E1 공개 웹 후보·Instagram 직접 확인,0,,예산군 공식 Instagram 프로필·예산군 공식 인스타그램 문구·건강정보 게시물 검색 노출을 직접 확인해 국내 메디컬 인접 계정으로 분류
donghae.city,동해시,국내 메디컬 인접 계정,한국,1.5만,2286,,,,,,지방정부·공공건강·건강정보,없음,없음,공용,B,실계정,,2026-08-05T09:50:36+09:00,,,E1 공개 웹 후보·Instagram 직접 확인,0,,동해시 공식 Instagram 프로필·정부 기관 카테고리·공식 계정 문구·건강정보 게시물 검색 노출을 직접 확인해 국내 메디컬 인접 계정으로 분류
haeundae_official,해운대구 Haeundae·Busan,국내 메디컬 인접 계정,한국,3만,3951,,,,,,지방정부·공공건강·건강정보,없음,없음,공용,B,실계정,,2026-08-05T09:50:36+09:00,,,E1 공개 웹 후보·Instagram 직접 확인,0,,해운대구 공식 Instagram 프로필·공식 계정 소개·건강정보 게시물 검색 노출을 직접 확인해 국내 메디컬 인접 계정으로 분류
wkuh_org,원광대학교병원,국내 메디컬 인접 계정,한국,1305,907,,,,,,대학병원·건강정보·공공보건,없음,없음,공용,B,실계정,,2026-08-05T10:02:33+09:00,,,E2 공개 검색 후보·Instagram 직접 확인,0,,원광대학교병원 공식 Instagram 프로필·공식 YouTube 링크·뇌졸중 예방법 및 대처 릴스·퇴원환자 지역사회 연계사업 게시물을 직접 확인해 국내 메디컬 인접 계정으로 분류
ulsan_uuh,울산대학교병원 공식 계정,국내 메디컬 인접 계정,한국,5881,368,,,,,,대학병원·건강정보·병원소식,없음,없음,공용,B,실계정,,2026-08-05T10:02:33+09:00,,,E2 공개 검색 후보·Instagram 직접 확인,0,,울산대학교병원 공식 Instagram 프로필·병원 카테고리·공식 계정 문구·잠복 결핵 및 약제급여 적정성 평가 게시물을 직접 확인해 국내 메디컬 인접 계정으로 분류
eumc_in,이화여자대학교 의료원,국내 메디컬 인접 계정,한국,1934,115,,,,,,의료원·건강정보·병원소식,없음,없음,공용,B,실계정,,2026-08-05T10:02:33+09:00,,,E2 공개 검색 후보·Instagram 직접 확인,0,,이화여자대학교 의료원 공식 Instagram 프로필·건강·뷰티 카테고리·공식 YouTube 링크·건강한 변화 소개를 직접 확인해 국내 메디컬 인접 계정으로 분류
csuh_official,조선대학교병원ㅣChosun University Hospital,국내 메디컬 인접 계정,한국,4382,792,,,,,,대학병원·건강정보·병원소식,없음,없음,공용,B,실계정,,2026-08-05T10:02:33+09:00,,,E2 공개 검색 후보·Instagram 직접 확인,0,,조선대학교병원 공식 Instagram 프로필·병원 카테고리·건강 정보 하이라이트·가족 여행 건강수칙 릴스를 직접 확인해 국내 메디컬 인접 계정으로 분류
himchanhospital,힘찬병원,국내 메디컬 인접 계정,한국,2166,1037,,,,,,종합병원·정형외과·관절건강,없음,없음,공용,B,실계정,,2026-08-05T10:09:21+09:00,,,E2 공개 검색 후보·Instagram 직접 확인,0,,힘찬병원 공식 Instagram 프로필·다수 지역 병원 소개·퇴행성 무릎 관절염과 무릎 건강 운동법 게시물을 직접 확인해 국내 메디컬 인접 계정으로 분류
urispine,서울우리병원,국내 메디컬 인접 계정,한국,132,37,,,,,,척추·관절·신경외과·정형외과,없음,없음,공용,B,실계정,,2026-08-05T10:09:21+09:00,,,E2 공개 검색 후보·Instagram 직접 확인,0,,서울우리병원 공식 Instagram 프로필·척추 관절 중점진료 문구·신경외과 정형외과 소개·공식 병원 웹사이트 링크를 직접 확인해 국내 메디컬 인접 계정으로 분류
dreamhosp,드림종합병원,국내 메디컬 인접 계정,한국,1388,301,,,,,,종합병원·건강증진·진료안내,없음,없음,공용,B,실계정,,2026-08-05T10:09:21+09:00,,,E2 공개 검색 후보·Instagram 직접 확인,0,,드림종합병원 공식 Instagram 프로필·병원 카테고리·공식 계정 문구·건강증진센터 및 진료안내 하이라이트를 직접 확인해 국내 메디컬 인접 계정으로 분류
goodhospitals,은성의료재단 좋은병원들,국내 메디컬 인접 계정,한국,2531,2046,,,,,,병원 네트워크·공공건강·지역사회,없음,없음,공용,B,실계정,,2026-08-05T10:09:21+09:00,,,E2 공개 검색 후보·Instagram 직접 확인,0,,은성의료재단 좋은병원들 공식 Instagram 프로필·병원 카테고리·환자 중심 의료서비스·건강 꿀팁·지역사회 나눔 문구를 직접 확인해 국내 메디컬 인접 계정으로 분류
ud_dental,유디톡🦷💬_유디치과 공식 계정,국내 메디컬 인접 계정,한국,13000,,,,,,,치과 네트워크·구강건강·치과 진료,없음,없음,공용,B,실계정,,2026-08-05T10:22:28+09:00,,,E2 공개 검색 후보·Instagram 직접 확인,0,,전국 106개 유디치과 공식 계정 문구·유디치과 공식 웹사이트 링크·유디케어캠페인 및 진료 관련 하이라이트를 직접 확인해 국내 메디컬 인접 계정으로 분류
minish_dental.hospital,미니쉬치과병원,국내 메디컬 인접 계정,한국,20000,,,,,,,치과병원·치아복구·심미치료·임상정보,없음,없음,공용,B,실계정,,2026-08-05T10:22:28+09:00,,,E2 공개 검색 후보·Instagram 직접 확인,0,,미니쉬치과병원 공식 Instagram 프로필·치아복구 솔루션·20만 임상케이스 문구·병원 네이버 플레이스 링크·DOCTORS 및 NEWS 하이라이트를 직접 확인해 국내 메디컬 인접 계정으로 분류
segyero_dental,세계로치과병원,국내 메디컬 인접 계정,한국,1562,,,,,,,치과병원·임플란트·라미네이트·디지털치과,없음,없음,공용,B,실계정,,2026-08-05T10:22:28+09:00,,,E2 공개 검색 후보·Instagram 직접 확인,0,,세계로치과병원 공식 Instagram 프로필·임플란트 연구개발·디지털치과 교육·진료안내 및 라이브서저리 하이라이트를 직접 확인해 국내 메디컬 인접 계정으로 분류
baro2dc,바로이치과,국내 메디컬 인접 계정,한국,675,,,,,,,치과·임플란트·보철·지역병원,없음,없음,공용,B,실계정,,2026-08-05T10:22:28+09:00,,,E2 공개 검색 후보·Instagram 직접 확인,0,,군포 산본 바로이치과 공식 Instagram 프로필·서울대 출신 전문의 책임진료 문구·자체기공소·예약 및 진료 안내 하이라이트·공식 웹사이트 링크를 직접 확인해 국내 메디컬 인접 계정으로 분류
yoshanchuen,행신 코리아약국,국내 메디컬 인접 계정,한국,3021,,,,,,,약국·지역건강·약국 콘텐츠,없음,없음,공용,B,실계정,,2026-08-05T10:36:51+09:00,,,E2 공개 검색 후보·Instagram 직접 확인,0,,코리아약국·행신코리아약국 해시태그·코리아약국 공식 계정 링크·공식 YouTube 링크를 직접 확인해 국내 메디컬 인접 계정으로 분류
korea_pharmacy,코리아약국,국내 메디컬 인접 계정,한국,999,,,,,,,약국·지역건강·건강정보,없음,없음,공용,B,실계정,,2026-08-05T10:36:51+09:00,,,E2 공개 검색 후보·Instagram 직접 확인,0,,코리아약국 공식 Instagram 프로필·건강한 웃음이 가득한 코리아약국 소개·약국 게시물과 릴스를 직접 확인해 국내 메디컬 인접 계정으로 분류
nids_korea,한국의료기기안전정보원,국내 메디컬 인접 계정,한국,1526,,,,,,,의료기기·환자안전·공공건강,없음,없음,공용,B,실계정,,2026-08-05T10:43:11+09:00,,,E2 공개 검색 후보·Instagram 직접 확인,0,,한국의료기기안전정보원 공식 Instagram 프로필·공식 홈페이지 링크·NIDS NEWS·NIDS PICK·의료기기 안전정보 하이라이트를 직접 확인해 국내 메디컬 인접 계정으로 분류
hello_khidi,한국보건산업진흥원,국내 메디컬 인접 계정,한국,14000,,,,,,,바이오헬스·보건산업·공공건강,없음,없음,공용,B,실계정,,2026-08-05T10:43:11+09:00,,,E2 공개 검색 후보·Instagram 직접 확인,0,,한국보건산업진흥원 공식 Instagram 프로필·바이오헬스 산업 및 건강강국 소개 문구·KHIDI 해시태그·공식 Linktree 링크를 직접 확인해 국내 메디컬 인접 계정으로 분류
jwtalk_official,JW 공식 인스타그램,국내 메디컬 인접 계정,한국,6777,,,,,,,제약·헬스케어·건강정보,없음,없음,공용,B,실계정,,2026-08-05T10:48:47+09:00,,,E2 공개 검색 후보·Instagram 직접 확인,0,,JW 공식 Instagram 프로필·헬스케어 리더 소개·공식 링크·건강 정보 및 헬스피디아 하이라이트를 직접 확인해 국내 메디컬 인접 계정으로 분류
hanwhapharm_official,한화제약,국내 메디컬 인접 계정,한국,397,,,,,,,제약·건강기능식품·건강정보,없음,없음,공용,B,실계정,,2026-08-05T10:48:47+09:00,,,E2 공개 검색 후보·Instagram 직접 확인,0,,한화제약 공식 Instagram 프로필·공식 계정 문구·건강 관련 제품 계정 링크와 공개 하이라이트를 직접 확인해 국내 메디컬 인접 계정으로 분류
hanshinmedipia,한신메디피아·서초구검진센터·기업검진·국가검진,국내 메디컬 인접 계정,한국,5937,305,,,,,,의료 및 건강,없음,없음,공용,B,실계정,,2026-08-05T11:00:48+09:00,,,E2 공개 검색 후보·Instagram 직접 확인,0,,한신메디피아 공식 Instagram 프로필·건강검진센터·기업검진·국가검진 명시·AI검진·국가검진 하이라이트와 공식 링크를 직접 확인해 국내 메디컬 인접 계정으로 분류
amc_seoul_health,서울아산병원 건강증진센터,국내 메디컬 인접 계정,한국,399,87,,,,,,건강증진센터·병원건강검진,없음,없음,공용,B,실계정,,2026-08-05T11:14:38+09:00,,,E2 공개 검색 후보·Instagram 직접 확인,0,,서울아산병원 건강증진센터 공식 Instagram 프로필·공식 건강정보 링크·건강검진센터 소개·공개 검진 안내 게시물을 직접 확인해 국내 메디컬 인접 계정으로 분류
wiltse_suwon,윌스기념병원,국내 메디컬 인접 계정,한국,83,177,,,,,,종합병원·정형외과·건강증진센터,없음,없음,공용,B,실계정,,2026-08-05T11:14:38+09:00,,,E2 공개 검색 후보·Instagram 직접 확인,0,,윌스기념병원 공식 Instagram 프로필·2차 종합병원·24시간 응급실 문구·공식 홈페이지 링크·건강검진센터와 생활 건강정보 게시물을 직접 확인해 국내 메디컬 인접 계정으로 분류
seoulteamdoctor,서울 국가대표재활의학과,국내 메디컬 인접 계정,한국,809,236,,,,,,재활의학과·정형외과·건강정보,없음,없음,공용,B,실계정,,2026-08-05T11:22:06+09:00,,,E2 공개 웹 검색 후보·Instagram 직접 확인,0,,서울 국가대표재활의학과 공식 Instagram 프로필·재활의학과·정형외과·잠실 진료 안내·네이버 예약 링크를 직접 확인해 국내 메디컬 인접 계정으로 분류
rehart_official,리하트병원·의정부 재활병원,국내 메디컬 인접 계정,한국,1452,513,,,,,,재활병원·재활치료·건강정보,없음,없음,공용,B,실계정,,2026-08-05T11:22:06+09:00,,,E2 공개 웹 검색 후보·Instagram 직접 확인,0,,리하트병원 공식 Instagram 프로필·의정부 재활병원 소개·공식 홈페이지 링크·물리치료사 및 재활치료 공개 게시물을 직접 확인해 국내 메디컬 인접 계정으로 분류
cnchospital,씨엔씨재활의학과병원,국내 메디컬 인접 계정,한국,444,294,,,,,,재활의학과병원·뇌졸중·뇌성마비·건강정보,없음,없음,공용,B,실계정,,2026-08-05T11:22:06+09:00,,,E2 공개 웹 검색 후보·Instagram 직접 확인,0,,씨엔씨재활의학과병원 공식 Instagram 프로필·충북 재활병원 소개·뇌졸중·뇌성마비 진료 신호·공식 링크를 직접 확인해 국내 메디컬 인접 계정으로 분류
