주제ID,주제,진입각도,카테고리,관련증상·성분,국내사용횟수,최고배수,대표영상URL,최근사용일,소진도,논쟁성(상·중·하),약사권위활용도(상·중·하),제품연결가능성,배정가능인물,상태,사람검토,사람메모
TOPIC-PHARMACY-ALTERNATIVE-001,약국템 대체 비교,유명 제품보다 나은 대체품은?,의약품·약국템,비판텐·판테놀케어·노스카나·스카힐골드·라미실·바르지오·알보칠·페리덱스·후시딘·마데카솔·바세린·큐립,1,19.26,https://www.instagram.com/oyakstory/reel/DbVMg0nvMtU/,2026-08-04,미측정,중,상,높음,오약·공용,후보,,최고배수 보정(2026-08-06): 국내사용횟수 1건의 대표영상URL DbVMg0nvMtU에서 배수 19.26 확인
TOPIC-SKIN-PHARMACY-001,약국 피부템 6가지,약사가 실제로 쓰는 피부 고민별 선택,피부·뷰티,선크림·PDRN·덱스판테놀·세비타비겔·아젤리아·히드로퀴논·비타민K,1,,https://www.instagram.com/eunha__yak/reel/C7RB_JTvmgE/,2026-08-04,미측정,중,상,높음,김주성·선영·공용,후보,,
TOPIC-FOOD-CARB-001,여름 음식 탄수화물,건강해 보이는 음식도 양과 형태를 먼저 봐야 할까?,건강·식단·대사,미숫가루·수박주스·묵사발·콩국수·총탄수화물·식후걷기,1,2.25,https://www.instagram.com/o2yaksa/reel/Dbk8KBVJyCA/,2026-08-04,미측정,중,상,높음,김주성·선영·공용,후보,,최고배수 보정(2026-08-06): 국내사용횟수 1건의 대표영상URL Dbk8KBVJyCA에서 배수 2.25 확인
TOPIC-COLLAGEN-CHOICE-001,콜라겐 제품 선택 기준,콜라겐은 함량·근거·기간을 보고 골라야 할까?,건강·뷰티·영양제,가수분해 콜라겐 펩타이드·함량·인체적용시험·비타민C·단백질,1,0.89,https://www.instagram.com/o2yaksa/reel/Dbf5N-aJT8k/,2026-08-04,미측정,중,상,높음,김주성·선영·공용,후보,,최고배수 보정(2026-08-06): 국내사용횟수 1건의 대표영상URL Dbf5N-aJT8k에서 배수 0.89 확인
TOPIC-SKIN-BASE-3-001,비타민C·PDRN·레티놀 기본 3가지,40대 이후 피부 루틴은 성분을 줄여야 할까?,피부·뷰티·항노화,비타민C·PDRN·레티놀·피부 탄력·색소,1,,https://www.instagram.com/o2yaksa/reel/DQG2kA5CQUB/,2026-08-04,미측정,중,상,높음,선영·김주성·공용,후보,,공개 프로필 그리드 캡션에서 주제 확인; 영상 세부 검토 대기
TOPIC-NUTRIENT-LABEL-001,영양제 라벨 뒷면 읽기,앞면 숫자보다 1일 섭취량과 실제 기능성분을 봐야 할까?,영양제·건강기능식품,1일 섭취량·EPA·DHA·원료 브랜드·제형,1,,https://www.instagram.com/o2yaksa/reel/DbGBam_prvS/,2026-08-04,미측정,중,상,높음,김주성·오약·공용,후보,,공개 프로필 그리드 캡션에서 주제 확인; 영상 세부 검토 대기
TOPIC-CHILD-SLEEP-001,아이 연령별 수면시간,우리 아이 나이에 맞는 수면시간과 낮잠 횟수는?,육아·수면·영양제,4~12개월·1~2세·3~5세·6~12세·13~18세·낮잠,1,10.84,https://www.instagram.com/eunha__yak/reel/DbkpReKMuCV/,2026-08-04,미측정,중,상,높음,선영·김주성·공용,후보,,최고배수 보정(2026-08-06): 국내사용횟수 1건의 대표영상URL DbkpReKMuCV에서 배수 10.84 확인
TOPIC-CHILD-SUPPLEMENT-STAGE-001,아이 영양제 성장 시기별 선택,필수 성분과 선택 성분을 나이별로 어떻게 나눌까?,육아·영양제·성장,유산균·비타민D·철분·미네랄·오메가3·종합비타민·아르기닌,1,0.77,https://www.instagram.com/eunha__yak/reel/DbVUOJ2M37H/,2026-08-04,미측정,중,상,높음,선영·김주성·공용,후보,,최고배수 보정(2026-08-06): 국내사용횟수 1건의 대표영상URL DbVUOJ2M37H에서 배수 0.77 확인
TOPIC-ADOLESCENT-ACNE-3STEP-001,청소년 여드름 3단계 관리,먹는 것·씻는 것·바르는 것을 어떤 순서로 관리할까?,피부·청소년건강,오메가3·비타민C·비타민D·AHA·BHA·보습·여드름,1,,https://www.instagram.com/on.yaksa/reel/DbUlNd3JArt/,2026-08-04,미측정,중,상,높음,선영·김주성·공용,후보,,
TOPIC-GLP1-NUTRIENT-MUSCLE-001,GLP1 사용 중 근육·영양 관리,체중 감량 중 단백질과 영양소를 어떻게 지킬까?,건강·대사·영양제,마운자로·GLP1·단백질·오메가3·종합비타민·식이섬유·비타민D·K2,1,,https://www.instagram.com/on.yaksa/reel/DbCXdVZvtB6/,2026-08-04,미측정,중,상,높음,김주성·선영·공용,후보,,
TOPIC-ANTIBIOTIC-PROBIOTIC-001,아이 항생제와 유산균 병용,항생제와 유산균은 같이 먹어도 될까? 간격은 얼마일까?,육아건강·약물안전,항생제·유산균·LGG·사카로미세스·2시간 간격·설사,1,,https://www.instagram.com/joy_pharm1212/reel/DaEa-5EPIED/,2026-08-04,미측정,중,상,높음,선영·김주성·공용,후보,,
TOPIC-MENSTRUAL-SUPPLEMENT-001,생리통 영양 관리,진통제 전에 마그네슘·오메가3·비타민D를 확인할까?,여성건강·영양제,생리통·마그네슘·오메가3·비타민D·염증·자궁근육,1,,https://www.instagram.com/joy_pharm1212/reel/DY5x7zvvdn2/,2026-08-04,미측정,중,상,높음,선영·김주성·공용,후보,,
TOPIC-CHILD-VITAMINC-001,아이 비타민C가 필요한 상황,비염·코피·채소 기피·가족 흡연 상황에서 무엇을 확인할까?,육아건강·영양제,비타민C·비염·코피·군것질·채소·간접흡연,1,0.34,https://www.instagram.com/oneul_pharmacy/reel/DbOB-dYJcjF/,2026-08-04,미측정,중,상,높음,선영·김주성·공용,후보,,최고배수 보정(2026-08-06): 국내사용횟수 1건의 대표영상URL DbOB-dYJcjF에서 배수 0.34 확인
TOPIC-SMOKE-VITAMINC-001,가족 흡연과 아이 영양 신호,간접흡연 가정에서 아이의 피로·식욕·피부 신호를 어떻게 볼까?,육아건강·영양제,간접흡연·비타민C·감기·피로·식욕·잇몸·멍,1,0.08,https://www.instagram.com/oneul_pharmacy/reel/DbLjWOzJem8/,2026-08-04,미측정,중,상,높음,선영·김주성·공용,후보,,최고배수 보정(2026-08-06): 국내사용횟수 1건의 대표영상URL DbLjWOzJem8에서 배수 0.08 확인
TOPIC-MEDICATION-MISTAKES-001,약국에서 반복되는 복약 실수,감기약·변비약·연고·가글·항생제·비강 스프레이에서 무엇을 조심할까?,의약품·약물안전,덱시부프로펜·락툴로오스·항생제·비강 스프레이·냉장보관·가글,1,0.72,https://www.instagram.com/gangnam_kimyaksa/reel/DbLF0Ttv03N/,2026-08-04,미측정,중,상,중,김주성·오약·선영·공용,후보,,최고배수 보정(2026-08-06): 국내사용횟수 1건의 대표영상URL DbLF0Ttv03N에서 배수 0.72 확인
TOPIC-MOSQUITO-BITE-CARE-001,모기 물림 약국 대처,모기 물렸을 때 민간요법 대신 무엇부터 할까?,피부·약물안전,항히스타민제·하이드로코르티손·냉찜질·봉와직염,1,0.71,https://www.instagram.com/ej_yaksa/reel/DbkuslGTffo/,2026-08-04,미측정,중,상,중,김주성·오약·선영·공용,후보,,최고배수 보정(2026-08-06): 국내사용횟수 1건의 대표영상URL DbkuslGTffo에서 배수 0.71 확인
TOPIC-INFANT-HEAT-RASH-001,아기 땀띠 약국 관리,아기 땀띠에 스테로이드부터 바르기 전 무엇을 확인할까?,육아건강·피부,칼라민·덱스판테놀·스테로이드 연고·땀띠,1,1.16,https://www.instagram.com/ej_yaksa/reel/DbVcEs9z-2I/,2026-08-04,미측정,중,상,중,김주성·오약·선영·공용,후보,,최고배수 보정(2026-08-06): 국내사용횟수 1건의 대표영상URL DbVcEs9z-2I에서 배수 1.16 확인
TOPIC-SPONSORED-INGREDIENT-CHECK-001,광고 표기 후 성분표 비교,협찬·광고 콘텐츠에서도 성분표와 효능 주장을 어떻게 구분해 볼까?,식품·영양제·광고,성분표·첨가제·NAD+·세놀리틱·효능 주장,2,,https://www.instagram.com/yak.golnam/reel/DZZQhMXPvb3/,2026-08-04,미측정,상,중,높음,김주성·오약·선영·공용,후보,,
TOPIC-ESSENTIAL-SUPPLEMENTS-TOP3-001,필수 영양제 TOP3,직장인·수험생이 먼저 확인할 기본 영양제 3개는 무엇일까?,영양제·직장인건강,비타민D·유산균·오메가3·섭취 용량·복용 방법,1,1.57,https://www.instagram.com/hisutamine/reel/DbNyslZPO3J/,2026-08-04,미측정,중,상,중,김주성·오약·선영·공용,후보,,최고배수 보정(2026-08-06): 국내사용횟수 1건의 대표영상URL DbNyslZPO3J에서 배수 1.57 확인
TOPIC-PROTEIN-SHAKE-LABEL-001,단백질 쉐이크 라벨 해부,단백질 함량만 보지 말고 성분·가격·맛까지 어떻게 비교할까?,식품·제품비교·다이어트,단백질·순탄수화물·당류·분리대두단백·식물성크림,1,,https://www.instagram.com/hisutamine/reel/Da_sX41Ppuc/,2026-08-04,미측정,중,상,높음,김주성·오약·선영·공용,후보,,
TOPIC-EYE-DROPS-TIER-001,약국 인공눈물 티어표,눈 건조와 렌즈 사용 상황에서 약국 인공눈물을 어떻게 비교할까?,의약품·약국템·안구건조,인공눈물·보습·무방부제·렌즈,1,43.1,https://www.instagram.com/yak.golnam/reel/DWDzUvgD_2C/,2026-08-04,미측정,중,상,높음,김주성·오약·선영·공용,후보,,최고배수 보정(2026-08-06): 국내사용횟수 1건의 대표영상URL DWDzUvgD_2C에서 배수 43.1 확인
TOPIC-MAGNESIUM-COUNSEL-001,마그네슘 복용 상담,마그네슘의 역할과 복용 주의사항을 어떻게 쉽게 설명할까?,영양제·직장인건강,마그네슘·효소 반응·위장장애·복용 상담,1,184.03,https://www.instagram.com/yak.golnam/reel/DQVrXaRj9DL/,2026-08-04,미측정,중,상,중,김주성·오약·선영·공용,후보,,최고배수 보정(2026-08-06): 국내사용횟수 1건의 대표영상URL DQVrXaRj9DL에서 배수 184.03 확인
TOPIC-NIGHT-SWELLING-001,야식 후 붓기 체크,야식 뒤 붓기와 염증 신호를 생활 체크리스트로 어떻게 구분할까?,건강·식단·대사,붓기·염증·야식·식단 관리,1,252.26,https://www.instagram.com/yak.golnam/reel/DM1n7fpPOGI/,2026-08-04,미측정,상,상,중,김주성·오약·선영·공용,후보,,최고배수 보정(2026-08-06): 국내사용횟수 1건의 대표영상URL DM1n7fpPOGI에서 배수 252.26 확인
TOPIC-SLEEP-HABITS-TOP5-001,수면 습관 TOP5,수면의 질을 떨어뜨리는 습관과 복약 주의를 어떻게 짧게 전달할까?,생활습관·수면,수면·수면제·음주·역류성 식도염·수면무호흡,1,2.72,https://www.instagram.com/yak.golnam/reel/DaCX_gfP0PA/,2026-08-04,미측정,중,상,중,김주성·오약·선영·공용,후보,,최고배수 보정(2026-08-06): 국내사용횟수 1건의 대표영상URL DaCX_gfP0PA에서 배수 2.72 확인
TOPIC-ALCOHOL-BREAK-001,한 달 금주 변화,금주를 시작했을 때 수면과 식습관 변화를 어떻게 기록하게 할까?,생활습관·대사,금주·야식·수면·뱃살·피부·소비,1,1.07,https://www.instagram.com/yak.golnam/reel/DYvu6oCvV6O/,2026-08-04,미측정,중,중,중,김주성·오약·선영·공용,후보,,최고배수 보정(2026-08-06): 국내사용횟수 1건의 대표영상URL DYvu6oCvV6O에서 배수 1.07 확인
TOPIC-ADHD-TRAITS-001,ADHD 특성 재해석,ADHD 특성을 진단으로 단정하지 않으면서 자기비난을 어떻게 낮출까?,정신건강·생활습관,ADHD·벼락치기·몰입·시작 지연,1,0.83,https://www.instagram.com/yak.golnam/reel/DYoVRRLvfpp/,2026-08-04,미측정,상,중,낮음,김주성·오약·선영·공용,후보,,최고배수 보정(2026-08-06): 국내사용횟수 1건의 대표영상URL DYoVRRLvfpp에서 배수 0.83 확인
TOPIC-HEALTH-SIGNS-CHECK-001,건강 신호 체크리스트,일상 신호와 진료가 필요한 신호를 어떻게 구분해 안내할까?,건강·자가점검,혈류·신장·탈수·혈압·기립성 저혈압,1,36.71,https://www.instagram.com/yak.golnam/reel/DYYc-TSvPwG/,2026-08-04,미측정,상,상,낮음,김주성·오약·선영·공용,후보,,최고배수 보정(2026-08-06): 국내사용횟수 1건의 대표영상URL DYYc-TSvPwG에서 배수 36.71 확인
TOPIC-MENSTRUAL-PAIN-TIER-001,생리통약 티어표,통증 유형과 상황에 따라 생리통약 선택 기준을 어떻게 비교할까?,여성건강·의약품,생리통·진통제·탁센·아세트아미노펜,1,9.24,https://www.instagram.com/jessi_yaksa/reel/DbngSZoAnr_/,2026-08-04,미측정,상,상,높음,선영·김주성·오약·공용,후보,,최고배수 보정(2026-08-06): 국내사용횟수 1건의 대표영상URL DbngSZoAnr_에서 배수 9.24 확인
TOPIC-PIGMENTATION-INGREDIENT-001,색소침착 성분 비교,색소침착 제품을 성분과 약국 상담 정보로 어떻게 비교할까?,피부·뷰티,색소침착·미백·나이아신아마이드·자외선차단,1,3.07,https://www.instagram.com/jessi_yaksa/reel/Dbk3oOzBX1X,2026-08-04,미측정,중,상,높음,선영·김주성·오약·공용,후보,,최고배수 보정(2026-08-06): 국내사용횟수 1건의 대표영상URL Dbk3oOzBX1X에서 배수 3.07 확인
TOPIC-SYMPTOM-SUPPLEMENT-COMBOS-001,증상별 영양제 조합,증상 질문을 제품 추천보다 먼저 제시하려면 어떻게 분류할까?,영양제·증상관리,피로·수면·눈 피로·장 건강·여성건강,1,,https://www.instagram.com/jessi_yaksa/reel/DbcN6jJwjJO,2026-08-04,미측정,중,상,높음,선영·김주성·오약·공용,후보,,
TOPIC-MENSTRUAL-3STEP-001,생리통 3단계 대처,생리통이 시작된 직후 확인할 행동 순서를 어떻게 안내할까?,여성건강·생활습관,생리통·온찜질·진통제·출혈,1,1,https://www.instagram.com/jessi_yaksa/reel/DbaaTn4hUvF,2026-08-04,미측정,상,상,높음,선영·김주성·오약·공용,후보,,최고배수 보정(2026-08-06): 국내사용횟수 1건의 대표영상URL DbaaTn4hUvF에서 배수 1 확인
TOPIC-ORGANIC-SUNSCREEN-TOP5-001,유기자차 선크림 TOP5,유기자차 제품을 성분과 사용감 기준으로 어떻게 비교할까?,피부·뷰티,자외선차단·유기자차·민감성피부·백탁,1,1.5,https://www.instagram.com/jessi_yaksa/reel/DbIRYqqxuHe,2026-08-04,미측정,중,상,높음,선영·김주성·오약·공용,후보,,최고배수 보정(2026-08-06): 국내사용횟수 1건의 대표영상URL DbIRYqqxuHe에서 배수 1.5 확인
TOPIC-HANGOVER-MISTAKES-001,숙취 때 피할 행동 5가지,숙취 상황의 약물안전 실수와 대체 행동을 어떻게 함께 보여줄까?,음주·약물안전,숙취·해장·진통제·수분보충,1,,https://www.instagram.com/jessi_yaksa/reel/DbFt3HARR7_,2026-08-04,미측정,상,상,중간,선영·김주성·오약·공용,후보,,
TOPIC-TRAVEL-MED-KIT-001,여행 상비약 체크리스트,여행지에서 약을 구하기 어려울 때 무엇을 준비할까?,약물안전·여행건강,여행·상비약·진통제·해열제·항히스타민제,1,,https://www.instagram.com/medimantv/p/DbRqt7dgKsn/,2026-08-04,미측정,중,상,높음,김주성·오약·선영·공용,후보,,
TOPIC-BERBERINE-MYTHS-001,베르베린 3대 괴담,베르베린 복용 오해와 실제 복용 주의를 어떻게 구분할까?,영양제·대사,베르베린·고지혈증약·금기·휴지기·흡수율,1,,https://www.instagram.com/medimantv/p/DZEcYBMEtNx/,2026-08-04,미측정,상,상,중간,김주성·오약·선영·공용,후보,,
TOPIC-MAGNESIUM-CHOICE-001,해외 마그네슘 선택 기준,흡수율보다 부작용과 가성비를 어떻게 비교할까?,영양제·제품비교,마그네슘·흡수율·위장장애·가성비·글리신산·시트르산,1,,https://www.instagram.com/medimantv/p/DYMLFvmll8a/,2026-08-04,미측정,중,상,높음,김주성·오약·선영·공용,후보,,
TOPIC-OMEGA3-GROUPBUY-001,초임계 오메가3 공동구매,공동구매 콘텐츠에서 함량·순도와 광고 표기를 어떻게 보여줄까?,영양제·광고,오메가3·초임계·순도·함량·공동구매,1,,https://www.instagram.com/medimantv/p/DbmVYg9H0UJ/,2026-08-04,미측정,상,상,높음,김주성·오약·선영·공용,후보,,
TOPIC-LIPOSOME-Q10-GROUPBUY-001,리포좀씨큐텐 공동구매 마감,공동구매 마감 임박을 제품 섭취 권장과 함께 어떻게 보여줄까?,영양제·광고,리포좀씨큐텐·코엔자임Q10·공동구매·마감,1,,https://www.instagram.com/yakstory119/p/DbnhRjhE-WW/,2026-08-04,미측정,상,상,높음,김주성·오약·선영·공용,후보,,
TOPIC-LONGTERM-NUTRIENT-WARNING-001,장기복용 영양제 점검,오래 먹을 때 위험한 영양제와 효용이 낮을 수 있는 보충제를 어떻게 구분할까?,영양제·약물안전,영양제 장기복용·가르시니아·비타민B6·나이아신·홍국·루테인·유산균,1,1.96,https://www.instagram.com/yakstory119/reel/Dbhd2X_T553/,2026-08-04,미측정,상,상,높음,김주성·오약·선영·공용,후보,,최고배수 보정(2026-08-06): 국내사용횟수 1건의 대표영상URL Dbhd2X_T553에서 배수 1.96 확인
TOPIC-LIVER-SUPPLEMENT-COMPOSITION-001,간영양제 구성 기준,간 회복·해독·담즙 흐름·염증 조절 기전과 제품 선택을 어떻게 연결할까?,영양제·약물안전·제품비교,간영양제·밀크씨슬·글루타치온·TUDCA·커큐민·아티초크,1,1.83,https://www.instagram.com/yakstory119/reel/DbZvtDUTK5H/,2026-08-04,미측정,상,상,높음,김주성·오약·선영·공용,후보,,최고배수 보정(2026-08-06): 국내사용횟수 1건의 대표영상URL DbZvtDUTK5H에서 배수 1.83 확인
TOPIC-BERBERINE-BLOOD-SUGAR-001,베르베린 혈당 조절 기전,베르베린의 다섯 가지 작용을 혈당과 대사 주제로 어떻게 풀어낼까?,영양제·대사,베르베린·혈당·인슐린 민감도·콜레스테롤·혈압,1,,https://www.instagram.com/yakstory119/p/DbST1XmEznT/,2026-08-04,미측정,상,상,높음,김주성·오약·선영·공용,후보,,
TOPIC-OTC-MEDICINE-QUIZ-001,상비약 7문항 퀴즈,일반약 이름과 복용 간격을 퀴즈로 어떻게 기억하게 할까?,약물안전·일반약,상비약·둘코락스에스·알마겔·아세트아미노펜·알레그라·스멕타·노스카나,1,,https://www.instagram.com/little_yaksa/reel/DbnHipfyF7W/,2026-08-04,미측정,상,상,높음,김주성·오약·선영·공용,후보,,
TOPIC-PROTEIN-CHICKEN-RANKING-001,다이어트 치킨 단백질 순위,같은 열량에서 단백질이 높은 치킨을 어떻게 비교할까?,식단·다이어트·제품비교,치킨·단백질·열량·가공식품·다이어트,1,,https://www.instagram.com/little_yaksa/reel/DbkgnVNS6bg/,2026-08-04,미측정,중,상,높음,김주성·오약·선영·공용,후보,,
TOPIC-SUPPLEMENT-TIMETABLE-001,영양제 복용 시간표,성분별 섭취 시간과 제품별 예외를 어떻게 한눈에 보여줄까?,영양제·약물안전,영양제 시간표·유산균·비타민B·코큐텐·오메가3·칼슘·마그네슘,1,,https://www.instagram.com/little_yaksa/reel/DbSfZrqykJw/,2026-08-04,미측정,상,상,높음,김주성·오약·선영·공용,후보,,
TOPIC-DAISO-SUPPLEMENT-BUY-001,다이소 영양제 사요 안 사요,원료·영양성분·가격 기준으로 구매 권장과 보류 제품을 어떻게 나눌까?,영양제·제품비교,다이소·단백질·홍삼·가르시니아·유산균·가성비,1,,https://www.instagram.com/little_yaksa/reel/DbaNtSpS8Jj/,2026-08-04,미측정,상,상,높음,김주성·오약·선영·공용,후보,,
TOPIC-GLP1-WEGOVY-MOUNJARO-COMPARE-001,위고비 마운자로 선택 비교,체중감량·부작용·장기데이터·가격 기준으로 두 약을 어떻게 비교할까?,약물안전·다이어트,위고비·마운자로·GLP-1·GIP·체중감량·부작용,1,2.18,https://www.instagram.com/yaksa__bubu/reel/DbkMb9DvqfU/,2026-08-03,미측정,중,상,높음,김주성·오약·선영·공용,후보,,최고배수 보정(2026-08-06): 국내사용횟수 1건의 대표영상URL DbkMb9DvqfU에서 배수 2.18 확인
TOPIC-CHILD-IRON-HABITS-001,아이 철분 부족 5가지 습관,식습관·항생제·우유·활동량을 다섯 가지로 어떻게 점검할까?,육아·영양제,철분·어린이·우유·항생제·비헴철·집중력,1,26.93,https://www.instagram.com/yaksa__bubu/reel/DbkyEcwvaxM/,2026-08-03,미측정,상,상,높음,선영·김주성·공용,후보,,최고배수 보정(2026-08-06): 국내사용횟수 1건의 대표영상URL DbkyEcwvaxM에서 배수 26.93 확인
TOPIC-CHILD-WATERPLAY-ESSENTIALS-001,아이 물놀이 건강 필수품 4가지,물놀이 전후 화상·피부·탈수·자외선 대비를 무엇으로 준비할까?,육아·피부·약물안전,화상연고·보습크림·ORS·자외선차단·물놀이,1,1.15,https://www.instagram.com/yaksa__bubu/reel/DbiSJXbPT5q/,2026-08-02,미측정,중,상,높음,선영·오약·공용,후보,,최고배수 보정(2026-08-06): 국내사용횟수 1건의 대표영상URL DbiSJXbPT5q에서 배수 1.15 확인
TOPIC-IRON-DOSE-TEST-001,철분제 피검사 전후 복용 기준,저용량과 고용량 철분제를 언제 검사와 함께 판단할까?,영양제·약물안전,철분·피검사·페리틴·저용량·고용량·임신,1,,https://www.instagram.com/yaksa__bubu/p/Dbj31StTY5W/,2026-08-03,미측정,상,상,높음,김주성·오약·선영·공용,후보,,
TOPIC-OMEGA3-DOSE-LADDER-001,오메가3 연령·목적별 용량 사다리,어린이·성인·적극적 관리 목적별로 EPA+DHA 용량을 어떻게 나눠 설명할까?,영양제·약물안전,오메가3·EPA·DHA·중성지방·출혈경향성·어린이,1,,https://www.instagram.com/bbubbu_yaksa/p/DbjzceJvqpf/,2026-08-04,미측정,중,상,높음,김주성·오약·선영·공용,후보,,
TOPIC-HEALTHCHECK-SUPPLEMENT-ROUTING-001,건강검진 결과별 영양제 조합,콜레스테롤·혈압·빈혈 등 검진 결과를 영양제 조합과 상담 기준으로 어떻게 매핑할까?,영양제·약물안전·건강검진,콜레스테롤·혈압·당뇨전단계·빈혈·골밀도·베르베린,1,2.28,https://www.instagram.com/bbubbu_yaksa/reel/DbkhdoBRCC9/,2026-08-03,미측정,상,상,높음,김주성·오약·선영·공용,후보,,최고배수 보정(2026-08-06): 국내사용횟수 1건의 대표영상URL DbkhdoBRCC9에서 배수 2.28 확인
TOPIC-CHRONIC-INFLAMMATION-MEAL-SWAPS-001,만성염증을 줄이는 현실적인 식사 교체,평소 식사를 유지하면서 액상과당·가공식품을 줄이고 대체안을 어떻게 제시할까?,다이어트·영양·생활습관,액상과당·가공식품·식이섬유·단백질·걷기·수면,1,7.16,https://www.instagram.com/bbubbu_yaksa/reel/DbiWxYXSEZs/,2026-08-03,미측정,중,상,중간,김주성·오약·선영·공용,후보,,최고배수 보정(2026-08-06): 국내사용횟수 1건의 대표영상URL DbiWxYXSEZs에서 배수 7.16 확인
TOPIC-CHRONIC-INFLAMMATION-SYMPTOM-CHECK-001,만성염증 관련 증상 7개 체크,피로·건조·부종·소화 불편을 하나의 체크리스트로 점검하되 진단으로 단정하지 않으려면?,다이어트·생활습관,피로·체중·피부트러블·건조·부종·소화·두통,1,0.35,https://www.instagram.com/bbubbu_yaksa/reel/DbiZEY8vScA/,2026-08-02,미측정,상,상,중간,김주성·오약·선영·공용,후보,,최고배수 보정(2026-08-06): 국내사용횟수 1건의 대표영상URL DbiZEY8vScA에서 배수 0.35 확인
TOPIC-MENSTRUAL-PAIN-SUPPLEMENT-001,생리통 영양제 성분 순위,생리통 상황에서 오메가3·마그네슘·생강·철분 등 성분을 어떻게 비교할까?,여성건강·영양제,생리통·오메가3·마그네슘·생강·비타민D·철분·커큐민,1,,https://www.instagram.com/dasik.yaksa/p/DbnLUMED-eL/,2026-08-04,미측정,상,상,높음,김주성·오약·선영·공용,후보,,
TOPIC-EXERCISE-ADHERENCE-001,운동 결심이 실행되지 않을 때,운동을 미루는 현실적인 실패 경험을 어떻게 공감과 함께 인증하는 행동으로 바꿀까?,다이어트·생활습관,운동·체력·근력·다이어트·육아후 체력,1,,https://www.instagram.com/dasik.yaksa/p/Dbmi6qYD6qW/,2026-08-04,미측정,중,중,낮음,김주성·오약·선영·공용,후보,,
TOPIC-EXERCISE-RECOVERY-STACK-001,운동 후 회복 성분 조합,운동 후 수분·근육통·에너지 부족 상황에 어떤 성분을 어떻게 나눠 제시할까?,다이어트·영양·운동,ORS·마그네슘·아미노산·비타민B·운동회복·근육통,1,1.62,https://www.instagram.com/dasik.yaksa/reel/Dbjb3zqzswk/,2026-08-03,미측정,중,상,높음,김주성·오약·선영·공용,후보,,최고배수 보정(2026-08-06): 국내사용횟수 1건의 대표영상URL Dbjb3zqzswk에서 배수 1.62 확인
TOPIC-SUPPLEMENT-AD-CLAIMS-001,속기 쉬운 영양제 광고 문구,약사배합·약국입점·유산균·컴플렉스 같은 권위 신호를 구매 전 무엇으로 검증할까?,영양제·광고판별,약사배합·약국입점·유산균·컴플렉스·근거·성분확인,1,1.41,https://www.instagram.com/dasik.yaksa/reel/DbiDDBNPiZr/,2026-08-02,미측정,상,상,높음,김주성·오약·선영·공용,후보,,최고배수 보정(2026-08-06): 국내사용횟수 1건의 대표영상URL DbiDDBNPiZr에서 배수 1.41 확인
TOPIC-PERIOD-OVERNIGHT-PRODUCT-001,생리 첫날 오버나이트 사용 경험,12시간 숙면·누수 없음이라는 개인 경험을 생리용품 선택 정보와 어떻게 구분해 전달할까?,여성건강·생활용품,생리·오버나이트·사용후기·오드리선,1,,https://www.instagram.com/myo_yaksa/reel/DbnSe7bPVMK/,2026-08-04,미측정,중,중,높음,김주성·오약·선영·공용,후보,검토,개인 경험과 제품 성능을 구분해 사용 조건을 함께 제시
TOPIC-PERIOD-PANTS-SANITARY-SIZE-001,팬티형 생리대 사이즈·구매 혜택,공동구매 오픈 전에 사이즈·장점·할인·이벤트 조건을 구매자가 빠르게 비교하게 하려면?,여성건강·생활용품,생리대·팬티형·사이즈·할인·구매혜택,1,,https://www.instagram.com/myo_yaksa/p/DbmENNVjyHt/,2026-08-04,미측정,중,중,높음,김주성·오약·선영·공용,후보,검토,사이즈 표와 혜택 조건을 분리해 오인 구매를 줄임
TOPIC-PERIOD-SANITARY-LONGTERM-REVIEW-001,생리용품 장기사용 후기,4년 사용 경험을 제품 선택 이유와 구매 조건으로 연결할 때 개인 경험의 범위를 어떻게 지킬까?,여성건강·생활용품,생리·오드리선·4년사용·장기사용후기,1,1.26,https://www.instagram.com/myo_yaksa/reel/DbksfilvaHD/,2026-08-04,미측정,중,중,높음,김주성·오약·선영·공용,후보,검토,장기 사용 기간은 신뢰 신호로 쓰되 객관적 성능과 분리 | 최고배수 보정(2026-08-06): 국내사용횟수 1건의 대표영상URL DbksfilvaHD에서 배수 1.26 확인
TOPIC-EXTRA-VIRGIN-OLIVE-OIL-COOKING-001,엑스트라 버진 올리브오일 조리,발연점·산화 안정성 설명을 개인 의견 고지와 함께 생활 조리 판단 기준으로 전달할 수 있을까?,식품·생활건강,엑스트라버진·올리브오일·발연점·산화·조리,1,,https://www.instagram.com/myo_yaksa/p/DbfdNX5j4Qq/,2026-08-01,미측정,중,중,중,김주성·오약·선영·공용,후보,검토,식품 정보와 개인 의견을 구분하고 질환 효능으로 확대하지 않음
TOPIC-OMEGA3-RAW-MATERIAL-PURITY-001,오메가3 원료·함량·순도 확인,EPA+DHA 함량·원료 공급처·개별 포장·순도를 구매 전 체크리스트로 제시,영양제·엄마웰니스,오메가3·EPA·DHA·순도·개별포장·보관,1,0.88,https://www.instagram.com/slowpharmacy/reel/DbgVUFJh7-g/,2026-08-02,미조사,중,상,높음,김주성·오약·선영·공용,후보,검토,수치와 제품별 근거를 분리해 확인 | 최고배수 보정(2026-08-06): 국내사용횟수 1건의 대표영상URL DbgVUFJh7-g에서 배수 0.88 확인
TOPIC-FAMILY-CHEWABLE-OMEGA3-GROUPBUY-001,온가족 츄어블 오메가3 공동구매,마켓 기간·구매 방법·구매 인증·다박스 할인으로 가족용 제품 선택을 안내,영양제·엄마웰니스,온가족·츄어블·오메가3·마켓오픈·구매인증·할인,1,0.59,https://www.instagram.com/slowpharmacy/reel/DbRrVrvTpYn/,2026-07-27,미조사,중,상,높음,김주성·오약·선영·공용,후보,검토,구매 조건과 가족별 적합성을 구분 | 최고배수 보정(2026-08-06): 국내사용횟수 1건의 대표영상URL DbRrVrvTpYn에서 배수 0.59 확인
TOPIC-OMEGA3-COLD-SHIPPING-OPEN-001,오메가3 냉장배송·공동구매 오픈,오픈일·냉장배송·할인·이벤트 조건을 사전 카드로 비교,영양제·엄마웰니스,오메가3·오픈알림·냉장배송·공동구매·할인·이벤트,1,,https://www.instagram.com/slowpharmacy/p/DbKwu5UEVaH/,2026-07-24,미조사,중,중,높음,김주성·오약·선영·공용,후보,검토,배송·할인 조건의 적용 기간과 출처를 표시
TOPIC-CHILD-SUPPLEMENT-ROUTINE-29M-001,29개월 아이의 하원 후 영양제 루틴,연령·시간대·행동을 관찰해 보호자가 확인할 루틴 포인트를 제시,아이영양·엄마웰니스,29개월·아이영양·영양제루틴·하원후·약국,1,0.22,https://www.instagram.com/slowpharmacy/reel/Da-kxOehqHr/,2026-07-19,미조사,중,상,중,김주성·오약·선영·공용,후보,검토,루틴 관찰을 섭취 권장·효능 주장으로 일반화하지 않음 | 최고배수 보정(2026-08-06): 국내사용횟수 1건의 대표영상URL Da-kxOehqHr에서 배수 0.22 확인
TOPIC-HEATWAVE-HYDRATION-ENERGY-COMBINATION-001,폭염 수분·기력 보충 조합,폭염 상황에서 수분·아르기닌·마그네슘 제품을 약국템 조합으로 제시,생활건강·약상담,폭염·수분·아르기닌·마그네슘·피로,1,1.1,https://www.instagram.com/iam_yaksa/reel/DbniqwRz4jS/,2026-08-04,미조사,상,상,높음,김주성·오약·선영·공용,후보,검토,폭염 증상과 제품 조합을 의학적 진단으로 확대하지 않음 | 최고배수 보정(2026-08-06): 국내사용횟수 1건의 대표영상URL DbniqwRz4jS에서 배수 1.1 확인
TOPIC-LIPOSOMAL-VITAMINC-GROUPBUY-001,리포좀 비타민C 공동구매,"1,000mg 제품의 특징·연령별 용량·오픈 일정·구매 이벤트를 함께 안내",영양제·약상담,"리포좀·비타민C·1,000mg·연령별용량·공동구매",1,,https://www.instagram.com/iam_yaksa/p/DbmVwDsGSOK/,2026-08-04,미조사,중,상,높음,김주성·오약·선영·공용,후보,검토,용량·기간·이벤트 조건을 제품 표시와 함께 고지
TOPIC-VITAMINC-WHO-NEEDS-001,비타민C 섭취를 고려할 대상,비타민C의 핵심 목적과 섭취를 고려할 생활 상황을 구분해 설명,영양제·약상담,비타민C·항산화·피부·면역·만성피로,1,,https://www.instagram.com/iam_yaksa/p/Dbk7A3skS9Z/,2026-08-03,미조사,중,상,중,김주성·오약·선영·공용,후보,검토,광고 표기 없음; 질환 예방·치료 주장으로 확대하지 않음
TOPIC-VITAMINC-GIVEAWAY-OPEN-001,비타민C 나눔·오픈알림,댓글 참여·나눔·오픈 일정·구매 이벤트를 한 흐름으로 설계,영양제·약상담,비타민C·나눔·알림·공동구매·구매이벤트,1,,https://www.instagram.com/iam_yaksa/p/DbiZ40DEdI1/,2026-08-02,미조사,중,상,높음,김주성·오약·선영·공용,후보,검토,나눔·이벤트와 제품 효능을 혼동하지 않음
TOPIC-RAEL-WOMENS-PRODUCT-CATEGORY-001,라엘 여성용품 제품군·공동구매,생리대·라이너·오버나이트·탐폰·청결제·의료기기를 용도별로 비교,여성건강·생활용품,라엘·생리대·팬티라이너·오버나이트·탐폰·청결제·의료기기,1,,https://www.instagram.com/byak_yaksa/p/DbmVHPVmNfA/,2026-08-04,미조사,상,상,높음,김주성·오약·선영·공용,후보,검토,의료기기와 생리용품을 구분해 설명
TOPIC-SANITARY-STORAGE-ERROR-CORRECTION-001,생리대 보관 오정보 정정,문헌 검토로 이전 설명을 정정하고 습기 많은 보관 장소를 피하도록 안내,여성건강·생활안전,생리대·보관·습기·오정보정정·문헌검토,1,0.36,https://www.instagram.com/byak_yaksa/reel/DbnvjIkO2iS/,2026-08-04,미조사,중,상,중,김주성·오약·선영·공용,후보,검토,오류 인정·근거 공개·실천 기준을 연결 | 최고배수 보정(2026-08-06): 국내사용횟수 1건의 대표영상URL DbnvjIkO2iS에서 배수 0.36 확인
TOPIC-HORMONE-DAILY-MONTHLY-CYCLE-001,남녀 호르몬 일주기·월주기 비교,테스토스테론과 에스트로겐·프로게스테론의 주기 차이를 비교표로 설명,여성건강·약사교육,테스토스테론·에스트로겐·프로게스테론·생리주기·컨디션,1,,https://www.instagram.com/byak_yaksa/p/DbkmjYAmNlx/,2026-08-03,미조사,상,상,중,김주성·오약·선영·공용,후보,검토,성별 일반화·질환 진단으로 확대하지 않음
TOPIC-RAEL-GIVEAWAY-GROUPBUY-001,라엘 여성용품 선물·구매 혜택,댓글 선물·할인·구매자 오버나이트 증정으로 공동구매 참여를 유도,여성건강·생활용품,생리대·라엘·오버나이트·선물·할인·공동구매,1,0.46,https://www.instagram.com/byak_yaksa/reel/DbixYb4ROz7/,2026-08-03,미조사,중,상,높음,김주성·오약·선영·공용,후보,검토,이벤트·할인 조건을 효능 주장과 구분 | 최고배수 보정(2026-08-06): 국내사용횟수 1건의 대표영상URL DbixYb4ROz7에서 배수 0.46 확인
TOPIC-LIVER-UNHEALTHY-HABITS-5-001,간 건강을 해치는 생활 습관 5가지,술 외의 생활 습관을 체크리스트로 점검,건강·간·생활습관,과음·진통제·야식·운동·에너지드링크,1,,https://www.instagram.com/awesomeyaksa/reel/Dbh7e3SibuM/,2026-08-02,미조사,중,상,중,김주성·오약·선영·공용,후보,검토,
TOPIC-VITAMINC-AMPOULE-ABSORPTION-001,비타민C 앰플 흡수 루틴,3단계 사용 순서로 흡수 팁을 설명,피부·영양제,비타민C·앰플·흡수·사용순서,1,,https://www.instagram.com/awesomeyaksa/reel/Dbb5cE1y-kx/,2026-07-31,미조사,중,중,높음,선영·오약·공용,후보,검토,
TOPIC-VITAMINC-24PERCENT-MARKET-001,24% 비타민C 앰플 함량 업그레이드,15%에서 24%로 바뀐 함량과 마켓 기간을 비교,피부·영양제,비타민C·24%·15%·함량·최저가,1,,https://www.instagram.com/awesomeyaksa/p/DbZXpfJksw_/,2026-07-30,미조사,중,중,높음,선영·오약·공용,후보,검토,
TOPIC-DIET-ALCOHOL-CALORIE-COMPARE-001,다이어트 중 술 종류 비교,주요 술 종류를 다이어트 선택 기준으로 비교,다이어트·영양,소주·막걸리·와인·하이볼·위스키·열량,1,,https://www.instagram.com/awesomeyaksa/reel/DbW6PKSiPye/,2026-07-29,미조사,중,상,중,오약·선영·공용,후보,검토,
TOPIC-COSMETIC-MARKETING-METHODS-001,흔한 화장품 마케팅 방법,마케팅 표현을 소비자 판단 기준으로 해석,피부·건강상식,화장품·마케팅·피부·광고판별,1,1.04,https://www.instagram.com/donggong_yak/reel/DbmF-D_To9c/,2026-08-04,미조사,중,중,중,김주성·오약·선영·공용,후보,검토,최고배수 보정(2026-08-06): 국내사용횟수 1건의 대표영상URL DbmF-D_To9c에서 배수 1.04 확인
TOPIC-SKIN-ABSORPTION-QUESTION-001,손에 남지 않는 화장품의 피부 흡수,일상 질문에서 피부 흡수와 각질·기기 침투 한계를 설명,피부·건강상식,화장품·피부흡수·각질·피부장벽,1,1.17,https://www.instagram.com/donggong_yak/reel/Dbg8ZqUTag2/,2026-08-02,미조사,중,상,중,김주성·선영·공용,후보,검토,최고배수 보정(2026-08-06): 국내사용횟수 1건의 대표영상URL Dbg8ZqUTag2에서 배수 1.17 확인
TOPIC-SLEEP-QUALITY-SPONSORED-BOOK-001,수면의 질과 피로,수면 부족 고민을 책 정보와 수면의 질 개선으로 연결,수면·건강상식,수면·피로·수면의 질·생활습관,1,0.56,https://www.instagram.com/donggong_yak/reel/DbRflVwTvzf/,2026-07-27,미조사,중,상,중,김주성·오약·선영·공용,후보,검토,최고배수 보정(2026-08-06): 국내사용횟수 1건의 대표영상URL DbRflVwTvzf에서 배수 0.56 확인
TOPIC-MONAMI-153-BRAND-STORY-001,모나미 153 숫자 브랜드 스토리,개인 기억과 숫자 단서로 브랜드 의미를 퀴즈처럼 전달,브랜드·건강상식,모나미·153·브랜드·숫자·스토리,1,,https://www.instagram.com/donggong_yak/p/Da5B14-mrcO/,2026-07-17,미조사,중,중,중,김주성·오약·선영·공용,후보,검토,
TOPIC-SLEEP-SUPPLEMENT-DOSE-MATCH-001,증상별 수면 성분과 유효용량,입면·중간각성·잡생각 등 수면 문제를 성분과 용량 비교로 설명,수면·영양,멜라토닌·마그네슘·테아닌·GABA·감태추출물·수면,1,0.31,https://www.instagram.com/salt.yaksa/reel/Dbf1mJkzW5M/,2026-08-01,미조사,중,상,중,김주성·오약·선영·공용,후보,검토,최고배수 보정(2026-08-06): 국내사용횟수 1건의 대표영상URL Dbf1mJkzW5M에서 배수 0.31 확인; 최근사용일 보정(2026-08-06): 동일 대표영상의 contents.csv 게시일 2026-08-01
TOPIC-SKIN-AGING-5RISKS-001,피부 노화를 부르는 생활상황 5가지,생활습관을 순위로 제시하고 피부장벽·광노화와 연결,피부·건강상식,뜨거운 물·당독소·흡연·자외선·수면 부족·세라마이드·광노화,1,1.81,https://www.instagram.com/salt.yaksa/reel/Dbdb7Lyz3K-/,2026-07-31,미조사,중,상,중,김주성·오약·선영·공용,후보,검토,최고배수 보정(2026-08-06): 국내사용횟수 1건의 대표영상URL Dbdb7Lyz3K-에서 배수 1.81 확인; 최근사용일 보정(2026-08-06): 동일 대표영상의 contents.csv 게시일 2026-07-31
TOPIC-BURNOUT-SLEEP-RECOVERY-001,번아웃 회복과 저녁 루틴,번아웃 개인 경험을 생활요법·수면·영양제 루틴으로 연결,스트레스·수면·웰니스,번아웃·워커홀릭·암흑샤워·디지털차단·브레인덤프·테아닌·마그네슘·홍경천,1,4.9,https://www.instagram.com/salt.yaksa/reel/Dbasl3VTGLs/,2026-07-30,미조사,중,상,중,김주성·오약·선영·공용,후보,검토,최고배수 보정(2026-08-06): 국내사용횟수 1건의 대표영상URL Dbasl3VTGLs에서 배수 4.9 확인; 최근사용일 보정(2026-08-06): 동일 대표영상의 contents.csv 게시일 2026-07-30
TOPIC-FOOD-STORAGE-001,식품별 보관 위치와 식중독 예방,냉장이 항상 안전하지 않다는 오해를 식품별 보관 위치·온도와 3원칙으로 교정,생활건강·식품,감자·토마토·바나나·빵·양파·마늘·달걀·가공육·식중독·보관온도,1,1.5,https://www.instagram.com/bodoc_official/reel/DY4dbNcv_rA/,2026-05-28,미측정,중,상,낮음,김주성·오약·선영·공용,후보,검토,출처·수치·보관 3원칙이 명확한 F급 예외 후보. 식품 안전과 약 보관 정보로 확장 가능.
